L, a, b, x, y
202.87, 71.31, 185.56, 468.59, 456.60
202.51, 71.80, 184.99, 466.94, 455.19
202.50, 71.65, 184.97, 466.97, 455.21
201.95, 71.11, 185.53, 466.36, 454.63
202.06, 71.17, 185.38, 466.34, 454.58
202.18, 71.16, 185.42, 466.36, 454.47
202.27, 71.13, 185.46, 466.32, 454.41
202.28, 71.13, 185.52, 466.35, 454.31
202.29, 71.16, 185.51, 466.36, 454.32
202.14, 71.38, 185.31, 466.17, 454.38
202.10, 71.40, 185.29, 466.19, 454.41
203.79, 71.07, 185.96, 465.33, 455.57
203.81, 71.07, 185.96, 465.33, 455.57
208.51, 69.99, 187.03, 464.28, 456.39
208.54, 69.98, 187.04, 464.27, 456.37
210.80, 69.61, 187.80, 462.28, 457.96
210.80, 69.61, 187.80, 462.28, 457.96
210.56, 68.61, 187.91, 460.64, 458.57
210.56, 68.61, 187.91, 460.64, 458.57
210.51, 69.35, 187.44, 459.56, 458.43
210.52, 69.32, 187.43, 459.57, 458.46
210.30, 69.94, 186.76, 458.96, 458.68
210.39, 69.90, 186.80, 458.96, 458.68
210.75, 69.42, 187.26, 458.11, 458.89
210.84, 69.46, 187.21, 458.12, 458.92
210.80, 69.48, 187.34, 458.05, 459.02
210.89, 69.48, 187.32, 458.10, 459.00
210.71, 69.45, 187.37, 458.13, 459.03
210.86, 69.41, 187.32, 458.19, 459.04
210.76, 69.38, 187.36, 458.22, 459.05
210.75, 69.34, 187.38, 458.25, 459.05
210.74, 69.20, 187.47, 458.16, 459.06
210.74, 69.20, 187.46, 458.16, 459.06
210.65, 69.39, 187.31, 458.17, 459.24
210.65, 69.40, 187.30, 458.17, 459.24
211.00, 69.49, 186.83, 458.28, 459.86
211.00, 69.49, 186.79, 458.29, 459.89
210.51, 69.06, 187.07, 458.82, 459.85
210.50, 69.06, 187.08, 458.82, 459.85
210.21, 68.70, 187.76, 458.55, 459.90
210.21, 68.70, 187.76, 458.55, 459.90
210.21, 68.70, 187.76, 458.55, 459.90
210.21, 68.70, 187.76, 458.55, 459.90
210.21, 68.70, 187.76, 458.55, 459.90
210.21, 68.70, 187.76, 458.55, 459.90
210.20, 68.70, 187.76, 458.55, 459.90
210.20, 68.70, 187.76, 458.55, 459.90
210.19, 68.70, 187.76, 458.55, 459.90
210.18, 68.66, 187.76, 458.56, 459.93
210.07, 68.67, 187.77, 458.58, 459.89
210.09, 68.67, 187.76, 458.58, 459.89
210.05, 68.69, 187.78, 458.55, 459.87
210.06, 68.70, 187.77, 458.55, 459.87
211.05, 69.61, 187.15, 458.26, 459.84
211.04, 69.52, 187.14, 458.27, 459.87
210.21, 69.15, 187.79, 458.88, 460.64
210.23, 69.12, 187.82, 458.94, 460.67
210.82, 69.14, 187.93, 460.36, 461.25
210.75, 69.16, 187.91, 460.34, 461.31
211.38, 68.57, 188.66, 461.76, 460.90
211.38, 68.57, 188.66, 461.76, 460.90
210.86, 68.97, 187.77, 463.31, 460.60
210.86, 68.94, 187.82, 463.29, 460.61
210.92, 68.21, 188.58, 464.71, 460.23
210.91, 68.23, 188.58, 464.71, 460.23
211.24, 68.32, 188.61, 465.08, 460.28
211.22, 68.39, 188.57, 465.08, 460.28
211.35, 68.31, 188.65, 465.07, 460.29
211.66, 68.22, 188.64, 465.06, 460.29
211.63, 67.99, 188.73, 465.09, 460.33
211.68, 67.98, 188.74, 465.10, 460.33
211.63, 67.99, 188.73, 465.09, 460.33
211.68, 67.98, 188.74, 465.10, 460.33
211.63, 67.99, 188.73, 465.09, 460.33
211.64, 67.97, 188.74, 465.09, 460.33
211.24, 68.38, 188.53, 464.79, 460.26
211.24, 68.35, 188.55, 464.79, 460.25
210.96, 69.52, 187.50, 462.98, 459.02
211.04, 69.50, 187.53, 462.99, 459.03
211.42, 68.80, 188.16, 460.22, 457.08
211.41, 68.80, 188.16, 460.22, 457.08
210.70, 69.66, 187.56, 456.55, 452.91
210.70, 69.56, 187.56, 456.55, 452.98
211.05, 69.31, 187.75, 451.52, 447.96
210.94, 69.31, 187.73, 451.52, 448.05
210.49, 69.96, 187.09, 445.16, 442.50
210.47, 69.93, 187.04, 444.97, 442.64
210.19, 69.69, 187.28, 437.51, 435.87
210.20, 69.70, 187.27, 437.51, 435.87
210.21, 69.82, 186.58, 428.48, 429.81
210.26, 69.71, 186.65, 428.51, 429.80
209.87, 69.36, 186.73, 419.07, 422.90
209.88, 69.36, 186.73, 419.07, 422.90
210.15, 69.47, 186.86, 409.74, 416.82
210.15, 69.49, 186.86, 409.73, 416.85
210.84, 68.34, 187.73, 401.29, 411.06
210.84, 68.34, 187.73, 401.29, 411.06
210.37, 68.77, 187.33, 394.16, 405.62
210.37, 68.77, 187.33, 394.16, 405.62
209.90, 68.37, 187.70, 387.82, 401.34
209.90, 68.37, 187.70, 387.82, 401.34
210.32, 68.94, 187.04, 382.56, 397.39
210.31, 68.87, 187.04, 382.57, 397.41
209.89, 68.29, 187.55, 378.20, 394.97
209.88, 68.30, 187.55, 378.20, 394.97
210.14, 68.81, 187.20, 374.35, 392.85
210.14, 68.81, 187.20, 374.35, 392.85
209.91, 68.41, 187.52, 371.63, 390.94
209.91, 68.41, 187.52, 371.63, 390.94
210.05, 68.59, 187.07, 369.39, 389.95
210.05, 68.59, 187.07, 369.39, 389.95
209.86, 67.89, 187.89, 367.50, 389.30
209.88, 67.89, 187.89, 367.47, 389.32
210.02, 68.42, 187.35, 366.09, 389.34
210.02, 68.43, 187.33, 366.09, 389.34
210.39, 68.25, 187.51, 365.71, 389.17
210.41, 68.44, 187.39, 365.85, 389.03
210.32, 68.32, 187.48, 365.98, 389.05
210.33, 68.35, 187.46, 365.99, 389.06
210.53, 68.16, 187.68, 365.98, 389.06
210.96, 68.04, 187.73, 366.02, 389.09
211.01, 67.78, 187.94, 366.13, 389.07
210.99, 67.80, 187.88, 366.13, 389.07
211.01, 67.80, 187.89, 366.13, 389.07
211.06, 67.81, 187.89, 366.19, 389.04
210.96, 67.60, 188.24, 366.17, 389.10
210.96, 67.58, 188.26, 366.17, 389.10
210.96, 67.58, 188.26, 366.17, 389.10
211.12, 67.52, 188.31, 366.14, 389.01
210.92, 67.31, 188.47, 366.15, 388.95
210.92, 67.31, 188.47, 366.15, 388.95
210.92, 67.31, 188.47, 366.15, 388.95
211.05, 67.22, 188.44, 366.18, 388.88
211.05, 67.22, 188.45, 366.18, 388.88
211.10, 67.27, 188.47, 366.17, 388.88
210.86, 67.35, 188.37, 366.29, 388.86
211.11, 67.31, 188.45, 366.26, 388.78
211.00, 67.28, 188.46, 366.28, 388.80
211.11, 67.31, 188.44, 366.25, 388.79
210.91, 67.30, 188.56, 366.26, 388.78
210.95, 67.31, 188.58, 366.25, 388.79
210.95, 67.30, 188.58, 366.25, 388.79
210.95, 67.30, 188.60, 366.24, 388.79
210.94, 67.27, 188.62, 366.25, 388.78
211.03, 67.15, 188.66, 366.27, 388.76
210.99, 67.16, 188.68, 366.26, 388.77
210.94, 67.06, 188.74, 366.24, 388.77
210.87, 67.06, 188.75, 366.24, 388.77
210.96, 67.04, 188.70, 366.27, 388.78
210.95, 67.03, 188.71, 366.27, 388.78
211.06, 67.00, 188.76, 366.26, 388.77
211.01, 66.97, 188.80, 366.27, 388.78
211.04, 67.02, 188.69, 366.27, 388.82
211.03, 67.02, 188.69, 366.27, 388.82
211.02, 67.03, 188.67, 366.26, 388.79
210.95, 66.96, 188.77, 366.25, 388.78
210.87, 67.04, 188.73, 366.23, 388.79
210.91, 66.99, 188.75, 366.25, 388.76
210.91, 66.95, 188.77, 366.31, 388.71
211.25, 67.02, 188.67, 366.27, 388.72
211.25, 67.02, 188.67, 366.27, 388.72
211.25, 67.02, 188.67, 366.27, 388.72
211.25, 67.02, 188.67, 366.27, 388.72
211.25, 67.02, 188.67, 366.27, 388.72
211.25, 67.02, 188.67, 366.27, 388.72
211.25, 67.02, 188.67, 366.27, 388.72
211.25, 67.02, 188.67, 366.27, 388.72
211.25, 67.02, 188.67, 366.27, 388.72
211.26, 67.02, 188.67, 366.27, 388.72
211.29, 67.01, 188.68, 366.29, 388.72
211.29, 67.01, 188.68, 366.29, 388.72
211.27, 67.01, 188.68, 366.29, 388.72
211.22, 67.04, 188.66, 366.30, 388.70
211.30, 67.02, 188.67, 366.29, 388.72
211.30, 67.03, 188.67, 366.29, 388.72
211.29, 66.99, 188.68, 366.29, 388.72
211.20, 67.01, 188.68, 366.28, 388.73
211.21, 67.00, 188.69, 366.29, 388.72
211.22, 67.01, 188.68, 366.29, 388.72
211.25, 67.00, 188.70, 366.29, 388.71
211.31, 66.96, 188.67, 366.29, 388.71
211.35, 66.93, 188.67, 366.28, 388.70
211.36, 66.93, 188.67, 366.28, 388.70
211.35, 66.93, 188.67, 366.28, 388.70
211.54, 66.97, 188.59, 366.30, 388.71
211.43, 66.92, 188.66, 366.27, 388.71
211.42, 66.92, 188.66, 366.27, 388.71
211.42, 66.92, 188.66, 366.27, 388.71
211.65, 66.98, 188.41, 366.29, 388.70
211.15, 66.90, 188.48, 366.31, 388.66
211.15, 66.90, 188.48, 366.31, 388.66
211.15, 66.90, 188.48, 366.31, 388.66
211.18, 66.88, 188.47, 366.33, 388.68
211.17, 66.87, 188.47, 366.33, 388.68
211.10, 66.87, 188.48, 366.35, 388.66
211.10, 66.88, 188.49, 366.32, 388.71
211.09, 66.83, 188.50, 366.36, 388.69
211.09, 66.84, 188.50, 366.36, 388.69
211.12, 66.84, 188.51, 366.37, 388.68
211.09, 66.80, 188.56, 366.37, 388.68
211.05, 66.87, 188.45, 366.36, 388.75
210.98, 66.87, 188.44, 366.38, 388.72
210.96, 66.87, 188.45, 366.39, 388.72
211.02, 66.86, 188.45, 366.38, 388.74
211.05, 66.89, 188.42, 366.38, 388.72
211.12, 66.87, 188.44, 366.36, 388.74
211.07, 66.87, 188.47, 366.38, 388.72
211.15, 66.85, 188.49, 366.35, 388.74
211.08, 66.94, 188.40, 366.38, 388.71
211.26, 66.91, 188.44, 366.36, 388.75
211.30, 66.90, 188.49, 366.35, 388.75
211.22, 66.87, 188.50, 366.35, 388.75
211.25, 66.90, 188.45, 366.33, 388.79
211.26, 66.89, 188.46, 366.33, 388.79
211.38, 66.81, 188.54, 366.33, 388.78
211.34, 66.72, 188.65, 366.30, 388.82
211.33, 66.70, 188.62, 366.32, 388.80
211.32, 66.68, 188.65, 366.32, 388.81
211.18, 66.66, 188.63, 366.32, 388.82
210.83, 66.78, 188.46, 366.38, 388.76
210.83, 66.78, 188.46, 366.38, 388.76
210.83, 66.78, 188.46, 366.38, 388.76
210.83, 66.78, 188.46, 366.38, 388.76
210.83, 66.78, 188.46, 366.38, 388.76
210.83, 66.78, 188.46, 366.38, 388.76
210.83, 66.78, 188.46, 366.38, 388.76
210.83, 66.78, 188.46, 366.38, 388.76
210.83, 66.78, 188.46, 366.38, 388.76
210.84, 66.80, 188.44, 366.38, 388.77
210.84, 66.79, 188.45, 366.38, 388.76
210.89, 66.78, 188.46, 366.39, 388.76
210.91, 66.77, 188.50, 366.41, 388.74
210.89, 66.80, 188.48, 366.40, 388.75
210.84, 66.79, 188.48, 366.39, 388.75
210.86, 66.79, 188.48, 366.39, 388.75
210.85, 66.78, 188.49, 366.39, 388.75
211.01, 66.80, 188.43, 366.38, 388.81
211.08, 66.78, 188.45, 366.36, 388.81
211.05, 66.79, 188.44, 366.37, 388.81
211.06, 66.75, 188.50, 366.36, 388.81
211.12, 66.77, 188.44, 366.37, 388.78
211.08, 66.71, 188.53, 366.34, 388.76
211.08, 66.72, 188.52, 366.34, 388.76
211.08, 66.71, 188.53, 366.34, 388.76
211.13, 66.73, 188.54, 366.42, 388.76
211.11, 66.71, 188.53, 366.42, 388.79
211.12, 66.72, 188.53, 366.42, 388.79
211.11, 66.71, 188.53, 366.42, 388.79
211.10, 66.69, 188.57, 366.32, 388.76
210.83, 66.55, 188.77, 366.31, 388.80
210.83, 66.55, 188.77, 366.31, 388.80
210.83, 66.55, 188.77, 366.31, 388.80
210.81, 66.53, 188.78, 366.33, 388.80
210.80, 66.53, 188.78, 366.33, 388.80
210.90, 66.58, 188.73, 366.32, 388.83
210.81, 66.60, 188.69, 366.35, 388.76
210.66, 66.65, 188.58, 366.35, 388.76
210.73, 66.62, 188.60, 366.34, 388.78
210.75, 66.63, 188.61, 366.34, 388.78
210.75, 66.62, 188.62, 366.34, 388.78
210.77, 66.61, 188.64, 366.32, 388.82
210.76, 66.61, 188.63, 366.32, 388.82
210.69, 66.62, 188.63, 366.34, 388.80
210.77, 66.61, 188.64, 366.32, 388.82
210.86, 66.67, 188.58, 366.34, 388.80
210.86, 66.67, 188.58, 366.34, 388.80
210.73, 66.63, 188.62, 366.35, 388.77
210.73, 66.62, 188.64, 366.35, 388.77
210.81, 66.62, 188.62, 366.36, 388.74
210.80, 66.61, 188.62, 366.36, 388.74
210.93, 66.56, 188.67, 366.39, 388.71
210.92, 66.52, 188.69, 366.40, 388.71
210.99, 66.49, 188.75, 366.40, 388.70
210.99, 66.49, 188.75, 366.40, 388.70
211.00, 66.51, 188.73, 366.40, 388.66
210.91, 66.50, 188.73, 366.40, 388.66
211.08, 66.47, 188.76, 366.38, 388.70
211.12, 66.45, 188.79, 366.40, 388.71
211.09, 66.42, 188.77, 366.40, 388.73
211.00, 66.88, 188.51, 366.28, 388.85
211.00, 66.88, 188.51, 366.28, 388.85
211.00, 66.88, 188.51, 366.28, 388.85
211.00, 66.88, 188.51, 366.28, 388.85
211.00, 66.88, 188.51, 366.28, 388.85
211.03, 66.87, 188.52, 366.28, 388.85
211.03, 66.87, 188.52, 366.28, 388.85
211.03, 66.87, 188.52, 366.28, 388.85
211.03, 66.87, 188.52, 366.28, 388.85
211.07, 66.88, 188.51, 366.28, 388.85
211.06, 66.88, 188.52, 366.28, 388.85
211.05, 66.86, 188.53, 366.29, 388.84
211.04, 66.86, 188.53, 366.29, 388.84
211.06, 66.87, 188.52, 366.29, 388.84
211.07, 66.86, 188.52, 366.29, 388.84
211.09, 66.87, 188.52, 366.29, 388.84
211.08, 66.86, 188.52, 366.29, 388.84
211.15, 66.88, 188.48, 366.29, 388.84
211.10, 66.87, 188.50, 366.31, 388.84
211.11, 66.89, 188.48, 366.31, 388.84
211.11, 66.87, 188.51, 366.29, 388.84
211.31, 66.88, 188.48, 366.26, 388.85
211.13, 66.89, 188.46, 366.29, 388.87
211.13, 66.89, 188.46, 366.29, 388.87
211.13, 66.89, 188.46, 366.29, 388.87
211.02, 66.96, 188.40, 366.31, 388.88
210.98, 66.94, 188.42, 366.31, 388.85
211.08, 66.89, 188.45, 366.34, 388.82
211.07, 66.89, 188.45, 366.34, 388.82
211.32, 66.95, 188.31, 366.35, 388.83
211.20, 66.88, 188.43, 366.29, 388.86
211.20, 66.88, 188.43, 366.29, 388.86
211.20, 66.88, 188.43, 366.29, 388.86
211.16, 66.95, 188.40, 366.34, 388.82
211.16, 66.95, 188.40, 366.34, 388.82
211.11, 66.97, 188.40, 366.33, 388.84
211.06, 66.92, 188.42, 366.32, 388.86
210.92, 66.81, 188.38, 366.36, 388.89
210.92, 66.78, 188.36, 366.37, 388.87
210.91, 66.79, 188.34, 366.38, 388.87
210.93, 66.78, 188.36, 366.37, 388.87
211.03, 66.73, 188.42, 366.40, 388.85
211.02, 66.73, 188.42, 366.40, 388.85
211.03, 66.73, 188.42, 366.40, 388.85
210.98, 66.75, 188.41, 366.39, 388.84
211.00, 66.76, 188.40, 366.41, 388.82
210.99, 66.75, 188.41, 366.40, 388.82
210.94, 66.74, 188.41, 366.38, 388.84
210.95, 66.73, 188.43, 366.39, 388.84
211.15, 66.71, 188.42, 366.36, 388.84
211.15, 66.70, 188.41, 366.36, 388.84
211.06, 66.69, 188.44, 366.36, 388.85
211.05, 66.65, 188.47, 366.36, 388.87
211.15, 66.67, 188.43, 366.36, 388.87
211.15, 66.66, 188.46, 366.35, 388.87
211.15, 66.67, 188.44, 366.36, 388.83
211.27, 66.64, 188.46, 366.35, 388.85
211.21, 66.69, 188.41, 366.37, 388.87
211.24, 66.67, 188.43, 366.39, 388.86
211.33, 66.63, 188.50, 366.38, 388.87
210.73, 66.91, 188.49, 366.13, 389.10
210.71, 66.92, 188.48, 366.13, 389.08
210.73, 66.91, 188.49, 366.13, 389.10
210.73, 66.91, 188.49, 366.13, 389.10
210.73, 66.91, 188.49, 366.13, 389.10
210.74, 66.91, 188.49, 366.13, 389.10
210.75, 66.91, 188.49, 366.13, 389.10
210.72, 66.92, 188.48, 366.13, 389.11
210.76, 66.91, 188.49, 366.13, 389.10
210.73, 66.92, 188.48, 366.13, 389.11
210.72, 66.92, 188.48, 366.13, 389.11
210.72, 66.92, 188.48, 366.13, 389.11
210.75, 66.91, 188.49, 366.13, 389.10
210.79, 66.92, 188.46, 366.13, 389.10
210.81, 66.91, 188.49, 366.14, 389.10
210.83, 66.91, 188.47, 366.14, 389.10
210.81, 66.91, 188.49, 366.14, 389.10
210.79, 66.94, 188.44, 366.17, 389.05
210.78, 66.94, 188.45, 366.17, 389.05
210.78, 66.96, 188.43, 366.17, 389.05
210.86, 66.94, 188.45, 366.15, 389.08
210.91, 66.99, 188.43, 366.14, 389.10
210.88, 66.96, 188.42, 366.16, 389.08
210.89, 66.96, 188.42, 366.16, 389.08
210.87, 66.96, 188.42, 366.16, 389.08
210.92, 66.96, 188.44, 366.18, 389.09
210.90, 66.92, 188.47, 366.18, 389.09
210.80, 66.97, 188.43, 366.17, 389.10
210.84, 66.91, 188.50, 366.16, 389.12
210.96, 66.89, 188.51, 366.14, 389.09
210.92, 66.68, 188.75, 366.17, 389.05
210.92, 66.68, 188.75, 366.17, 389.05
210.92, 66.68, 188.75, 366.17, 389.05
211.14, 66.62, 188.82, 366.17, 389.00
211.13, 66.63, 188.82, 366.17, 389.00
211.15, 66.67, 188.77, 366.17, 388.99
211.10, 66.64, 188.83, 366.17, 388.99
210.97, 66.65, 188.85, 366.18, 388.98
210.99, 66.65, 188.84, 366.19, 388.96
210.97, 66.66, 188.82, 366.18, 388.98
211.06, 66.64, 188.85, 366.17, 388.98
211.02, 66.73, 188.71, 366.25, 388.88
211.09, 66.67, 188.75, 366.24, 388.92
211.13, 66.66, 188.76, 366.24, 388.91
211.12, 66.60, 188.81, 366.24, 388.91
211.15, 66.61, 188.80, 366.24, 388.92
211.15, 66.61, 188.80, 366.24, 388.92
211.12, 66.61, 188.80, 366.23, 388.92
211.05, 66.60, 188.80, 366.22, 388.91
211.07, 66.60, 188.81, 366.25, 388.90
211.07, 66.60, 188.80, 366.25, 388.90
211.07, 66.59, 188.84, 366.24, 388.89
210.91, 66.59, 188.84, 366.23, 388.90
211.01, 66.60, 188.83, 366.23, 388.88
211.01, 66.60, 188.83, 366.23, 388.88
211.05, 66.61, 188.83, 366.23, 388.88
211.07, 66.60, 188.82, 366.22, 388.87
211.11, 66.59, 188.82, 366.22, 388.87
211.13, 66.59, 188.81, 366.22, 388.87
211.09, 66.55, 188.85, 366.23, 388.84
210.67, 66.85, 188.51, 366.41, 388.89
210.67, 66.86, 188.49, 366.41, 388.87
210.68, 66.86, 188.50, 366.41, 388.87
210.68, 66.85, 188.51, 366.41, 388.89
210.68, 66.85, 188.51, 366.41, 388.89
210.68, 66.85, 188.51, 366.41, 388.89
210.68, 66.85, 188.51, 366.41, 388.89
210.68, 66.85, 188.51, 366.41, 388.89
210.68, 66.85, 188.51, 366.41, 388.89
210.69, 66.86, 188.50, 366.41, 388.89
210.67, 66.85, 188.51, 366.41, 388.89
210.67, 66.85, 188.51, 366.41, 388.89
210.70, 66.84, 188.52, 366.41, 388.89
210.85, 66.85, 188.48, 366.42, 388.90
210.82, 66.82, 188.51, 366.41, 388.89
210.83, 66.84, 188.50, 366.41, 388.89
210.86, 66.95, 188.36, 366.36, 389.03
210.99, 66.92, 188.38, 366.24, 389.07
210.83, 67.79, 187.27, 367.03, 389.67
210.80, 67.79, 187.27, 367.03, 389.67
211.43, 67.31, 188.20, 368.76, 390.48
211.46, 67.30, 188.20, 368.76, 390.48
211.08, 68.16, 187.50, 371.62, 392.76
211.08, 68.16, 187.50, 371.62, 392.76
210.64, 67.43, 188.08, 375.52, 395.56
210.69, 67.50, 188.04, 375.52, 395.61
209.90, 69.08, 187.03, 380.94, 399.13
210.12, 68.96, 187.08, 380.94, 399.20
210.03, 68.50, 187.74, 387.91, 403.63
210.03, 68.50, 187.74, 387.91, 403.63
209.88, 68.73, 187.14, 395.92, 408.58
209.88, 68.73, 187.14, 395.92, 408.58
209.58, 68.85, 187.29, 404.57, 414.15
209.54, 68.85, 187.29, 404.57, 414.15
210.29, 69.69, 186.65, 414.51, 419.36
210.22, 69.64, 186.64, 414.48, 419.43
209.49, 69.62, 186.43, 425.01, 425.56
209.51, 69.61, 186.45, 425.03, 425.59
209.98, 69.98, 186.77, 434.90, 431.16
210.14, 69.94, 186.76, 434.94, 431.14
209.82, 70.34, 186.46, 444.92, 436.59
209.82, 70.34, 186.46, 444.92, 436.59
210.68, 70.65, 186.62, 454.14, 441.49
210.68, 70.63, 186.64, 454.10, 441.53
210.91, 69.37, 187.50, 462.82, 445.71
210.96, 69.37, 187.50, 462.83, 445.69
212.10, 69.46, 187.84, 469.12, 449.87
212.11, 69.44, 187.85, 469.13, 449.91
213.11, 68.81, 188.48, 474.63, 453.91
212.98, 68.83, 188.45, 474.69, 453.92
212.57, 69.13, 188.53, 478.85, 456.98
212.66, 68.88, 188.73, 478.83, 457.13
213.13, 68.19, 189.39, 481.88, 459.49
213.13, 68.19, 189.39, 481.88, 459.49
212.45, 68.44, 188.85, 484.20, 461.10
212.68, 68.43, 188.79, 484.21, 461.01
212.38, 68.13, 189.38, 485.51, 462.25
212.33, 68.20, 189.31, 485.51, 462.27
212.56, 68.00, 189.42, 485.85, 462.67
212.51, 67.99, 189.42, 485.82, 462.71
212.58, 67.58, 189.69, 485.81, 462.80
212.62, 67.60, 189.68, 485.78, 462.79
212.55, 67.62, 189.67, 485.80, 462.73
212.66, 67.61, 189.67, 485.80, 462.71
212.50, 67.61, 189.67, 485.81, 462.74
212.52, 67.62, 189.67, 485.81, 462.74
212.58, 68.88, 188.33, 486.50, 463.43
212.58, 68.88, 188.33, 486.50, 463.43
213.51, 68.15, 189.23, 487.99, 465.30
213.52, 68.13, 189.24, 487.99, 465.30
213.70, 68.74, 188.71, 490.34, 469.44
213.78, 68.72, 188.71, 490.35, 469.43
213.66, 68.77, 189.10, 494.25, 474.75
213.67, 68.78, 189.10, 494.25, 474.75
212.68, 69.64, 188.33, 499.12, 481.72
212.72, 69.59, 188.39, 499.03, 481.87
212.60, 69.67, 188.82, 504.85, 489.25
212.60, 69.67, 188.79, 504.83, 489.25
212.01, 69.97, 188.29, 511.54, 497.37
212.01, 69.99, 188.28, 511.54, 497.37
211.92, 69.50, 188.72, 517.42, 505.18
211.98, 69.49, 188.74, 517.40, 505.17
210.92, 70.16, 188.30, 522.66, 512.13
210.95, 70.13, 188.34, 522.71, 512.13
210.92, 69.25, 188.96, 527.45, 517.88
210.92, 69.25, 188.96, 527.45, 517.88
210.73, 69.08, 188.87, 531.29, 522.89
210.63, 69.10, 188.89, 531.27, 522.85
210.46, 68.33, 189.69, 534.46, 527.06
210.46, 68.33, 189.69, 534.46, 527.06
210.72, 68.34, 189.59, 536.54, 530.23
210.72, 68.34, 189.59, 536.54, 530.23
210.10, 68.07, 189.68, 538.47, 532.10
210.09, 68.09, 189.67, 538.47, 532.10
209.90, 68.28, 189.33, 539.23, 533.67
209.89, 68.26, 189.34, 539.24, 533.69
210.01, 67.85, 189.75, 540.07, 533.95
209.99, 67.85, 189.75, 540.07, 533.95
210.04, 68.36, 189.22, 540.20, 534.41
210.02, 68.35, 189.21, 540.19, 534.44
210.06, 67.74, 189.72, 541.79, 535.97
210.05, 67.74, 189.72, 541.79, 535.97
209.30, 68.35, 189.21, 543.62, 538.91
209.29, 68.38, 189.22, 543.59, 538.90
208.32, 68.30, 189.22, 547.01, 542.93
208.35, 68.32, 189.22, 547.00, 542.93
207.00, 69.17, 188.30, 551.63, 547.70
206.95, 69.20, 188.28, 551.63, 547.70
205.71, 68.99, 188.75, 556.90, 553.95
205.71, 69.03, 188.71, 556.92, 553.95
205.08, 69.24, 188.09, 563.12, 560.45
205.15, 69.23, 188.12, 563.16, 560.44
204.93, 68.42, 188.74, 569.11, 567.13
204.93, 68.43, 188.74, 569.11, 567.13
204.37, 68.95, 188.19, 574.32, 572.64
204.37, 68.93, 188.18, 574.37, 572.64
203.68, 68.00, 189.27, 578.71, 577.82
203.66, 67.99, 189.28, 578.69, 577.84
203.46, 67.71, 189.32, 582.31, 581.61
203.46, 67.71, 189.32, 582.31, 581.61
202.82, 67.41, 189.73, 584.93, 584.73
202.82, 67.41, 189.73, 584.93, 584.73
202.34, 68.11, 189.28, 586.75, 586.69
202.33, 68.11, 189.27, 586.75, 586.69
202.26, 67.70, 189.51, 588.20, 587.89
202.31, 67.71, 189.51, 588.20, 587.90
200.21, 69.30, 188.14, 590.31, 588.79
200.16, 69.34, 188.10, 590.27, 588.82
198.68, 69.37, 187.92, 593.19, 589.46
198.68, 69.37, 187.92, 593.19, 589.46
197.24, 70.05, 187.12, 595.82, 589.26
197.28, 70.06, 187.10, 595.82, 589.25
197.42, 69.53, 187.61, 597.96, 588.99
197.52, 69.51, 187.63, 597.94, 588.99
197.74, 69.82, 187.03, 599.02, 588.96
197.69, 69.87, 186.97, 599.04, 588.88
197.83, 69.82, 187.04, 599.07, 588.98
197.89, 69.80, 186.93, 599.03, 589.01
197.51, 69.77, 186.94, 598.92, 588.97
197.49, 69.78, 186.95, 598.88, 589.02
197.54, 69.75, 186.97, 598.83, 588.99
197.65, 69.85, 186.85, 598.89, 588.96
197.44, 69.83, 186.88, 598.91, 589.03
197.43, 69.85, 186.84, 598.93, 589.02
197.68, 69.70, 187.00, 598.92, 589.05
197.69, 69.72, 186.98, 598.92, 589.00
198.45, 69.39, 187.35, 597.90, 589.67
198.52, 69.37, 187.37, 597.89, 589.67
198.50, 68.86, 188.31, 597.60, 590.44
198.50, 68.86, 188.31, 597.60, 590.44
198.46, 68.76, 188.16, 597.29, 591.29
198.50, 68.75, 188.17, 597.29, 591.29
198.42, 68.87, 188.20, 597.11, 591.32
198.63, 68.85, 188.22, 597.10, 591.29
198.76, 68.63, 188.38, 597.09, 591.37
198.75, 68.64, 188.37, 597.10, 591.38
198.75, 68.63, 188.37, 597.09, 591.39
198.70, 68.63, 188.34, 597.06, 591.46
198.64, 68.60, 188.37, 597.03, 591.48
198.63, 68.58, 188.37, 596.99, 591.50
198.50, 68.52, 188.46, 597.04, 591.50
198.80, 68.46, 188.55, 596.99, 591.52
198.90, 68.40, 188.63, 596.97, 591.54
198.97, 68.36, 188.65, 596.99, 591.52
198.75, 68.31, 188.70, 597.02, 591.50
198.81, 68.37, 188.65, 597.05, 591.49
198.74, 68.37, 188.66, 597.04, 591.49
198.68, 68.38, 188.67, 597.10, 591.44
198.57, 68.30, 188.71, 597.13, 591.44
198.56, 68.39, 188.62, 597.12, 591.42
198.52, 68.41, 188.59, 597.14, 591.41
198.76, 68.30, 188.65, 597.12, 591.48
198.40, 68.27, 188.69, 597.19, 591.42
198.56, 68.30, 188.68, 597.17, 591.39
198.51, 68.32, 188.65, 597.15, 591.42
198.59, 68.32, 188.64, 597.15, 591.43
198.57, 68.26, 188.72, 597.13, 591.42
198.60, 68.22, 188.72, 597.12, 591.41
198.54, 68.15, 188.75, 597.09, 591.41
198.56, 68.11, 188.79, 597.09, 591.42
197.92, 68.09, 188.64, 597.16, 591.33
197.93, 68.11, 188.63, 597.16, 591.33
197.95, 68.13, 188.60, 597.19, 591.32
197.90, 68.09, 188.63, 597.15, 591.33
197.83, 68.14, 188.57, 597.20, 591.34
197.85, 68.18, 188.56, 597.19, 591.34
198.41, 68.65, 188.16, 596.84, 591.91
198.39, 68.65, 188.16, 596.84, 591.91
199.31, 68.37, 188.65, 596.73, 592.09
199.33, 68.38, 188.65, 596.74, 592.07
199.55, 68.80, 188.34, 596.47, 592.66
199.58, 68.78, 188.33, 596.47, 592.66
199.93, 68.39, 188.65, 596.44, 592.99
200.11, 68.35, 188.71, 596.45, 593.00
199.46, 68.33, 188.65, 596.52, 592.88
199.41, 68.35, 188.61, 596.53, 592.88
199.57, 68.27, 188.68, 596.51, 592.89
199.54, 68.34, 188.60, 596.54, 592.89
199.52, 68.22, 188.72, 596.56, 592.85
199.52, 68.22, 188.72, 596.56, 592.85
199.55, 68.21, 188.73, 596.58, 592.85
199.94, 68.04, 188.88, 596.51, 592.87
199.99, 67.98, 188.93, 596.51, 592.83
200.00, 67.98, 188.93, 596.51, 592.83
199.97, 67.97, 188.93, 596.52, 592.83
199.97, 67.97, 188.93, 596.52, 592.83
199.56, 68.45, 188.43, 596.16, 593.31
199.70, 68.44, 188.44, 596.15, 593.28
201.61, 67.49, 189.69, 595.75, 593.81
201.61, 67.49, 189.69, 595.75, 593.81
202.16, 67.53, 189.68, 595.27, 594.28
202.17, 67.52, 189.68, 595.27, 594.28
202.85, 66.84, 190.10, 595.00, 594.97
202.92, 66.81, 190.10, 595.02, 595.01
202.70, 66.94, 190.04, 595.14, 594.98
202.79, 66.86, 190.06, 595.15, 595.02
202.98, 66.79, 190.18, 595.10, 594.95
203.16, 66.71, 190.26, 595.07, 594.96
203.18, 66.67, 190.32, 595.05, 594.97
203.14, 66.67, 190.33, 595.05, 595.01
203.18, 66.60, 190.40, 595.06, 595.00
203.33, 66.56, 190.41, 595.05, 594.99
203.27, 66.49, 190.50, 595.03, 595.01
203.25, 66.48, 190.49, 595.02, 595.03
203.26, 66.39, 190.54, 595.03, 595.02
203.38, 66.39, 190.54, 594.98, 595.04
203.33, 66.42, 190.53, 594.99, 595.03
203.34, 66.48, 190.50, 594.99, 595.03
203.27, 66.44, 190.54, 595.08, 595.07
203.28, 66.44, 190.54, 595.08, 595.07
202.95, 66.97, 190.10, 595.82, 596.52
202.94, 67.00, 190.09, 595.80, 596.51
202.82, 66.89, 190.20, 597.42, 598.68
202.76, 66.98, 190.12, 597.42, 598.68
201.90, 67.69, 189.36, 600.28, 601.71
201.96, 67.64, 189.42, 600.29, 601.66
201.90, 67.32, 189.40, 603.94, 606.14
201.91, 67.32, 189.41, 603.94, 606.14
201.35, 67.35, 189.33, 608.21, 610.97
201.35, 67.35, 189.33, 608.21, 610.97
200.25, 67.62, 188.95, 612.24, 615.17
200.25, 67.62, 188.95, 612.24, 615.17
199.90, 67.90, 188.45, 615.16, 618.68
199.88, 67.93, 188.42, 615.17, 618.67
199.25, 67.51, 188.87, 616.95, 621.16
199.25, 67.51, 188.87, 616.95, 621.16
199.37, 68.18, 188.13, 618.26, 622.39
199.38, 68.17, 188.15, 618.26, 622.37
199.37, 67.37, 188.80, 618.66, 622.86
199.39, 67.49, 188.69, 618.63, 622.90
199.55, 67.63, 188.66, 618.56, 622.82
199.60, 67.64, 188.65, 618.57, 622.81
199.70, 67.63, 188.74, 618.65, 622.66
199.87, 67.62, 188.67, 618.58, 622.67
199.80, 67.41, 188.89, 618.69, 622.57
199.77, 67.39, 188.90, 618.68, 622.58
199.74, 67.37, 188.93, 618.68, 622.59
200.04, 67.31, 188.97, 618.70, 622.58
199.75, 67.32, 188.97, 618.69, 622.62
199.78, 67.37, 188.91, 618.70, 622.58
199.85, 67.33, 188.95, 618.75, 622.56
200.04, 67.28, 188.97, 618.76, 622.59
199.81, 66.97, 189.17, 618.72, 622.69
199.77, 67.00, 189.14, 618.73, 622.66
199.77, 66.99, 189.14, 618.74, 622.64
199.76, 67.10, 189.08, 618.77, 622.59
199.67, 67.04, 189.17, 618.82, 622.52
199.72, 66.98, 189.23, 618.82, 622.54
199.73, 66.92, 189.30, 618.83, 622.53
199.79, 67.10, 189.20, 618.79, 622.53
199.63, 66.92, 189.42, 618.84, 622.49
199.63, 66.92, 189.42, 618.84, 622.49
199.63, 66.92, 189.42, 618.84, 622.49
199.61, 66.99, 189.30, 618.84, 622.51
199.62, 66.99, 189.31, 618.84, 622.51
199.53, 67.02, 189.25, 618.84, 622.51
199.56, 66.92, 189.35, 618.83, 622.52
199.42, 66.98, 189.30, 618.81, 622.53
199.60, 66.94, 189.30, 618.89, 622.51
199.54, 66.99, 189.26, 618.87, 622.52
198.94, 67.39, 188.79, 619.16, 622.39
198.89, 67.38, 188.76, 619.14, 622.47
198.80, 67.32, 188.81, 619.21, 622.43
198.80, 67.34, 188.82, 619.20, 622.44
198.70, 67.32, 188.85, 619.19, 622.42
198.75, 67.38, 188.77, 619.16, 622.49
198.82, 67.35, 188.79, 619.17, 622.47
198.82, 67.31, 188.83, 619.18, 622.42
198.70, 67.24, 188.91, 619.15, 622.47
198.63, 67.30, 188.86, 619.17, 622.45
198.58, 67.30, 188.86, 619.18, 622.45
198.58, 67.30, 188.88, 619.18, 622.45
198.34, 67.27, 188.91, 619.19, 622.45
198.43, 67.23, 188.97, 619.17, 622.50
198.52, 67.20, 189.00, 619.15, 622.46
198.57, 67.21, 188.99, 619.16, 622.47
198.47, 67.19, 188.99, 619.16, 622.45
198.56, 67.15, 189.01, 619.13, 622.49
198.52, 67.12, 189.05, 619.12, 622.49
198.55, 67.09, 189.07, 619.13, 622.45
197.44, 67.34, 188.73, 619.19, 622.48
197.45, 67.36, 188.70, 619.19, 622.48
197.45, 67.36, 188.71, 619.19, 622.48
197.50, 67.33, 188.72, 619.20, 622.47
197.54, 67.37, 188.70, 619.20, 622.46
197.54, 67.38, 188.70, 619.20, 622.46
197.23, 68.36, 187.48, 619.75, 622.35
197.30, 68.38, 187.49, 619.74, 622.32
196.40, 68.81, 187.41, 620.29, 621.61
196.41, 68.81, 187.41, 620.29, 621.61
195.79, 69.45, 186.38, 622.10, 619.97
195.83, 69.46, 186.35, 622.12, 619.96
195.62, 69.02, 186.54, 623.24, 618.79
195.58, 69.03, 186.54, 623.22, 618.81
195.11, 69.35, 186.41, 623.41, 618.78
195.12, 69.39, 186.40, 623.38, 618.76
195.72, 69.24, 186.52, 623.43, 618.63
195.69, 69.30, 186.53, 623.39, 618.68
195.72, 69.14, 186.73, 623.41, 618.70
196.00, 69.09, 186.76, 623.39, 618.69
195.98, 69.04, 186.78, 623.41, 618.65
195.85, 69.13, 186.70, 623.38, 618.68
195.94, 68.96, 186.88, 623.38, 618.66
195.94, 68.97, 186.89, 623.36, 618.61
195.55, 68.98, 186.87, 623.37, 618.57
195.79, 68.95, 186.89, 623.41, 618.60
195.58, 68.80, 187.04, 623.44, 618.59
195.62, 68.80, 187.04, 623.45, 618.59
195.68, 68.71, 187.15, 623.43, 618.58
195.82, 68.75, 187.10, 623.39, 618.62
195.97, 68.68, 187.17, 623.43, 618.67
195.95, 68.69, 187.15, 623.43, 618.66
196.07, 68.70, 187.03, 623.35, 618.48
196.13, 68.68, 187.05, 623.34, 618.48
197.13, 68.96, 186.81, 622.93, 618.81
197.05, 69.00, 186.83, 622.94, 618.77
197.46, 68.86, 187.08, 622.00, 620.80
197.47, 68.87, 187.08, 622.00, 620.80
197.84, 68.61, 187.27, 620.75, 622.13
197.90, 68.57, 187.35, 620.63, 622.21
199.25, 67.52, 188.65, 619.39, 623.10
199.24, 67.51, 188.66, 619.38, 623.11
199.65, 67.30, 188.65, 619.45, 623.31
199.73, 67.29, 188.66, 619.43, 623.32
199.77, 67.20, 188.80, 619.65, 623.35
200.03, 67.23, 188.78, 619.67, 623.36
200.04, 67.14, 188.88, 619.69, 623.35
200.03, 67.06, 188.91, 619.67, 623.39
199.99, 66.92, 189.08, 619.70, 623.31
199.87, 67.00, 188.92, 619.69, 623.37
199.80, 66.98, 188.93, 619.72, 623.36
199.81, 66.99, 188.93, 619.74, 623.34
199.74, 66.81, 189.08, 619.76, 623.36
199.78, 66.90, 189.01, 619.70, 623.41
199.66, 66.91, 189.03, 619.72, 623.37
199.62, 66.93, 189.02, 619.73, 623.35
199.52, 66.81, 189.19, 619.74, 623.35
199.56, 66.85, 189.09, 619.83, 623.33
199.47, 66.79, 189.17, 619.81, 623.37
199.51, 66.72, 189.28, 619.76, 623.37
199.22, 66.59, 189.35, 619.77, 623.46
199.22, 66.59, 189.35, 619.77, 623.46
199.22, 66.59, 189.35, 619.77, 623.46
199.22, 66.59, 189.35, 619.77, 623.46
199.22, 66.59, 189.35, 619.77, 623.46
199.24, 66.60, 189.34, 619.77, 623.46
199.27, 66.59, 189.35, 619.78, 623.45
199.24, 66.60, 189.34, 619.77, 623.46
199.22, 66.59, 189.35, 619.77, 623.46
199.23, 66.64, 189.28, 619.80, 623.45
199.19, 66.63, 189.28, 619.80, 623.46
199.20, 66.64, 189.27, 619.80, 623.46
199.19, 66.61, 189.31, 619.82, 623.45
199.27, 66.61, 189.32, 619.80, 623.48
199.23, 66.60, 189.33, 619.80, 623.46
199.19, 66.63, 189.30, 619.81, 623.46
199.14, 66.61, 189.33, 619.81, 623.46
199.18, 66.66, 189.29, 619.79, 623.47
199.22, 66.62, 189.35, 619.80, 623.47
199.27, 66.62, 189.35, 619.78, 623.46
199.24, 66.60, 189.37, 619.77, 623.47
199.35, 66.62, 189.33, 619.79, 623.47
199.30, 66.54, 189.42, 619.83, 623.46
199.31, 66.55, 189.41, 619.83, 623.46
199.32, 66.53, 189.42, 619.88, 623.45
199.48, 66.53, 189.45, 619.86, 623.44
199.40, 66.52, 189.46, 619.86, 623.40
199.35, 66.54, 189.45, 619.86, 623.41
199.32, 66.47, 189.48, 619.83, 623.45
199.37, 66.50, 189.45, 619.80, 623.47
199.29, 66.45, 189.56, 619.79, 623.40
199.30, 66.45, 189.55, 619.79, 623.40
199.30, 66.44, 189.56, 619.79, 623.40
199.04, 66.52, 189.46, 619.78, 623.45
199.03, 66.51, 189.47, 619.77, 623.47
199.02, 66.51, 189.46, 619.75, 623.47
199.00, 66.50, 189.47, 619.75, 623.47
199.02, 66.55, 189.41, 619.79, 623.44
198.96, 66.57, 189.41, 619.78, 623.43
199.00, 66.51, 189.42, 619.76, 623.44
199.03, 66.46, 189.46, 619.78, 623.41
199.12, 66.49, 189.45, 619.72, 623.41
199.12, 66.48, 189.46, 619.72, 623.41
199.15, 66.53, 189.45, 619.74, 623.36
199.15, 66.46, 189.53, 619.72, 623.38
199.19, 66.51, 189.47, 619.72, 623.41
199.17, 66.51, 189.49, 619.72, 623.42
199.26, 66.53, 189.49, 619.73, 623.41
199.17, 66.48, 189.51, 619.77, 623.41
199.33, 66.50, 189.51, 619.71, 623.44
199.31, 66.50, 189.51, 619.71, 623.44
199.27, 66.44, 189.57, 619.76, 623.42
199.23, 66.38, 189.62, 619.75, 623.43
199.20, 66.44, 189.52, 619.76, 623.40
199.17, 66.45, 189.52, 619.76, 623.42
199.27, 66.40, 189.57, 619.69, 623.43
199.18, 66.37, 189.63, 619.72, 623.40
199.17, 66.41, 189.56, 619.77, 623.40
199.14, 66.38, 189.58, 619.77, 623.42
199.26, 66.28, 189.70, 619.76, 623.45
199.20, 66.42, 189.59, 619.73, 623.50
199.23, 66.42, 189.60, 619.72, 623.49
199.23, 66.41, 189.62, 619.72, 623.49
199.23, 66.41, 189.62, 619.72, 623.49
199.14, 66.45, 189.60, 619.70, 623.45
199.08, 66.50, 189.57, 619.69, 623.46
199.11, 66.49, 189.59, 619.70, 623.45
199.16, 66.48, 189.59, 619.70, 623.44
199.16, 66.46, 189.61, 619.70, 623.44
199.17, 66.51, 189.56, 619.71, 623.40
199.05, 66.54, 189.53, 619.71, 623.42
199.15, 66.53, 189.53, 619.72, 623.42
199.14, 66.48, 189.60, 619.72, 623.43
199.25, 66.49, 189.59, 619.75, 623.47
199.30, 66.47, 189.60, 619.75, 623.46
199.31, 66.47, 189.61, 619.74, 623.47
199.27, 66.43, 189.64, 619.75, 623.49
199.26, 66.45, 189.65, 619.73, 623.47
199.22, 66.45, 189.62, 619.72, 623.49
199.25, 66.46, 189.61, 619.72, 623.49
199.20, 66.46, 189.61, 619.73, 623.48
199.33, 66.47, 189.61, 619.72, 623.40
199.27, 66.46, 189.61, 619.72, 623.39
199.28, 66.48, 189.57, 619.77, 623.36
199.28, 66.47, 189.58, 619.77, 623.36
199.19, 66.46, 189.58, 619.66, 623.42
199.19, 66.45, 189.60, 619.66, 623.40
199.18, 66.44, 189.62, 619.66, 623.40
199.19, 66.44, 189.62, 619.65, 623.42
199.36, 66.47, 189.59, 619.66, 623.39
199.33, 66.32, 189.74, 619.65, 623.46
199.33, 66.32, 189.73, 619.65, 623.46
199.33, 66.32, 189.73, 619.65, 623.46
199.33, 66.35, 189.68, 619.65, 623.50
199.33, 66.35, 189.69, 619.65, 623.50
199.25, 66.38, 189.67, 619.65, 623.49
199.29, 66.32, 189.75, 619.66, 623.49
199.31, 66.37, 189.66, 619.69, 623.48
199.31, 66.36, 189.67, 619.69, 623.48
199.28, 66.37, 189.64, 619.72, 623.45
199.27, 66.29, 189.72, 619.74, 623.45
199.24, 66.30, 189.69, 619.71, 623.47
199.16, 66.33, 189.67, 619.74, 623.48
199.22, 66.34, 189.66, 619.75, 623.48
199.14, 66.34, 189.63, 619.78, 623.44
199.23, 66.43, 189.54, 619.78, 623.42
199.14, 66.43, 189.53, 619.76, 623.43
199.04, 66.44, 189.55, 619.76, 623.34
198.95, 66.44, 189.54, 619.76, 623.32
199.09, 66.54, 189.42, 619.75, 623.32
199.13, 66.51, 189.45, 619.74, 623.33
199.14, 66.48, 189.40, 619.70, 623.31
199.13, 66.48, 189.40, 619.70, 623.32
198.85, 67.24, 188.78, 619.28, 623.01
198.84, 67.26, 188.75, 619.28, 623.01
199.32, 66.86, 189.09, 618.50, 621.92
199.31, 66.86, 189.09, 618.50, 621.92
199.20, 67.57, 188.54, 616.97, 619.87
199.23, 67.56, 188.55, 616.96, 619.89
199.98, 66.95, 189.10, 614.93, 617.58
199.84, 67.26, 188.93, 615.08, 617.36
199.89, 68.14, 188.25, 612.50, 614.55
199.91, 68.11, 188.25, 612.50, 614.55
201.00, 67.77, 188.95, 609.05, 610.75
201.00, 67.77, 188.96, 609.05, 610.75
202.09, 68.52, 188.51, 605.50, 606.45
202.15, 68.45, 188.54, 605.55, 606.45
202.61, 68.30, 189.24, 600.82, 601.55
202.61, 68.30, 189.25, 600.82, 601.55
204.07, 68.95, 188.81, 595.72, 595.75
204.02, 68.95, 188.80, 595.68, 595.80
204.67, 68.91, 188.75, 589.71, 589.56
204.67, 68.92, 188.75, 589.71, 589.56
205.37, 69.07, 188.57, 583.84, 581.79
205.32, 69.09, 188.55, 583.81, 581.78
205.49, 69.27, 188.43, 577.20, 573.81
205.49, 69.27, 188.43, 577.20, 573.81
206.87, 69.38, 188.32, 569.38, 564.76
206.85, 69.40, 188.29, 569.38, 564.74
207.50, 69.46, 188.29, 561.33, 555.39
207.50, 69.46, 188.29, 561.33, 555.39
208.53, 70.04, 187.88, 552.29, 546.35
208.51, 70.04, 187.88, 552.30, 546.36
208.45, 69.95, 188.02, 543.93, 537.51
208.45, 69.95, 188.02, 543.93, 537.51
209.27, 70.41, 187.60, 535.89, 528.28
209.28, 70.37, 187.62, 535.89, 528.27
209.86, 69.49, 188.43, 528.89, 520.16
209.86, 69.49, 188.43, 528.89, 520.16
210.68, 70.63, 187.44, 522.41, 512.60
210.68, 70.64, 187.43, 522.39, 512.58
211.18, 70.42, 187.79, 516.73, 506.17
211.18, 70.42, 187.79, 516.73, 506.17
210.61, 70.77, 187.64, 510.85, 499.98
210.61, 70.77, 187.64, 510.85, 499.98
211.27, 70.32, 187.60, 504.00, 492.57
211.29, 70.31, 187.61, 504.00, 492.57
211.11, 70.80, 187.20, 496.13, 484.77
211.11, 70.78, 187.22, 496.11, 484.81
210.80, 70.91, 187.18, 487.83, 475.66
210.77, 70.92, 187.17, 487.82, 475.66
210.86, 70.50, 187.33, 478.43, 466.40
210.86, 70.51, 187.35, 478.44, 466.43
210.61, 70.48, 187.46, 468.21, 456.29
210.61, 70.48, 187.46, 468.21, 456.29
211.04, 70.38, 187.38, 458.33, 445.97
211.03, 70.40, 187.36, 458.32, 445.99
211.50, 71.20, 186.81, 447.53, 435.20
211.50, 71.20, 186.81, 447.53, 435.20
211.67, 70.76, 186.72, 436.70, 424.38
211.66, 70.85, 186.70, 436.72, 424.35
211.47, 70.13, 186.65, 425.47, 413.02
211.47, 70.13, 186.65, 425.47, 413.02
211.71, 70.21, 186.79, 415.13, 402.49
211.61, 70.27, 186.78, 415.23, 402.39
211.40, 69.81, 186.85, 404.66, 391.39
211.40, 69.81, 186.85, 404.66, 391.39
211.41, 71.12, 186.49, 393.15, 380.27
211.41, 71.08, 186.58, 393.14, 380.28
211.78, 70.85, 187.19, 382.26, 368.44
212.13, 70.64, 187.25, 382.11, 368.52
210.02, 69.61, 186.08, 371.79, 356.62
209.99, 69.59, 186.10, 371.77, 356.66
209.18, 69.12, 186.43, 361.31, 344.70
209.21, 69.14, 186.43, 361.34, 344.65
208.34, 69.93, 185.06, 352.48, 332.62
208.37, 69.90, 185.14, 352.48, 332.62
208.13, 69.92, 185.44, 345.70, 320.40
208.10, 69.92, 185.45, 345.69, 320.42
209.58, 67.96, 187.15, 337.65, 307.93
209.58, 67.96, 187.15, 337.65, 307.93
208.95, 68.26, 187.50, 333.31, 296.42
208.95, 68.26, 187.50, 333.31, 296.42
209.44, 67.69, 187.50, 330.44, 285.57
209.47, 67.67, 187.53, 330.44, 285.58
207.97, 67.77, 187.75, 329.26, 275.20
207.97, 67.77, 187.75, 329.26, 275.20
205.72, 67.55, 188.05, 328.28, 265.21
205.73, 67.49, 188.04, 328.27, 265.25
204.92, 66.93, 188.72, 327.93, 256.39
204.93, 66.86, 188.71, 327.93, 256.39
207.64, 66.16, 189.64, 329.44, 247.55
207.64, 66.16, 189.64, 329.44, 247.55
211.07, 65.82, 190.27, 331.92, 239.77
211.07, 65.82, 190.27, 331.92, 239.77
213.97, 68.40, 189.58, 336.87, 232.15
213.98, 68.38, 189.62, 336.87, 232.15
213.31, 69.41, 188.36, 342.38, 227.82
213.31, 69.41, 188.36, 342.38, 227.82
211.83, 72.10, 185.76, 350.29, 224.17
211.84, 72.07, 185.82, 350.29, 224.17
214.43, 73.65, 183.79, 359.37, 223.88
214.43, 73.65, 183.79, 359.37, 223.88
214.98, 74.17, 182.76, 366.09, 227.07
214.98, 74.17, 182.76, 366.09, 227.07
215.07, 72.90, 182.88, 368.66, 231.85
215.07, 72.90, 182.88, 368.66, 231.85
214.55, 74.54, 182.34, 371.09, 236.22
214.55, 74.54, 182.34, 371.09, 236.22
212.32, 73.13, 183.27, 371.69, 241.05
212.25, 73.13, 183.27, 371.69, 241.05
211.29, 73.94, 183.22, 370.62, 245.61
211.30, 73.93, 183.23, 370.60, 245.60
212.04, 73.69, 183.50, 369.26, 250.55
212.04, 73.69, 183.50, 369.26, 250.55
211.78, 73.41, 183.16, 366.60, 256.53
211.78, 73.41, 183.16, 366.60, 256.53
211.84, 72.92, 183.74, 364.24, 262.18
211.84, 72.92, 183.74, 364.24, 262.18
211.29, 73.11, 183.09, 361.37, 270.19
211.29, 73.11, 183.09, 361.37, 270.19
210.02, 72.54, 183.93, 358.29, 278.38
210.01, 72.54, 183.93, 358.29, 278.38
208.28, 72.37, 183.44, 354.02, 285.76
208.26, 72.57, 183.35, 353.91, 285.70
207.55, 71.80, 184.49, 349.85, 294.81
207.55, 71.80, 184.49, 349.85, 294.81
205.87, 72.32, 184.62, 344.67, 303.15
205.88, 72.31, 184.61, 344.68, 303.14
204.88, 71.47, 185.02, 339.81, 311.87
205.25, 71.02, 185.10, 339.70, 311.72
203.96, 71.50, 185.31, 333.90, 320.85
203.86, 71.52, 185.27, 334.01, 320.88
203.98, 68.13, 187.94, 326.39, 327.99
203.98, 68.13, 187.94, 326.39, 327.99
203.10, 68.29, 187.25, 317.99, 334.18
203.08, 68.27, 187.28, 317.98, 334.23
205.92, 66.96, 189.12, 309.22, 338.28
205.92, 66.96, 189.12, 309.22, 338.28
209.01, 67.18, 188.42, 300.39, 341.05
209.05, 67.17, 188.43, 300.39, 341.05
209.50, 68.06, 187.79, 291.78, 341.09
209.50, 68.06, 187.79, 291.78, 341.09
210.14, 68.21, 186.85, 284.80, 338.54
210.14, 68.21, 186.85, 284.80, 338.54
209.19, 69.10, 185.64, 279.31, 335.32
209.19, 69.11, 185.63, 279.27, 335.36
210.19, 68.39, 185.71, 273.02, 331.85
210.19, 68.39, 185.71, 273.02, 331.85
209.66, 69.66, 186.57, 268.07, 325.69
209.66, 69.67, 186.57, 268.07, 325.69
210.40, 67.94, 187.44, 266.77, 318.96
210.39, 67.94, 187.44, 266.77, 318.96
210.18, 68.19, 187.28, 265.99, 312.32
210.18, 68.19, 187.28, 265.99, 312.32
209.34, 68.10, 187.60, 265.93, 304.07
209.34, 68.10, 187.60, 265.93, 304.07
208.93, 68.18, 187.89, 267.53, 295.28
189.31, 69.86, 188.00, 300.31, 295.14
208.93, 68.18, 187.89, 267.53, 295.28
189.31, 69.86, 188.00, 300.31, 295.14
208.87, 68.73, 187.55, 271.52, 286.94
175.60, 81.32, 185.82, 303.94, 284.39
208.88, 68.73, 187.54, 271.53, 286.93
175.60, 81.32, 185.82, 303.94, 284.39
209.90, 67.74, 188.89, 273.89, 275.53
193.88, 71.39, 190.21, 303.18, 273.84
209.90, 67.74, 188.89, 273.89, 275.53
193.88, 71.39, 190.21, 303.18, 273.84
210.02, 67.63, 189.44, 276.29, 266.03
200.98, 69.69, 189.71, 296.71, 274.97
210.11, 67.51, 189.54, 276.25, 266.15
200.98, 69.69, 189.71, 296.71, 274.97
209.92, 66.85, 189.99, 279.39, 259.17
195.82, 67.94, 191.38, 288.12, 284.72
209.91, 66.85, 189.99, 279.39, 259.17
195.76, 67.91, 191.39, 288.12, 284.72
208.84, 67.83, 188.96, 283.56, 254.83
185.38, 74.42, 188.28, 291.68, 290.10
208.82, 67.85, 188.95, 283.56, 254.83
185.38, 74.42, 188.28, 291.68, 290.10
209.90, 67.64, 189.12, 289.61, 246.18
209.90, 67.69, 189.06, 289.57, 246.06
207.39, 68.08, 188.36, 296.13, 237.62
207.47, 68.06, 188.38, 296.11, 237.62
206.95, 66.76, 188.93, 302.67, 229.80
206.95, 66.76, 188.93, 302.67, 229.80
206.80, 67.01, 189.29, 309.91, 223.29
206.80, 67.01, 189.29, 309.91, 223.29
208.52, 66.24, 190.32, 316.56, 216.89
208.52, 66.24, 190.32, 316.56, 216.89
210.02, 66.09, 190.28, 323.36, 211.65
210.02, 66.09, 190.28, 323.36, 211.65
211.21, 66.87, 190.08, 330.78, 207.10
211.98, 68.19, 189.09, 338.42, 204.24
211.98, 68.19, 189.09, 338.42, 204.24
210.19, 71.79, 185.87, 348.21, 202.07
210.20, 71.79, 185.87, 348.21, 202.07
210.20, 71.79, 185.87, 348.21, 202.07
211.82, 74.73, 183.11, 359.17, 202.79
211.96, 74.67, 183.08, 358.94, 202.81
214.34, 73.84, 183.16, 366.80, 207.95
214.13, 74.15, 182.76, 367.04, 208.07
210.85, 74.87, 182.78, 374.49, 214.95
210.85, 74.87, 182.78, 374.49, 214.95
210.62, 74.17, 183.38, 378.73, 220.13
210.62, 74.17, 183.38, 378.73, 220.13
208.59, 72.81, 184.01, 381.09, 228.60
193.84, 84.64, 180.16, 351.95, 229.31
208.59, 72.81, 184.01, 381.09, 228.60
193.84, 84.64, 180.16, 351.95, 229.31
212.11, 75.53, 188.11, 365.65, 227.01
207.04, 73.23, 184.11, 384.70, 231.39
212.11, 75.53, 188.11, 365.65, 227.01
207.04, 73.23, 184.11, 384.70, 231.39
202.64, 85.08, 184.19, 371.79, 222.44
202.58, 79.93, 183.53, 389.83, 229.28
202.63, 84.80, 184.29, 371.86, 222.55
202.64, 79.84, 183.61, 389.81, 229.29
197.55, 76.68, 179.08, 408.79, 211.21
197.50, 76.71, 179.04, 408.79, 211.21
188.16, 79.80, 177.77, 420.61, 190.88
188.13, 79.82, 177.74, 420.70, 190.79
201.77, 79.94, 177.89, 424.60, 164.73
201.71, 79.99, 177.83, 424.70, 164.76
212.32, 80.13, 180.46, 436.42, 148.27
212.40, 80.10, 180.52, 436.40, 148.30
210.09, 72.92, 186.09, 449.91, 137.69
210.09, 72.92, 186.09, 449.91, 137.69
213.87, 67.08, 191.73, 467.78, 115.64
213.87, 67.08, 191.73, 467.78, 115.64
209.96, 65.93, 192.62, 492.66, 104.59
209.98, 65.92, 192.63, 492.65, 104.56
206.50, 69.18, 188.54, 511.06, 108.03
206.48, 69.23, 188.48, 510.98, 108.29
209.36, 68.86, 187.65, 511.92, 147.97
209.36, 68.86, 187.65, 511.92, 147.97
202.84, 77.98, 178.62, 523.59, 216.16
214.95, 71.83, 186.35, 527.33, 148.00
202.84, 77.98, 178.62, 523.59, 216.16
214.89, 71.83, 186.36, 527.34, 148.03
205.79, 76.82, 183.18, 528.22, 177.76
205.79, 76.82, 183.18, 528.22, 177.76
208.71, 70.37, 188.68, 529.42, 206.42
208.44, 70.45, 188.59, 529.44, 206.47
214.16, 66.61, 191.96, 543.44, 202.06
214.08, 66.64, 191.89, 543.57, 202.37
216.32, 65.33, 192.92, 555.78, 193.15
216.36, 65.30, 192.96, 555.78, 193.15
220.33, 64.02, 195.26, 564.00, 189.08
220.33, 64.02, 195.26, 564.00, 189.08
218.24, 65.66, 192.07, 569.45, 191.06
218.25, 65.65, 192.09, 569.45, 191.06
214.30, 67.95, 189.41, 571.30, 198.52
214.30, 67.95, 189.41, 571.30, 198.52
208.14, 71.96, 185.37, 570.99, 208.20
208.14, 71.96, 185.37, 570.99, 208.20
209.35, 71.16, 185.62, 574.57, 204.76
209.31, 71.21, 185.55, 574.61, 204.70
208.94, 72.79, 184.86, 576.33, 200.80
208.97, 72.78, 184.87, 576.33, 200.79
209.24, 72.43, 184.96, 576.40, 197.93
209.24, 72.43, 184.96, 576.40, 197.93
211.09, 75.51, 182.30, 571.80, 195.83
210.92, 75.60, 182.09, 571.83, 195.90
215.15, 73.58, 183.99, 570.09, 192.70
215.15, 73.58, 183.99, 570.09, 192.70
213.40, 72.44, 185.70, 565.66, 189.58
213.39, 72.51, 185.61, 565.73, 189.49
213.93, 67.86, 190.19, 561.54, 191.17
213.82, 67.62, 190.60, 561.84, 191.23
216.73, 65.11, 192.61, 560.16, 194.17
216.68, 65.13, 192.67, 560.20, 194.24
218.44, 63.14, 195.09, 562.27, 196.96
218.44, 63.14, 195.09, 562.27, 196.96
216.62, 64.47, 193.64, 566.27, 198.96
216.61, 64.47, 193.64, 566.27, 198.96
216.93, 63.87, 194.24, 571.62, 200.55
216.96, 63.85, 194.26, 571.62, 200.55
216.13, 64.14, 193.45, 576.08, 202.83
211.12, 67.30, 195.78, 588.44, 225.40
216.13, 64.14, 193.45, 576.08, 202.83
211.12, 67.30, 195.78, 588.44, 225.40
217.03, 63.53, 194.19, 577.79, 203.06
213.03, 68.28, 194.90, 589.53, 222.18
217.03, 63.53, 194.19, 577.79, 203.06
213.03, 68.28, 194.90, 589.53, 222.18
216.65, 64.38, 193.85, 581.60, 203.50
213.24, 67.18, 194.37, 590.51, 220.85
216.65, 64.38, 193.85, 581.60, 203.50
213.24, 67.18, 194.37, 590.51, 220.85
216.88, 63.96, 193.42, 587.10, 201.34
216.16, 65.78, 195.00, 592.96, 217.34
216.88, 63.96, 193.42, 587.10, 201.34
216.16, 65.78, 195.00, 592.96, 217.34
217.60, 64.83, 192.75, 590.08, 199.07
214.96, 67.35, 193.26, 592.35, 214.94
217.56, 64.84, 192.74, 590.08, 199.07
214.85, 67.35, 193.26, 592.35, 214.94
215.74, 65.91, 192.08, 590.96, 195.87
209.99, 70.85, 190.02, 595.70, 206.51
215.76, 65.91, 192.08, 590.96, 195.87
209.99, 70.85, 190.02, 595.70, 206.51
209.39, 77.89, 186.27, 603.68, 202.60
215.61, 66.04, 191.65, 592.59, 192.90
209.39, 77.89, 186.27, 603.68, 202.60
215.55, 66.13, 191.55, 592.54, 192.85
210.28, 78.74, 186.32, 603.82, 202.25
215.89, 65.63, 191.96, 592.77, 191.57
210.28, 78.74, 186.32, 603.82, 202.25
215.89, 65.63, 191.96, 592.77, 191.57
215.69, 66.25, 190.92, 591.48, 191.88
208.13, 79.66, 183.82, 603.72, 204.07
215.73, 66.33, 190.99, 591.57, 191.90
207.86, 80.83, 183.79, 603.72, 204.03
214.86, 66.47, 191.04, 591.51, 193.71
205.11, 80.20, 185.34, 602.68, 204.47
214.86, 66.47, 191.04, 591.51, 193.71
205.11, 80.20, 185.34, 602.68, 204.47
215.31, 66.06, 191.17, 590.92, 195.63
206.37, 77.18, 185.87, 601.57, 204.91
215.38, 66.05, 191.20, 590.94, 195.59
204.88, 78.62, 185.07, 601.83, 205.46
216.15, 65.77, 191.68, 590.42, 198.51
209.64, 75.05, 187.99, 600.00, 208.10
216.07, 65.86, 191.64, 590.45, 198.54
209.45, 75.43, 187.90, 600.07, 208.15
216.99, 64.42, 193.05, 589.88, 202.78
216.15, 69.02, 191.62, 600.74, 209.28
216.99, 64.42, 193.05, 589.88, 202.78
216.15, 69.02, 191.62, 600.74, 209.28
217.26, 63.81, 193.80, 592.62, 205.47
220.46, 66.90, 193.69, 608.74, 202.08
217.30, 63.79, 193.83, 592.63, 205.46
220.46, 66.90, 193.69, 608.74, 202.08
217.53, 63.72, 194.42, 596.00, 210.59
218.12, 68.32, 193.71, 616.06, 201.94
217.53, 63.72, 194.42, 596.00, 210.59
218.12, 68.32, 193.71, 616.06, 201.94
218.02, 62.70, 194.76, 600.74, 216.62
219.01, 66.65, 192.31, 621.91, 200.07
218.02, 62.66, 194.83, 600.76, 216.59
219.01, 66.65, 192.31, 621.91, 200.07
216.42, 62.52, 194.53, 604.96, 223.04
216.96, 65.08, 192.64, 620.78, 210.22
216.41, 62.54, 194.46, 604.96, 223.04
216.93, 65.13, 192.48, 620.78, 210.22
217.60, 61.66, 195.24, 605.54, 225.42
217.78, 64.26, 192.76, 620.74, 214.41
217.57, 61.66, 195.24, 605.54, 225.42
217.78, 64.26, 192.76, 620.74, 214.41
215.80, 62.82, 193.98, 604.89, 227.55
216.00, 65.33, 192.38, 619.84, 217.28
215.80, 62.80, 194.03, 604.87, 227.59
216.03, 65.29, 192.51, 619.88, 217.32
216.88, 62.07, 195.07, 604.83, 227.55
216.35, 65.04, 193.08, 620.00, 217.37
216.91, 62.07, 195.08, 604.83, 227.55
216.38, 65.04, 193.08, 620.00, 217.37
216.79, 62.47, 194.50, 604.75, 227.61
216.38, 65.43, 192.29, 619.91, 217.19
216.79, 62.47, 194.50, 604.75, 227.61
216.38, 65.43, 192.29, 619.91, 217.19
216.37, 62.35, 194.74, 604.65, 227.54
215.59, 65.51, 192.61, 619.82, 217.10
216.35, 62.35, 194.73, 604.65, 227.54
215.59, 65.51, 192.61, 619.82, 217.10
216.97, 62.17, 194.80, 604.58, 227.66
216.48, 65.27, 192.70, 619.78, 217.23
216.91, 62.16, 194.80, 604.58, 227.63
216.40, 65.27, 192.68, 619.77, 217.20
216.64, 62.30, 194.88, 604.73, 227.95
216.30, 65.64, 192.72, 619.87, 217.81
216.67, 62.30, 194.90, 604.74, 227.94
216.24, 65.66, 192.74, 619.86, 217.83
216.69, 62.18, 195.01, 604.72, 228.00
215.97, 65.36, 193.02, 619.83, 217.75
216.75, 62.19, 194.99, 604.69, 228.00
216.01, 65.36, 193.04, 619.84, 217.71
216.98, 61.91, 195.21, 604.65, 227.92
216.27, 65.06, 193.14, 619.82, 217.54
216.56, 62.20, 195.09, 604.45, 227.84
215.64, 65.45, 192.70, 619.83, 217.33
217.02, 62.19, 195.06, 604.34, 227.79
216.42, 65.29, 192.75, 619.87, 217.09
217.02, 62.19, 195.06, 604.34, 227.79
216.42, 65.29, 192.75, 619.87, 217.09
217.15, 62.20, 195.10, 604.38, 227.77
216.22, 65.41, 192.69, 619.87, 217.09
217.04, 62.16, 195.13, 604.34, 227.79
216.32, 65.06, 192.90, 619.14, 217.82
216.80, 62.26, 195.03, 604.39, 227.92
216.12, 65.22, 192.74, 619.13, 217.88
216.86, 62.22, 195.10, 604.39, 227.99
216.07, 65.44, 192.73, 619.87, 217.26
216.84, 62.27, 195.04, 604.54, 227.86
216.15, 65.44, 192.71, 619.86, 217.34
216.80, 62.24, 195.03, 604.54, 227.86
216.16, 65.40, 192.73, 619.86, 217.34
216.86, 62.30, 194.97, 604.58, 228.02
215.95, 65.66, 192.56, 619.81, 217.33
216.84, 62.22, 194.97, 604.55, 228.02
215.97, 65.52, 192.58, 619.81, 217.29
216.82, 62.18, 194.98, 604.52, 227.99
216.12, 65.43, 192.66, 619.83, 217.27
216.63, 62.20, 194.96, 604.51, 227.91
215.91, 65.47, 192.64, 619.85, 217.23
217.39, 62.10, 195.12, 604.47, 228.16
216.88, 65.42, 192.70, 619.86, 217.29
217.36, 62.03, 195.16, 604.28, 228.32
216.87, 65.41, 192.69, 619.86, 217.29
217.25, 62.00, 195.20, 604.22, 228.37
217.05, 65.37, 192.62, 619.87, 217.18
217.21, 61.95, 195.20, 604.21, 228.37
217.09, 65.24, 192.64, 619.87, 217.18
216.99, 62.35, 194.56, 604.10, 227.88
217.11, 65.19, 192.52, 619.20, 216.79
216.99, 62.35, 194.56, 604.10, 227.88
217.11, 65.19, 192.52, 619.20, 216.79
216.23, 62.47, 194.58, 604.02, 227.64
216.40, 65.06, 192.69, 618.45, 217.15
216.23, 62.47, 194.58, 604.02, 227.64
216.40, 65.06, 192.69, 618.45, 217.15
216.62, 62.69, 194.23, 603.74, 227.37
217.11, 64.98, 192.62, 618.44, 216.66
216.62, 62.69, 194.23, 603.74, 227.37
217.11, 64.98, 192.62, 618.44, 216.66
216.51, 62.62, 194.45, 603.69, 227.33
216.90, 65.10, 192.81, 618.46, 216.43
216.52, 62.59, 194.50, 603.69, 227.33
216.90, 65.10, 192.81, 618.46, 216.43
216.34, 62.59, 194.52, 603.57, 227.39
216.91, 65.03, 192.75, 618.41, 216.55
216.27, 62.56, 194.54, 603.55, 227.39
216.99, 64.98, 192.79, 618.42, 216.46
216.29, 62.56, 194.56, 603.53, 227.40
217.05, 64.94, 192.83, 618.42, 216.45
216.30, 62.53, 194.59, 603.53, 227.40
217.01, 64.94, 192.83, 618.42, 216.45
216.46, 62.57, 194.56, 603.59, 227.33
217.05, 64.99, 192.80, 618.43, 216.46
216.21, 62.35, 194.74, 603.61, 227.31
216.77, 64.84, 192.89, 618.45, 216.50
216.24, 62.35, 194.74, 603.61, 227.31
216.80, 64.84, 192.89, 618.45, 216.50
216.22, 62.34, 194.74, 603.61, 227.31
216.76, 64.81, 192.89, 618.45, 216.50
216.55, 62.29, 194.81, 603.62, 227.27
217.01, 64.71, 193.12, 618.47, 216.42
216.53, 62.29, 194.81, 603.62, 227.27
217.01, 64.71, 193.12, 618.47, 216.42
216.36, 62.31, 194.78, 603.59, 227.30
216.92, 64.71, 193.10, 618.46, 216.46
216.50, 62.22, 194.85, 603.63, 227.31
216.86, 64.59, 193.15, 618.46, 216.46
216.54, 62.26, 194.73, 603.56, 227.27
217.09, 64.54, 193.05, 618.44, 216.44
216.51, 62.23, 194.74, 603.56, 227.27
216.94, 64.56, 193.03, 618.47, 216.41
216.52, 62.23, 194.74, 603.55, 227.29
216.95, 64.53, 193.03, 618.46, 216.44
216.51, 62.21, 194.76, 603.55, 227.28
216.99, 64.51, 193.05, 618.46, 216.40
216.57, 62.21, 194.78, 603.54, 227.29
217.05, 64.48, 193.10, 618.46, 216.42
216.63, 62.18, 194.80, 603.56, 227.30
217.06, 64.50, 193.10, 618.46, 216.42
216.50, 62.22, 194.77, 603.57, 227.50
217.09, 64.46, 193.06, 618.43, 216.65
216.61, 62.17, 194.81, 603.59, 227.51
217.17, 64.40, 193.13, 618.43, 216.65
216.77, 62.28, 194.75, 603.61, 227.51
217.36, 64.50, 193.10, 618.40, 216.69
216.70, 62.25, 194.78, 603.60, 227.54
217.36, 64.48, 193.13, 618.40, 216.69
216.68, 62.25, 194.74, 603.60, 227.55
217.30, 64.51, 193.04, 618.40, 216.73
216.64, 62.24, 194.71, 603.60, 227.48
217.23, 64.42, 193.07, 618.40, 216.73
216.68, 62.27, 194.68, 603.63, 227.52
217.17, 64.55, 192.88, 618.41, 216.67
216.51, 62.34, 194.51, 603.73, 227.66
216.80, 64.39, 192.89, 618.38, 217.11
216.38, 62.38, 194.49, 603.71, 227.61
216.80, 64.39, 192.89, 618.38, 217.11
216.49, 62.35, 194.51, 603.73, 227.60
216.67, 64.60, 192.80, 619.11, 216.39
216.38, 62.58, 194.34, 603.88, 227.71
216.93, 64.80, 192.76, 619.13, 216.46
216.40, 62.57, 194.34, 603.89, 227.70
216.87, 64.79, 192.76, 619.13, 216.46
217.16, 62.19, 194.70, 603.96, 228.38
217.05, 64.13, 193.49, 619.03, 217.66
217.15, 62.19, 194.70, 603.96, 228.38
217.05, 64.13, 193.49, 619.03, 217.66
216.58, 62.29, 194.68, 604.01, 228.51
216.16, 64.54, 193.05, 619.73, 217.42
216.50, 62.30, 194.66, 604.01, 228.54
216.17, 64.54, 193.05, 619.73, 217.42
215.98, 65.33, 192.54, 619.80, 216.97
216.58, 62.44, 194.49, 603.77, 228.15
216.73, 64.87, 192.78, 619.64, 217.27
216.76, 62.05, 194.71, 603.61, 228.35
217.10, 65.20, 192.59, 619.53, 216.76
216.56, 62.61, 194.25, 603.27, 228.02
217.10, 65.20, 192.59, 619.53, 216.76
216.56, 62.61, 194.25, 603.27, 228.02
217.40, 64.42, 193.33, 618.80, 216.72
216.85, 62.47, 194.61, 602.73, 227.35
217.40, 64.42, 193.33, 618.80, 216.72
216.86, 62.47, 194.62, 602.73, 227.35
217.03, 65.53, 192.67, 618.81, 216.55
216.51, 62.96, 194.10, 602.25, 226.91
217.03, 65.53, 192.67, 618.81, 216.55
216.51, 62.96, 194.10, 602.25, 226.91
216.80, 65.31, 193.33, 618.09, 216.45
216.82, 62.74, 194.69, 601.67, 226.67
216.80, 65.31, 193.33, 618.09, 216.45
216.82, 62.74, 194.69, 601.67, 226.67
216.27, 63.57, 194.00, 601.05, 226.39
216.44, 66.72, 192.72, 618.01, 216.12
216.27, 63.57, 194.00, 601.05, 226.39
216.44, 66.72, 192.72, 618.01, 216.12
216.71, 62.95, 194.56, 600.56, 226.27
216.75, 66.07, 193.59, 618.03, 215.41
216.73, 62.92, 194.58, 600.56, 226.27
216.75, 66.07, 193.59, 618.03, 215.41
216.68, 62.98, 194.53, 600.46, 226.04
216.49, 65.99, 193.32, 617.34, 215.71
216.73, 62.91, 194.65, 600.46, 226.04
216.60, 65.83, 193.63, 617.34, 215.73
216.66, 62.90, 194.63, 600.50, 225.97
216.58, 65.83, 193.63, 617.34, 215.73
216.71, 62.85, 194.66, 600.49, 225.94
216.73, 65.79, 193.67, 617.35, 215.65
216.79, 62.85, 194.53, 600.50, 225.92
216.55, 66.22, 193.34, 618.18, 214.61
216.79, 62.84, 194.53, 600.50, 225.92
216.55, 66.22, 193.34, 618.18, 214.61
216.77, 62.86, 194.53, 600.50, 225.93
216.56, 66.19, 193.37, 618.18, 214.61
216.74, 62.84, 194.54, 600.50, 225.93
216.56, 66.19, 193.37, 618.18, 214.61
216.89, 62.56, 194.68, 600.37, 225.97
216.82, 65.81, 193.42, 618.20, 214.51
216.73, 62.56, 194.71, 600.32, 225.97
216.71, 65.75, 193.43, 618.21, 214.50
216.72, 62.54, 194.71, 600.32, 225.97
216.72, 65.72, 193.44, 618.21, 214.50
216.71, 62.54, 194.72, 600.32, 225.97
216.72, 65.72, 193.44, 618.21, 214.50
216.64, 62.54, 194.72, 600.28, 226.06
216.92, 65.80, 193.45, 618.21, 214.66
216.61, 62.52, 194.72, 600.28, 226.06
217.02, 65.75, 193.48, 618.20, 214.67
216.61, 62.51, 194.72, 600.28, 226.06
217.02, 65.75, 193.48, 618.20, 214.67
216.61, 62.51, 194.72, 600.28, 226.06
217.02, 65.75, 193.48, 618.20, 214.67
216.70, 62.51, 194.74, 600.28, 225.98
217.40, 65.57, 193.63, 618.21, 214.52
216.60, 62.13, 195.16, 600.33, 225.88
217.22, 65.11, 194.04, 618.20, 214.42
216.60, 62.13, 195.16, 600.33, 225.88
217.22, 65.11, 194.04, 618.20, 214.42
216.60, 62.13, 195.16, 600.33, 225.88
217.22, 65.11, 194.04, 618.20, 214.42
216.73, 62.17, 195.14, 600.33, 225.85
217.15, 65.46, 193.83, 619.01, 213.21
216.72, 62.16, 195.14, 600.33, 225.85
217.14, 65.47, 193.85, 619.01, 213.21
216.73, 62.18, 195.13, 600.33, 225.85
217.16, 65.48, 193.86, 619.01, 213.21
216.71, 62.12, 195.20, 600.33, 225.85
217.14, 65.46, 193.85, 619.01, 213.21
216.71, 62.23, 195.17, 600.32, 225.87
217.75, 65.35, 194.10, 618.85, 213.41
216.70, 62.22, 195.17, 600.32, 225.87
217.72, 65.35, 194.10, 618.85, 213.41
216.70, 62.22, 195.17, 600.32, 225.87
217.70, 65.35, 194.09, 618.85, 213.41
216.68, 62.21, 195.18, 600.32, 225.87
217.70, 65.34, 194.10, 618.85, 213.41
216.68, 62.20, 195.17, 600.33, 225.87
217.87, 65.14, 194.35, 618.80, 213.95
216.67, 62.20, 195.17, 600.33, 225.87
217.71, 65.22, 194.31, 618.83, 213.92
216.61, 62.24, 195.15, 600.34, 225.88
217.52, 65.31, 194.24, 618.82, 214.00
216.53, 62.25, 195.15, 600.35, 225.89
217.30, 65.36, 194.23, 618.81, 214.06
216.73, 62.18, 195.25, 600.28, 226.01
217.37, 65.34, 194.28, 618.77, 214.18
216.73, 62.18, 195.25, 600.28, 226.01
217.37, 65.34, 194.28, 618.77, 214.18
216.74, 62.20, 195.21, 600.27, 226.00
217.42, 65.36, 194.21, 618.77, 214.18
216.68, 62.17, 195.27, 600.27, 226.00
217.31, 65.28, 194.38, 618.77, 214.18
216.54, 62.21, 195.18, 600.22, 226.01
217.41, 65.11, 194.36, 618.77, 214.18
216.54, 62.20, 195.21, 600.22, 226.01
217.41, 65.11, 194.36, 618.77, 214.18
216.54, 62.19, 195.21, 600.22, 226.01
217.48, 65.09, 194.35, 618.77, 214.18
216.53, 62.16, 195.22, 600.22, 226.01
217.46, 65.11, 194.38, 618.77, 214.18
216.73, 62.12, 195.18, 600.20, 226.00
217.80, 64.97, 194.40, 618.76, 214.10
216.70, 62.11, 195.20, 600.20, 226.00
217.79, 64.97, 194.41, 618.76, 214.10
216.61, 62.11, 195.24, 600.23, 226.01
217.42, 65.02, 194.41, 618.76, 214.20
216.54, 62.11, 195.22, 600.38, 225.87
217.42, 64.97, 194.42, 618.76, 214.20
216.60, 62.10, 195.16, 600.39, 225.86
217.49, 64.97, 194.38, 618.76, 214.20
216.59, 62.10, 195.19, 600.39, 225.86
217.46, 64.98, 194.40, 618.76, 214.20
216.63, 62.03, 195.22, 600.38, 225.86
217.61, 64.80, 194.49, 618.76, 214.16
216.72, 62.07, 195.08, 600.24, 225.80
217.76, 64.94, 193.97, 618.84, 213.32
216.71, 62.08, 195.05, 600.24, 225.80
217.76, 64.94, 193.97, 618.84, 213.32
216.71, 62.07, 195.07, 600.24, 225.80
217.76, 64.94, 193.97, 618.84, 213.32
216.71, 62.08, 195.05, 600.24, 225.80
217.76, 64.94, 193.97, 618.84, 213.32
216.71, 62.07, 195.07, 600.24, 225.80
217.76, 64.94, 193.97, 618.84, 213.32
216.71, 62.08, 195.07, 600.24, 225.80
217.77, 64.95, 193.96, 618.84, 213.32
216.72, 62.08, 195.07, 600.24, 225.80
217.78, 64.95, 193.96, 618.84, 213.32
216.72, 62.08, 195.07, 600.24, 225.80
217.78, 64.96, 193.96, 618.84, 213.32
216.72, 62.08, 195.07, 600.24, 225.80
217.78, 64.96, 193.96, 618.84, 213.32
216.71, 62.08, 195.06, 600.24, 225.80
217.78, 64.96, 193.95, 618.84, 213.32
216.70, 62.08, 195.06, 600.24, 225.80
217.76, 64.96, 193.95, 618.84, 213.32
216.70, 62.08, 195.06, 600.24, 225.80
217.67, 64.99, 193.93, 618.86, 213.30
216.75, 61.99, 195.07, 600.23, 225.80
217.77, 64.87, 193.95, 618.87, 213.27
216.73, 62.05, 195.04, 600.23, 225.81
217.73, 65.04, 193.86, 618.87, 213.27
216.67, 62.05, 195.06, 600.23, 225.81
217.61, 65.05, 193.90, 618.87, 213.30
216.67, 62.06, 195.04, 600.23, 225.81
217.61, 65.08, 193.88, 618.87, 213.30
216.64, 62.09, 195.10, 600.25, 225.79
217.64, 65.15, 193.97, 618.86, 213.32
216.68, 62.05, 195.15, 600.23, 225.77
217.67, 65.11, 193.96, 618.89, 213.22
216.69, 62.03, 195.15, 600.25, 225.74
217.64, 65.11, 193.96, 618.89, 213.22
216.70, 62.04, 195.15, 600.25, 225.74
217.65, 65.11, 193.96, 618.89, 213.22
216.63, 62.03, 195.19, 600.23, 225.74
217.64, 65.11, 193.96, 618.89, 213.22
216.47, 62.07, 195.14, 600.18, 225.76
217.84, 64.82, 194.32, 618.79, 213.81
216.38, 62.10, 195.07, 600.11, 225.77
217.76, 64.73, 194.31, 618.79, 213.81
216.38, 62.10, 195.06, 600.11, 225.77
217.76, 64.73, 194.31, 618.79, 213.81
216.38, 62.09, 195.09, 600.11, 225.77
217.49, 65.01, 193.97, 618.89, 213.21
216.35, 62.00, 195.23, 600.13, 225.76
217.46, 65.01, 193.97, 618.87, 213.27
216.37, 62.00, 195.23, 600.13, 225.76
217.46, 65.01, 193.97, 618.87, 213.27
216.38, 61.99, 195.25, 600.13, 225.76
217.50, 65.00, 193.97, 618.87, 213.27
216.43, 61.96, 195.27, 600.13, 225.79
217.51, 65.00, 193.98, 618.87, 213.27
216.48, 62.09, 195.23, 600.14, 225.76
217.25, 65.24, 193.88, 618.89, 213.19
216.42, 62.03, 195.26, 600.12, 225.76
217.24, 65.02, 193.93, 618.90, 213.17
217.86, 64.94, 193.73, 618.44, 212.51
216.47, 62.55, 194.70, 599.70, 224.53
217.86, 64.94, 193.73, 618.44, 212.51
216.47, 62.55, 194.70, 599.70, 224.53
217.21, 63.19, 194.34, 598.94, 222.38
219.90, 65.25, 194.17, 618.55, 210.34
217.21, 63.19, 194.34, 598.94, 222.38
219.90, 65.25, 194.17, 618.55, 210.34
217.56, 63.20, 194.82, 598.10, 219.29
220.57, 65.20, 194.29, 617.31, 208.58
217.53, 63.15, 194.79, 598.07, 219.28
220.66, 65.01, 194.26, 617.27, 208.55
215.59, 64.54, 193.12, 596.53, 214.01
219.90, 65.92, 193.03, 617.21, 206.48
215.60, 64.53, 193.13, 596.53, 214.01
219.88, 65.96, 193.02, 617.21, 206.48
215.45, 65.18, 192.37, 596.89, 206.97
219.89, 66.39, 192.84, 616.55, 204.03
215.42, 65.19, 192.37, 596.89, 206.97
219.90, 66.39, 192.84, 616.55, 204.03
213.67, 67.92, 190.36, 597.97, 199.08
219.82, 68.40, 192.87, 616.46, 201.33
213.75, 67.86, 190.39, 597.97, 199.08
219.83, 68.40, 192.87, 616.46, 201.33
216.15, 70.74, 191.05, 614.54, 200.99
213.35, 68.99, 187.62, 602.27, 189.52
216.15, 70.74, 191.05, 614.54, 200.99
213.31, 69.01, 187.61, 602.27, 189.53
203.32, 79.95, 184.22, 613.51, 199.54
213.98, 72.64, 185.04, 611.86, 182.56
203.32, 79.95, 184.22, 613.51, 199.54
214.03, 72.56, 185.05, 611.87, 182.56
215.09, 74.35, 184.19, 620.36, 178.84
215.09, 74.35, 184.19, 620.36, 178.84
212.54, 74.60, 183.05, 626.25, 174.12
212.73, 74.63, 183.11, 626.23, 174.14
209.93, 73.55, 184.10, 627.78, 172.60
209.95, 73.57, 184.09, 627.78, 172.60
207.01, 75.66, 182.60, 628.21, 174.60
208.68, 73.80, 183.44, 627.07, 176.27
208.63, 73.81, 183.43, 627.06, 176.28
208.67, 73.80, 183.44, 627.07, 176.27
209.46, 74.45, 183.03, 626.10, 177.11
209.49, 74.40, 183.12, 626.10, 177.11
209.54, 74.19, 183.38, 625.53, 177.57
209.32, 73.44, 184.09, 625.72, 177.44
209.44, 73.53, 183.88, 625.66, 177.23
209.42, 73.54, 183.88, 625.66, 177.23
209.66, 73.57, 184.00, 625.55, 177.23
209.80, 73.20, 184.27, 625.69, 177.29
209.50, 73.27, 184.10, 625.57, 177.32
209.50, 73.23, 184.21, 625.53, 177.38
209.82, 73.10, 184.33, 625.66, 177.46
209.84, 73.10, 184.33, 625.66, 177.46
210.04, 73.22, 184.31, 625.71, 177.56
210.15, 73.14, 184.40, 625.71, 177.53
210.07, 73.15, 184.40, 625.75, 177.54
210.01, 73.18, 184.41, 625.76, 177.51
210.18, 73.32, 184.18, 625.74, 177.37
210.21, 73.09, 184.35, 625.88, 177.48
210.23, 73.10, 184.32, 625.89, 177.50
210.16, 73.10, 184.31, 625.85, 177.43
210.09, 73.07, 184.35, 625.74, 177.50
209.98, 72.98, 184.47, 625.73, 177.59
209.98, 72.98, 184.47, 625.73, 177.59
209.90, 72.95, 184.49, 625.65, 177.59
209.94, 72.88, 184.60, 625.65, 177.58
209.89, 72.86, 184.58, 625.64, 177.53
209.75, 72.94, 184.49, 625.62, 177.44
209.66, 72.87, 184.54, 625.69, 177.50
209.60, 72.63, 184.58, 625.62, 177.53
209.55, 72.54, 184.66, 625.57, 177.52
209.55, 72.54, 184.66, 625.57, 177.52
209.55, 72.53, 184.66, 625.57, 177.52
209.51, 72.84, 184.50, 625.43, 177.34
209.58, 72.58, 184.88, 625.36, 177.28
209.58, 72.58, 184.88, 625.36, 177.28
209.58, 72.58, 184.88, 625.36, 177.28
209.65, 72.49, 184.90, 625.44, 177.44
209.65, 72.49, 184.90, 625.44, 177.44
209.71, 72.47, 184.99, 625.46, 177.46
209.34, 72.49, 184.96, 625.54, 177.48
208.90, 72.63, 184.93, 625.54, 177.45
208.86, 72.67, 184.85, 625.53, 177.40
208.89, 72.69, 184.83, 625.53, 177.40
208.81, 72.67, 184.84, 625.53, 177.40
208.76, 72.83, 184.72, 625.46, 177.32
208.72, 72.83, 184.70, 625.54, 177.34
208.63, 72.82, 184.74, 625.55, 177.35
208.63, 72.81, 184.74, 625.55, 177.35
208.70, 72.85, 184.75, 625.51, 177.34
208.63, 72.78, 184.78, 625.50, 177.30
208.57, 72.82, 184.69, 625.57, 177.43
208.56, 72.75, 184.73, 625.51, 177.44
208.64, 72.72, 184.75, 625.49, 177.40
208.65, 72.72, 184.74, 625.49, 177.40
209.27, 72.73, 184.61, 625.63, 177.34
209.24, 72.72, 184.61, 625.63, 177.34
208.04, 73.68, 183.67, 626.15, 176.25
208.06, 73.72, 183.62, 626.08, 176.21
207.67, 73.11, 184.36, 626.56, 175.40
207.68, 73.11, 184.35, 626.56, 175.40
206.05, 73.24, 183.91, 627.53, 175.03
206.04, 73.25, 183.87, 627.53, 175.03
204.62, 72.80, 184.58, 629.28, 173.79
204.74, 72.91, 184.46, 629.37, 173.40
203.69, 73.26, 183.87, 630.82, 174.10
203.69, 73.26, 183.87, 630.82, 174.10
203.92, 72.20, 185.01, 631.04, 171.65
203.92, 72.20, 185.01, 631.04, 171.65
204.19, 72.70, 184.68, 632.82, 171.08
204.09, 72.73, 184.65, 632.82, 171.08
204.53, 70.97, 186.19, 633.73, 169.43
204.55, 70.95, 186.20, 633.73, 169.43
205.66, 70.62, 186.19, 635.78, 167.22
205.64, 70.61, 186.20, 635.78, 167.22
207.51, 69.08, 188.15, 637.05, 164.41
207.55, 69.01, 188.16, 637.05, 164.41
207.76, 69.07, 188.22, 638.01, 164.35
207.76, 69.07, 188.22, 638.01, 164.35
208.91, 68.48, 188.50, 638.37, 163.36
209.55, 67.53, 189.07, 638.92, 162.04
209.59, 67.47, 189.13, 638.97, 161.98
209.57, 67.45, 189.18, 638.95, 161.99
209.59, 67.09, 189.81, 638.96, 161.44
209.59, 67.09, 189.81, 638.96, 161.44
210.92, 66.10, 190.54, 641.00, 159.70
210.92, 66.10, 190.54, 641.00, 159.70
210.54, 66.52, 190.83, 641.55, 155.64
210.54, 66.52, 190.83, 641.55, 155.64
212.52, 65.97, 190.88, 640.75, 155.39
212.52, 65.97, 190.88, 640.75, 155.39
212.37, 65.89, 191.18, 639.98, 156.90
212.46, 65.60, 191.60, 640.23, 155.99
212.82, 65.72, 191.54, 640.21, 155.99
212.60, 65.76, 191.60, 640.28, 156.06
212.92, 64.99, 192.36, 641.31, 154.32
212.90, 64.99, 192.36, 641.31, 154.32
213.72, 64.77, 192.85, 644.83, 150.21
213.72, 64.77, 192.85, 644.83, 150.21
213.52, 64.63, 192.66, 647.66, 147.09
213.52, 64.63, 192.66, 647.66, 147.09
212.96, 64.85, 192.07, 649.76, 146.95
213.06, 64.75, 192.14, 649.80, 146.88
190.74, 72.91, 187.06, 623.07, 176.25
209.69, 67.22, 190.18, 655.26, 140.87
190.74, 72.91, 187.06, 623.07, 176.25
209.66, 67.23, 190.17, 655.26, 140.87
200.55, 77.37, 186.06, 640.35, 156.66
209.91, 68.42, 188.42, 662.69, 130.64
192.27, 79.56, 184.22, 651.30, 154.79
212.71, 67.50, 189.37, 668.77, 118.34
192.27, 79.56, 184.22, 651.30, 154.79
212.71, 67.50, 189.38, 668.77, 118.34
192.27, 79.56, 184.22, 651.30, 154.79
212.64, 67.52, 189.36, 668.80, 118.31
205.45, 65.42, 192.84, 649.76, 154.01
215.74, 65.58, 191.55, 669.02, 111.14
205.46, 65.41, 192.86, 649.76, 154.01
215.76, 65.57, 191.56, 669.02, 111.14
213.61, 62.08, 195.20, 651.94, 148.99
218.41, 64.21, 192.92, 670.51, 104.55
213.61, 62.08, 195.20, 651.94, 148.99
218.43, 64.21, 192.92, 670.51, 104.55
208.82, 66.37, 188.57, 653.02, 144.89
218.53, 64.32, 194.08, 670.82, 101.47
208.82, 66.37, 188.57, 653.02, 144.89
218.53, 64.32, 194.08, 670.82, 101.47
217.52, 64.49, 193.63, 670.94, 100.75
217.52, 64.49, 193.63, 670.94, 100.75
214.75, 66.42, 191.85, 671.29, 101.71
214.75, 66.42, 191.85, 671.29, 101.71
215.06, 66.60, 192.43, 672.56, 96.70
215.06, 66.60, 192.43, 672.56, 96.70
213.45, 67.77, 192.00, 674.06, 92.64
213.45, 67.77, 192.00, 674.06, 92.64
213.74, 66.84, 192.75, 675.29, 89.82
214.46, 67.25, 192.42, 675.56, 89.35
214.66, 68.23, 192.14, 678.79, 86.57
214.66, 68.23, 192.14, 678.79, 86.57
214.51, 66.74, 192.07, 679.70, 86.80
214.51, 66.74, 192.07, 679.70, 86.80
213.42, 67.34, 191.96, 679.37, 86.27
213.42, 67.34, 191.96, 679.37, 86.27
212.12, 67.18, 191.87, 679.28, 83.76
212.12, 67.18, 191.87, 679.28, 83.76
209.99, 67.93, 190.85, 681.41, 81.50
209.99, 67.93, 190.85, 681.41, 81.50
209.58, 67.00, 191.69, 681.00, 81.48
209.58, 67.00, 191.69, 681.00, 81.48
208.83, 66.88, 191.41, 679.88, 80.94
208.83, 66.88, 191.41, 679.88, 80.94
206.69, 66.65, 191.53, 680.05, 80.05
206.69, 66.65, 191.53, 680.05, 80.05
204.22, 67.39, 190.25, 679.07, 79.90
204.22, 67.39, 190.25, 679.07, 79.90
205.42, 66.33, 191.66, 679.44, 82.04
205.42, 66.33, 191.66, 679.44, 82.04
206.02, 66.14, 191.96, 679.06, 83.38
206.02, 66.14, 191.96, 679.06, 83.38
208.11, 64.28, 194.30, 677.90, 82.24
208.11, 64.28, 194.30, 677.90, 82.24
211.90, 62.44, 196.83, 674.91, 80.84
211.90, 62.44, 196.83, 674.91, 80.84
214.40, 60.90, 198.04, 667.06, 84.62
214.40, 60.90, 198.04, 667.06, 84.62
215.19, 60.75, 198.20, 651.57, 98.66
215.32, 60.59, 198.36, 651.61, 98.58
209.22, 65.32, 194.98, 636.91, 111.95
210.03, 65.43, 193.97, 624.84, 123.89
210.03, 65.43, 193.97, 624.84, 123.89
210.03, 65.43, 193.97, 624.84, 123.89
211.54, 64.80, 193.94, 615.97, 138.97
211.54, 64.80, 193.94, 615.97, 138.97
211.43, 66.10, 192.95, 615.51, 134.16
212.11, 65.06, 193.75, 615.27, 132.69
212.04, 65.07, 193.74, 615.26, 132.71
212.04, 65.07, 193.74, 615.26, 132.71
211.16, 65.74, 193.22, 613.71, 135.97
211.24, 65.73, 193.20, 613.66, 135.99
212.09, 65.40, 193.29, 613.12, 138.59
212.08, 65.42, 193.29, 613.12, 138.59
211.56, 65.98, 192.76, 615.68, 138.06
211.55, 65.98, 192.77, 615.68, 138.06
212.75, 66.06, 193.02, 615.29, 138.19
211.76, 65.77, 192.80, 612.98, 137.58
211.76, 65.77, 192.80, 612.98, 137.58
211.76, 65.77, 192.80, 612.98, 137.58
211.35, 66.48, 192.15, 610.05, 135.25
209.75, 67.19, 191.30, 609.13, 129.35
209.75, 67.20, 191.30, 609.13, 129.35
209.75, 67.19, 191.30, 609.13, 129.35
206.38, 69.71, 187.63, 609.55, 123.87
205.06, 70.66, 186.43, 611.70, 119.40
205.03, 70.65, 186.43, 611.70, 119.40
205.03, 70.65, 186.43, 611.70, 119.40
205.96, 71.50, 184.80, 614.34, 116.66
206.35, 71.90, 184.66, 614.52, 116.67
202.27, 76.80, 180.14, 616.79, 115.51
205.25, 77.29, 179.78, 623.73, 115.05
205.25, 77.29, 179.78, 623.73, 115.05
205.25, 77.29, 179.78, 623.73, 115.05
207.99, 80.06, 176.68, 626.43, 116.70
208.03, 80.04, 176.71, 626.50, 116.69
203.93, 80.05, 176.52, 627.18, 119.24
203.93, 80.05, 176.52, 627.18, 119.24
199.71, 80.05, 176.44, 632.41, 124.33
199.71, 80.05, 176.44, 632.41, 124.33
198.56, 76.41, 180.24, 634.51, 127.88
198.56, 76.41, 180.24, 634.51, 127.88
199.02, 74.40, 182.46, 634.47, 134.12
203.98, 70.56, 187.23, 633.43, 139.10
203.98, 70.56, 187.23, 633.43, 139.10
203.98, 70.56, 187.23, 633.43, 139.10
210.37, 66.84, 191.57, 630.36, 144.12
210.37, 66.84, 191.57, 630.36, 144.12
212.96, 65.68, 193.30, 626.14, 146.86
214.07, 63.76, 194.89, 619.52, 148.43
214.10, 63.75, 194.90, 619.53, 148.44
214.22, 63.65, 195.02, 619.64, 148.41
212.64, 64.77, 194.15, 613.40, 148.64
211.62, 64.51, 194.25, 606.90, 146.73
211.70, 64.43, 194.27, 606.89, 146.68
211.62, 64.51, 194.25, 606.90, 146.73
209.53, 65.71, 193.06, 601.15, 144.19
209.53, 65.71, 193.06, 601.15, 144.19
209.07, 66.76, 192.34, 595.35, 141.31
209.03, 66.77, 192.35, 595.29, 141.34
210.30, 67.02, 191.81, 590.49, 138.35
210.30, 67.02, 191.81, 590.49, 138.35
210.38, 68.88, 190.52, 587.69, 134.34
210.38, 68.88, 190.52, 587.69, 134.34
212.04, 70.45, 188.19, 587.24, 129.87
213.09, 69.93, 188.97, 586.96, 123.92
212.98, 69.97, 188.91, 586.97, 123.88
213.09, 69.93, 188.97, 586.96, 123.92
207.56, 72.01, 183.09, 563.98, 115.77
211.92, 69.76, 188.58, 589.27, 117.33
207.56, 72.01, 183.09, 563.98, 115.77
211.91, 69.76, 188.58, 589.27, 117.33
212.22, 65.41, 189.37, 575.43, 114.42
210.60, 70.94, 187.69, 595.13, 110.86
215.72, 62.83, 195.06, 586.94, 110.92
209.83, 70.66, 188.25, 599.21, 105.20
215.72, 62.83, 195.06, 586.94, 110.92
209.89, 70.65, 188.26, 599.21, 105.20
215.72, 62.83, 195.06, 586.94, 110.92
209.88, 70.61, 188.24, 599.20, 105.23
215.94, 62.02, 196.68, 594.14, 108.25
209.48, 71.67, 188.17, 602.14, 98.25
215.68, 62.20, 196.29, 594.02, 107.79
209.48, 71.67, 188.17, 602.14, 98.25
214.62, 63.40, 196.83, 605.14, 99.67
208.31, 72.26, 189.90, 605.13, 87.66
214.62, 63.40, 196.83, 605.14, 99.67
208.31, 72.26, 189.90, 605.13, 87.66
202.56, 68.38, 186.91, 622.06, 93.64
206.27, 65.15, 193.96, 621.20, 51.18
202.56, 68.38, 186.91, 622.06, 93.64
206.27, 65.15, 193.96, 621.20, 51.18
197.93, 66.37, 190.98, 638.69, 39.76
197.93, 66.37, 190.98, 638.69, 39.76
200.96, 66.83, 190.90, 644.93, 34.51
200.96, 66.83, 190.90, 644.93, 34.51
207.84, 66.47, 191.61, 646.33, 35.33
199.96, 69.80, 187.01, 635.70, 71.36
207.84, 66.47, 191.61, 646.33, 35.33
199.96, 69.80, 187.01, 635.70, 71.36
211.98, 67.34, 189.64, 643.98, 34.79
209.70, 68.60, 186.43, 636.03, 65.78
211.95, 67.38, 189.58, 643.84, 34.93
209.70, 68.60, 186.43, 636.03, 65.78
214.19, 71.29, 185.26, 640.14, 34.83
204.05, 69.19, 188.26, 635.98, 66.73
214.45, 71.61, 185.58, 640.39, 34.71
205.90, 66.53, 190.95, 636.06, 66.69
184.38, 78.23, 179.49, 631.35, 76.64
207.08, 74.88, 182.40, 639.74, 34.90
198.07, 68.55, 191.19, 623.85, 90.50
211.07, 69.27, 187.68, 638.71, 38.05
198.21, 68.39, 191.37, 623.83, 90.07
211.13, 69.25, 187.76, 638.71, 38.05
198.07, 68.55, 191.19, 623.85, 90.50
211.18, 69.19, 187.89, 638.71, 38.05
204.58, 68.47, 187.74, 641.98, 39.11
206.29, 65.09, 193.55, 615.69, 96.66
204.58, 68.47, 187.74, 641.98, 39.11
206.24, 65.05, 193.65, 615.59, 97.17
206.85, 63.28, 194.38, 620.73, 99.23
209.41, 62.71, 195.00, 644.39, 47.25
209.41, 62.71, 195.00, 644.39, 47.25
206.85, 63.28, 194.38, 620.73, 99.23
212.39, 62.84, 195.43, 650.27, 52.51
212.38, 62.85, 195.44, 650.27, 52.46
215.79, 63.50, 195.99, 654.35, 53.04
202.64, 62.73, 194.38, 625.29, 83.26
216.26, 64.47, 194.76, 653.35, 56.58
214.08, 62.58, 196.28, 623.55, 97.25
216.29, 64.47, 194.75, 653.35, 56.58
214.08, 62.58, 196.28, 623.55, 97.25
216.30, 64.45, 194.77, 653.35, 56.58
214.08, 62.58, 196.28, 623.55, 97.25
210.54, 67.44, 191.06, 650.83, 65.85
201.35, 72.92, 186.62, 626.74, 101.23
203.14, 71.72, 185.92, 648.20, 70.54
203.13, 71.73, 185.89, 648.19, 70.56
203.19, 71.72, 185.90, 648.19, 70.58
203.40, 71.98, 185.75, 647.00, 79.02
203.40, 71.98, 185.75, 647.00, 79.02
202.75, 73.66, 184.06, 642.95, 84.39
174.15, 82.58, 174.15, 617.72, 87.97
202.75, 73.66, 184.06, 642.95, 84.39
174.15, 82.58, 174.15, 617.72, 87.97
204.19, 74.22, 184.17, 639.18, 89.57
169.60, 79.24, 179.09, 615.89, 94.34
204.19, 74.22, 184.17, 639.18, 89.57
169.60, 79.24, 179.09, 615.89, 94.34
192.19, 75.69, 182.56, 615.74, 96.60
204.33, 75.97, 183.17, 633.26, 93.19
192.19, 75.69, 182.56, 615.74, 96.60
204.33, 75.97, 183.17, 633.26, 93.19
201.32, 77.97, 182.80, 631.33, 106.35
201.52, 79.08, 179.20, 609.51, 102.24
205.88, 74.38, 186.27, 631.34, 119.46
205.42, 71.23, 187.83, 599.34, 122.84
205.90, 74.36, 186.28, 631.34, 119.48
205.31, 71.38, 187.70, 599.37, 122.65
205.88, 74.37, 186.27, 631.36, 119.50
205.42, 71.23, 187.83, 599.34, 122.84
208.19, 70.39, 188.80, 629.51, 129.37
203.78, 68.87, 187.42, 597.95, 147.84
208.19, 70.39, 188.80, 629.51, 129.37
203.78, 68.87, 187.42, 597.95, 147.84
210.88, 69.05, 190.26, 627.16, 145.94
202.65, 70.51, 187.06, 596.87, 157.68
211.40, 68.02, 190.95, 628.60, 164.50
206.79, 65.00, 193.34, 596.86, 176.24
211.40, 68.02, 190.95, 628.60, 164.50
206.79, 65.00, 193.34, 596.86, 176.24
211.40, 68.02, 190.95, 628.60, 164.50
206.79, 65.00, 193.34, 596.86, 176.24
212.56, 67.23, 191.34, 632.02, 174.72
208.12, 67.65, 190.65, 600.98, 182.47
212.57, 67.23, 191.34, 632.02, 174.72
208.12, 67.65, 190.65, 600.98, 182.47
211.95, 67.10, 191.12, 630.91, 183.90
194.25, 81.64, 179.34, 595.30, 197.36
210.69, 67.37, 190.60, 631.77, 192.45
205.66, 71.03, 188.62, 602.06, 203.45
210.64, 67.40, 190.59, 631.76, 192.46
205.66, 71.03, 188.62, 602.06, 203.45
210.69, 67.37, 190.60, 631.77, 192.45
205.66, 71.03, 188.62, 602.06, 203.45
213.09, 67.27, 191.45, 633.23, 201.21
212.66, 66.89, 192.29, 605.69, 208.35
213.09, 67.27, 191.45, 633.23, 201.21
212.66, 66.89, 192.29, 605.69, 208.35
212.07, 67.48, 190.74, 634.06, 208.09
203.17, 73.75, 185.78, 603.75, 215.74
212.07, 67.48, 190.74, 634.06, 208.09
203.17, 73.75, 185.78, 603.75, 215.74
211.33, 68.28, 190.02, 635.17, 214.84
211.83, 66.98, 191.96, 607.29, 220.44
211.88, 67.92, 189.93, 636.64, 221.98
217.04, 61.00, 198.15, 610.79, 223.10
211.87, 67.92, 189.93, 636.64, 221.98
217.04, 61.00, 198.15, 610.79, 223.10
211.88, 67.92, 189.93, 636.64, 221.98
217.04, 61.00, 198.15, 610.79, 223.10
212.63, 68.44, 189.85, 636.00, 228.35
208.52, 67.55, 192.33, 614.38, 222.85
212.63, 68.44, 189.85, 636.00, 228.35
208.52, 67.55, 192.33, 614.38, 222.85
213.54, 68.49, 189.08, 636.19, 233.95
213.84, 68.46, 190.13, 619.40, 228.03
213.59, 68.53, 189.12, 636.13, 233.86
213.85, 68.44, 190.15, 619.42, 228.01
214.10, 69.03, 189.08, 635.10, 241.67
212.10, 69.94, 189.90, 615.45, 236.95
214.10, 69.03, 189.08, 635.10, 241.67
212.10, 69.94, 189.90, 615.45, 236.95
215.89, 69.54, 188.31, 635.68, 248.02
216.84, 69.61, 188.95, 618.19, 241.39
215.89, 69.54, 188.31, 635.68, 248.02
216.84, 69.61, 188.95, 618.19, 241.39
216.39, 69.62, 188.87, 635.33, 253.48
218.54, 68.68, 189.67, 620.04, 243.10
216.80, 69.39, 189.14, 635.30, 253.55
218.78, 68.45, 189.81, 620.05, 243.21
216.77, 71.05, 187.91, 633.03, 260.37
217.91, 70.86, 187.70, 619.43, 246.47
218.08, 71.71, 187.26, 632.31, 268.77
219.35, 72.04, 185.74, 623.75, 252.16
218.08, 71.71, 187.26, 632.31, 268.77
219.35, 72.04, 185.74, 623.75, 252.16
218.08, 71.71, 187.26, 632.31, 268.77
219.35, 72.04, 185.74, 623.75, 252.16
219.04, 73.41, 185.48, 629.64, 277.59
221.68, 73.84, 183.51, 622.77, 258.57
219.05, 73.37, 185.55, 629.64, 277.59
221.72, 73.70, 183.75, 622.45, 258.49
219.77, 73.98, 185.48, 624.88, 284.81
218.67, 76.45, 181.46, 618.70, 262.44
219.77, 73.98, 185.48, 624.88, 284.81
218.67, 76.45, 181.46, 618.70, 262.44
219.84, 75.19, 184.33, 619.37, 291.94
216.23, 79.07, 178.81, 605.93, 265.50
217.70, 73.70, 185.44, 613.88, 297.63
211.81, 78.35, 179.62, 606.43, 267.78
217.70, 73.70, 185.45, 613.88, 297.64
211.81, 78.35, 179.62, 606.43, 267.78
217.71, 73.65, 185.45, 613.88, 297.64
211.81, 78.35, 179.62, 606.43, 267.78
216.65, 74.77, 184.34, 607.33, 305.21
211.02, 80.42, 177.72, 600.43, 272.33
213.59, 74.70, 184.52, 601.37, 309.04
208.37, 78.80, 178.98, 596.37, 274.57
213.59, 74.70, 184.51, 601.37, 309.04
208.36, 78.80, 178.92, 596.37, 274.57
213.59, 74.68, 184.53, 601.39, 309.06
208.35, 78.77, 178.99, 596.47, 274.54
211.27, 75.22, 183.93, 594.27, 314.27
209.83, 78.55, 178.26, 588.74, 283.74
211.09, 75.28, 183.91, 594.26, 314.16
209.84, 78.52, 178.31, 588.74, 283.74
209.41, 74.34, 184.50, 585.69, 318.98
219.47, 72.61, 184.77, 584.61, 301.27
209.41, 74.34, 184.50, 585.69, 318.98
219.47, 72.61, 184.77, 584.61, 301.27
208.48, 74.14, 184.75, 575.97, 323.99
217.46, 71.57, 184.82, 582.81, 312.13
206.69, 73.20, 185.44, 566.33, 328.26
208.78, 72.82, 184.05, 582.18, 321.71
206.70, 73.20, 185.44, 566.33, 328.26
208.78, 72.82, 184.05, 582.18, 321.71
206.70, 73.20, 185.44, 566.33, 328.26
208.78, 72.82, 184.05, 582.18, 321.71
206.56, 72.68, 185.08, 556.96, 332.20
201.61, 73.32, 183.84, 576.89, 327.87
206.56, 72.68, 185.08, 556.96, 332.20
201.61, 73.32, 183.84, 576.89, 327.87
206.47, 72.09, 185.68, 546.23, 335.09
195.95, 72.40, 185.56, 567.22, 334.67
206.47, 72.09, 185.68, 546.23, 335.09
195.95, 72.40, 185.56, 567.22, 334.67
207.40, 72.33, 185.46, 534.11, 338.11
187.01, 73.56, 185.63, 558.47, 342.18
207.31, 72.34, 185.41, 534.07, 338.07
186.94, 73.62, 185.57, 558.47, 342.18
207.15, 72.09, 185.18, 522.00, 341.08
188.38, 73.70, 184.98, 545.70, 342.80
207.14, 72.10, 185.17, 522.01, 341.08
188.34, 73.74, 184.97, 545.72, 342.80
189.72, 72.29, 185.31, 534.34, 349.72
205.15, 71.56, 185.19, 510.28, 346.33
191.33, 70.46, 184.41, 521.95, 333.51
203.79, 70.64, 186.24, 500.30, 348.49
191.32, 70.46, 184.41, 521.95, 333.51
203.90, 70.60, 186.28, 500.32, 348.47
191.33, 70.46, 184.41, 521.95, 333.51
203.82, 70.64, 186.24, 500.30, 348.49
203.74, 71.17, 185.38, 491.12, 347.47
193.81, 76.56, 180.29, 513.28, 334.83
191.97, 74.91, 181.55, 504.95, 331.20
202.80, 70.66, 185.84, 482.73, 348.77
191.97, 74.91, 181.55, 504.95, 331.20
202.81, 70.64, 185.86, 482.75, 348.81
191.97, 74.91, 181.55, 504.95, 331.20
202.79, 70.67, 185.83, 482.73, 348.75
203.89, 70.96, 185.89, 476.62, 349.07
188.53, 72.90, 183.75, 495.89, 331.48
202.97, 70.05, 186.29, 472.60, 348.62
188.49, 72.94, 183.62, 495.89, 331.48
202.98, 70.05, 186.28, 472.60, 348.62
188.53, 72.90, 183.75, 495.89, 331.48
202.89, 70.06, 186.27, 472.60, 348.66
196.10, 69.69, 187.73, 494.37, 325.58
204.24, 70.37, 186.12, 469.65, 348.62
203.84, 69.73, 186.61, 467.90, 349.10
187.82, 70.22, 186.57, 490.24, 329.53
203.87, 69.80, 186.55, 467.89, 349.12
188.16, 70.16, 186.66, 490.24, 329.53
203.89, 69.71, 186.60, 467.89, 349.10
188.36, 70.22, 186.55, 490.24, 329.53
204.59, 69.60, 186.70, 466.11, 348.92
192.65, 67.62, 188.55, 489.16, 328.32
197.50, 68.03, 189.24, 487.95, 326.50
205.02, 68.92, 187.11, 463.46, 348.42
204.97, 68.93, 187.08, 463.47, 348.42
197.50, 68.03, 189.24, 487.95, 326.50
197.50, 68.03, 189.24, 487.95, 326.50
205.02, 68.92, 187.11, 463.46, 348.42
205.80, 69.59, 186.92, 460.23, 348.80
208.32, 68.38, 187.69, 456.84, 347.51
198.98, 68.59, 194.10, 484.45, 326.59
208.32, 68.38, 187.69, 456.84, 347.51
198.98, 68.59, 194.10, 484.45, 326.59
208.34, 68.38, 187.69, 456.84, 347.51
198.98, 68.59, 194.10, 484.45, 326.59
208.88, 68.19, 187.88, 453.17, 346.85
208.88, 68.19, 187.88, 453.17, 346.85
209.19, 67.69, 188.40, 448.29, 345.76
209.17, 67.86, 188.47, 448.35, 345.41
209.24, 68.48, 187.96, 443.79, 344.74
211.08, 66.91, 189.35, 438.92, 344.08
211.08, 66.91, 189.35, 438.92, 344.08
211.08, 66.91, 189.35, 438.92, 344.08
210.42, 68.15, 188.56, 434.01, 342.78
210.41, 68.19, 188.52, 434.07, 342.86
211.62, 68.31, 188.18, 429.53, 341.33
211.49, 67.86, 188.33, 425.48, 339.45
211.48, 67.87, 188.33, 425.48, 339.45
211.48, 67.87, 188.33, 425.48, 339.45
212.20, 68.64, 187.44, 421.98, 336.97
211.61, 68.28, 187.82, 418.51, 334.60
211.61, 68.28, 187.80, 418.51, 334.60
211.64, 68.24, 187.82, 418.50, 334.62
211.19, 68.38, 187.75, 415.30, 332.03
211.18, 68.38, 187.76, 415.30, 332.03
211.14, 69.17, 186.32, 412.98, 328.83
210.30, 68.47, 186.69, 411.31, 326.81
210.29, 68.48, 186.67, 411.33, 326.81
210.29, 68.48, 186.66, 411.33, 326.81
211.76, 68.89, 187.07, 410.53, 323.69
213.81, 68.77, 186.72, 409.88, 321.17
213.81, 68.77, 186.72, 409.88, 321.17
213.81, 68.77, 186.72, 409.88, 321.17
215.15, 69.09, 186.29, 409.14, 319.23
215.08, 69.08, 186.30, 409.11, 319.25
214.68, 69.64, 185.69, 409.24, 317.49
216.01, 68.15, 187.54, 408.53, 316.23
216.03, 68.16, 187.47, 408.64, 316.19
216.02, 68.08, 187.48, 408.67, 316.21
215.30, 68.36, 186.65, 407.92, 315.70
215.88, 67.99, 187.27, 406.95, 315.29
215.90, 67.98, 187.31, 406.90, 315.25
215.87, 68.01, 187.25, 406.95, 315.29
215.73, 68.07, 187.00, 405.73, 315.53
215.73, 68.08, 186.97, 405.73, 315.53
215.05, 69.10, 186.08, 405.04, 316.13
215.08, 69.08, 186.12, 405.07, 316.14
213.52, 68.84, 185.66, 404.29, 318.04
214.44, 67.60, 187.32, 402.79, 319.45
214.45, 67.58, 187.33, 402.80, 319.47
214.44, 67.60, 187.32, 402.79, 319.45
212.20, 68.18, 186.49, 401.52, 321.23
210.99, 67.31, 186.94, 399.46, 323.58
211.04, 67.31, 186.94, 399.46, 323.57
210.99, 67.31, 186.94, 399.46, 323.58
209.85, 67.41, 187.33, 397.05, 325.86
209.85, 67.41, 187.33, 397.05, 325.86
207.75, 68.06, 187.09, 394.37, 328.46
207.76, 68.04, 187.11, 394.37, 328.46
206.83, 68.20, 187.09, 390.79, 330.84
205.83, 67.65, 187.91, 386.37, 332.64
205.83, 67.65, 187.91, 386.37, 332.64
204.79, 68.24, 187.45, 381.66, 334.27
204.79, 68.23, 187.47, 381.66, 334.29
204.79, 68.24, 187.45, 381.66, 334.27
204.54, 67.96, 187.37, 376.06, 335.47
204.60, 67.95, 187.38, 376.04, 335.44
204.29, 67.23, 187.68, 369.82, 335.75
204.18, 66.99, 187.83, 369.68, 335.75
206.59, 67.43, 187.97, 362.65, 336.25
206.59, 67.43, 187.97, 362.65, 336.25
211.32, 65.88, 189.84, 356.16, 334.32
211.32, 65.88, 189.84, 356.16, 334.32
211.51, 67.42, 188.69, 348.57, 332.40
211.51, 67.42, 188.69, 348.57, 332.40
213.02, 68.72, 188.40, 342.33, 329.34
213.02, 68.72, 188.40, 342.33, 329.34
214.80, 69.54, 187.38, 335.28, 324.96
214.80, 69.54, 187.38, 335.28, 324.96
216.03, 69.73, 187.00, 330.35, 319.71
216.03, 69.73, 187.00, 330.35, 319.71
215.31, 71.78, 184.93, 324.90, 313.87
215.31, 71.78, 184.93, 324.90, 313.87
215.26, 72.00, 184.52, 322.96, 308.84
215.26, 72.00, 184.52, 322.96, 308.84
216.08, 72.73, 185.04, 319.05, 303.91
216.24, 72.45, 185.10, 319.05, 303.88
217.52, 71.38, 185.84, 314.75, 298.10
217.52, 71.38, 185.84, 314.75, 298.10
215.45, 71.95, 183.75, 312.98, 291.27
215.53, 71.89, 183.78, 312.98, 291.27
212.63, 72.45, 183.61, 312.52, 284.28
212.63, 72.45, 183.61, 312.52, 284.28
213.11, 72.49, 184.23, 312.84, 277.57
213.11, 72.49, 184.23, 312.84, 277.57
211.99, 72.31, 183.43, 314.11, 270.03
211.99, 72.31, 183.43, 314.11, 270.03
212.85, 73.27, 183.85, 315.36, 262.95
212.93, 73.23, 183.90, 315.31, 262.99
195.66, 75.44, 180.47, 343.63, 265.83
213.39, 72.41, 184.21, 316.25, 255.39
195.66, 75.44, 180.47, 343.63, 265.83
213.39, 72.41, 184.21, 316.25, 255.39
190.58, 80.19, 175.91, 341.78, 264.64
215.28, 72.94, 183.22, 317.10, 247.30
215.39, 71.59, 183.82, 318.34, 239.41
215.39, 71.59, 183.82, 318.34, 239.41
215.39, 71.59, 183.82, 318.34, 239.41
215.48, 73.47, 183.46, 318.31, 231.92
215.16, 73.25, 183.48, 318.71, 223.07
214.89, 73.27, 183.47, 318.66, 223.11
215.17, 73.25, 183.48, 318.71, 223.07
214.38, 74.90, 182.90, 321.20, 214.83
214.38, 74.90, 182.90, 321.20, 214.83
212.90, 73.64, 182.64, 321.85, 206.53
213.06, 73.58, 182.70, 321.82, 206.48
211.31, 75.02, 181.96, 324.02, 199.85
211.31, 75.02, 181.96, 324.02, 199.85
210.06, 73.53, 182.70, 328.13, 192.08
209.93, 73.55, 182.69, 328.10, 192.09
208.38, 74.55, 182.90, 331.00, 185.61
208.09, 74.70, 182.75, 331.08, 185.57
207.31, 73.23, 184.18, 335.87, 180.06
207.19, 71.11, 185.99, 340.74, 174.87
207.19, 71.11, 185.99, 340.74, 174.87
207.19, 71.11, 185.99, 340.74, 174.87
206.61, 70.64, 187.01, 343.97, 168.93
208.15, 67.76, 189.28, 347.77, 164.13
208.17, 67.76, 189.28, 347.77, 164.13
208.19, 67.76, 189.28, 347.77, 164.13
211.11, 66.09, 191.41, 350.71, 159.62
211.31, 65.69, 191.56, 350.93, 159.66
210.93, 65.99, 191.52, 354.70, 156.16
211.00, 65.97, 191.55, 354.70, 156.16
210.25, 66.28, 191.51, 358.89, 152.76
211.55, 65.40, 192.02, 364.62, 149.59
211.60, 65.42, 192.02, 364.62, 149.59
211.73, 65.34, 192.05, 364.65, 149.59
211.15, 65.26, 192.40, 370.32, 149.61
211.15, 65.26, 192.40, 370.32, 149.61
212.32, 63.84, 195.16, 365.60, 182.78
211.74, 66.87, 190.79, 376.79, 149.52
212.32, 63.84, 195.16, 365.60, 182.78
211.76, 66.96, 190.81, 376.75, 149.49
210.21, 65.12, 193.26, 367.79, 175.10
211.86, 67.56, 190.44, 382.98, 150.68
210.21, 65.12, 193.26, 367.79, 175.10
211.90, 67.49, 190.46, 382.98, 150.68
195.89, 69.67, 187.34, 381.21, 165.57
209.63, 70.15, 188.51, 390.89, 147.34
195.83, 69.69, 187.35, 381.21, 165.57
209.65, 70.12, 188.58, 390.89, 147.34
211.94, 66.42, 190.28, 398.88, 116.01
211.92, 66.42, 190.29, 398.88, 116.01
208.18, 65.71, 193.21, 410.93, 67.44
208.18, 65.71, 193.21, 410.93, 67.44
198.02, 68.52, 187.85, 422.29, 34.20
194.24, 74.74, 185.15, 426.05, 29.37
194.16, 74.75, 185.14, 426.02, 29.37
194.22, 74.74, 185.15, 426.05, 29.37
199.66, 77.49, 183.68, 436.70, 22.24
199.66, 77.49, 183.68, 436.70, 22.24
197.91, 79.46, 180.90, 447.60, 18.09
197.91, 79.46, 180.90, 447.60, 18.09
194.07, 79.98, 178.76, 454.16, 14.69
186.49, 78.06, 178.48, 458.98, 17.94
186.55, 78.16, 178.38, 458.89, 17.92
186.55, 78.29, 178.26, 458.75, 17.86
198.14, 70.38, 187.28, 458.98, 19.26
198.14, 70.38, 187.28, 458.98, 19.26
196.43, 73.59, 184.64, 457.81, 30.55
196.43, 73.59, 184.64, 457.81, 30.55
191.19, 76.94, 182.22, 428.40, 96.24
181.70, 78.55, 179.84, 462.75, 55.11
191.19, 76.94, 182.22, 428.40, 96.24
181.70, 78.55, 179.84, 462.75, 55.11
173.51, 79.93, 178.85, 471.28, 64.96
188.84, 75.97, 180.85, 445.49, 101.41
176.68, 78.24, 179.73, 471.35, 60.13
187.72, 74.46, 182.47, 448.44, 93.17
176.68, 78.24, 179.73, 471.35, 60.13
187.72, 74.46, 182.47, 448.44, 93.17
176.68, 78.24, 179.73, 471.35, 60.13
187.72, 74.46, 182.47, 448.44, 93.17
181.38, 77.86, 179.75, 474.04, 55.46
204.52, 69.55, 187.58, 439.30, 96.20
186.24, 75.38, 182.31, 474.86, 58.61
204.65, 68.79, 188.98, 440.47, 96.93
186.24, 75.38, 182.31, 474.86, 58.61
204.65, 68.79, 188.98, 440.47, 96.93
186.24, 75.38, 182.31, 474.86, 58.61
204.65, 68.79, 188.98, 440.47, 96.93
187.83, 77.65, 181.43, 478.52, 62.82
204.70, 66.73, 191.00, 442.21, 100.07
210.23, 63.99, 194.31, 442.25, 108.14
200.47, 74.71, 186.71, 475.61, 76.24
210.23, 63.99, 194.31, 442.25, 108.14
200.47, 74.71, 186.71, 475.61, 76.24
210.23, 63.99, 194.31, 442.25, 108.14
200.47, 74.71, 186.71, 475.61, 76.24
198.91, 77.46, 182.07, 487.40, 91.40
213.22, 63.18, 194.66, 444.95, 119.87
198.91, 77.46, 182.07, 487.40, 91.40
213.22, 63.18, 194.66, 444.95, 119.87
203.14, 70.05, 187.51, 462.57, 125.95
213.90, 65.21, 193.64, 444.86, 134.60
203.14, 70.05, 187.51, 462.57, 125.95
213.90, 65.21, 193.64, 444.86, 134.60
206.36, 74.79, 183.10, 461.00, 136.71
204.78, 76.82, 181.30, 451.73, 134.59
210.47, 74.95, 183.96, 462.86, 143.72
212.80, 72.22, 185.29, 448.95, 137.46
210.44, 74.94, 183.95, 462.82, 143.87
212.80, 72.22, 185.29, 448.95, 137.46
210.47, 74.95, 183.96, 462.86, 143.72
212.80, 72.22, 185.29, 448.95, 137.46
211.02, 74.97, 185.22, 469.07, 141.60
210.24, 72.35, 187.45, 445.73, 137.77
211.02, 74.97, 185.22, 469.07, 141.60
210.24, 72.35, 187.45, 445.73, 137.77
209.71, 72.15, 187.26, 473.15, 140.53
209.11, 69.62, 188.76, 452.33, 136.65
210.93, 69.32, 189.41, 474.59, 135.09
212.54, 65.42, 192.81, 455.89, 153.00
210.93, 69.32, 189.41, 474.59, 135.09
212.54, 65.42, 192.81, 455.89, 153.00
210.93, 69.32, 189.41, 474.59, 135.09
212.41, 65.50, 192.74, 455.90, 153.51
209.40, 71.30, 187.99, 476.68, 135.95
210.72, 67.92, 190.88, 458.50, 161.01
210.31, 72.46, 187.18, 477.99, 143.44
210.40, 68.47, 190.69, 456.18, 165.82
210.35, 72.47, 187.17, 477.99, 143.44
210.45, 68.50, 190.67, 456.18, 165.82
210.36, 72.46, 187.16, 477.99, 143.44
210.47, 68.48, 190.67, 456.18, 165.82
209.65, 76.37, 184.56, 482.12, 159.05
219.12, 62.94, 195.01, 454.22, 171.47
209.66, 76.34, 184.61, 482.16, 159.06
219.19, 62.72, 195.23, 454.25, 171.63
209.28, 76.80, 184.61, 485.39, 172.01
209.44, 70.97, 189.02, 463.87, 176.77
209.28, 76.80, 184.61, 485.39, 172.01
209.44, 70.97, 189.02, 463.87, 176.77
210.33, 71.64, 189.44, 468.74, 194.36
209.97, 75.01, 184.84, 490.08, 188.11
210.33, 71.64, 189.44, 468.74, 194.36
209.97, 75.01, 184.84, 490.08, 188.11
209.74, 72.17, 187.07, 490.86, 202.94
209.91, 72.89, 187.13, 480.76, 201.13
209.74, 72.17, 187.07, 490.86, 202.94
209.91, 72.89, 187.13, 480.76, 201.13
210.21, 70.35, 188.97, 495.57, 214.36
213.19, 68.46, 190.06, 487.83, 205.53
210.21, 70.35, 188.97, 495.57, 214.36
213.19, 68.46, 190.06, 487.83, 205.53
210.68, 69.53, 190.17, 498.86, 224.12
215.18, 68.08, 191.03, 489.99, 212.88
210.68, 69.53, 190.17, 498.86, 224.12
215.18, 68.08, 191.03, 489.99, 212.88
210.52, 69.68, 189.96, 501.90, 231.60
216.50, 68.12, 190.95, 495.47, 218.13
219.14, 66.54, 191.99, 500.89, 219.62
212.12, 68.02, 190.95, 504.58, 237.93
218.96, 66.81, 191.52, 500.93, 219.73
212.10, 68.12, 190.82, 504.59, 237.94
218.80, 67.25, 191.25, 500.15, 220.27
212.13, 68.12, 190.85, 504.62, 237.78
212.59, 68.03, 191.21, 505.51, 243.39
219.37, 68.52, 191.81, 506.00, 217.42
212.59, 68.03, 191.21, 505.51, 243.39
219.37, 68.52, 191.81, 506.00, 217.42
212.21, 69.58, 189.86, 510.46, 243.77
215.66, 68.36, 191.21, 517.42, 205.68
212.18, 69.56, 189.84, 510.44, 243.77
215.66, 68.36, 191.21, 517.42, 205.68
207.94, 68.79, 185.89, 527.07, 207.01
213.47, 70.74, 188.51, 515.96, 244.17
207.94, 68.79, 185.89, 527.07, 207.01
213.47, 70.74, 188.51, 515.96, 244.17
215.10, 72.19, 187.76, 519.99, 246.62
209.68, 82.79, 175.33, 522.50, 218.03
215.14, 72.17, 187.78, 519.99, 246.62
209.68, 82.79, 175.33, 522.50, 218.03
209.70, 75.68, 186.85, 527.64, 226.51
215.35, 74.52, 186.31, 524.66, 249.67
209.70, 75.68, 186.85, 527.64, 226.51
215.35, 74.52, 186.31, 524.66, 249.67
211.82, 82.04, 180.21, 512.03, 227.09
214.70, 77.20, 182.19, 528.55, 253.00
211.82, 82.04, 180.21, 512.03, 227.09
214.70, 77.20, 182.19, 528.55, 253.00
210.49, 84.72, 175.16, 515.69, 233.18
214.08, 78.74, 179.54, 534.05, 257.68
210.49, 84.72, 175.16, 515.69, 233.18
214.02, 78.71, 179.56, 534.05, 257.68
213.26, 79.56, 178.16, 535.56, 258.11
213.25, 79.63, 178.05, 535.77, 258.11
214.94, 79.01, 177.99, 535.80, 258.51
213.93, 77.69, 178.83, 534.54, 258.97
213.95, 77.71, 178.82, 534.54, 258.97
213.95, 77.70, 178.82, 534.54, 258.97
213.85, 77.01, 179.79, 534.99, 259.37
213.85, 77.01, 179.79, 534.99, 259.37
214.56, 77.52, 178.88, 535.05, 259.39
214.51, 77.62, 178.86, 535.05, 259.39
215.43, 77.42, 179.36, 537.07, 259.09
215.43, 77.42, 179.36, 537.07, 259.09
213.11, 79.50, 178.11, 538.97, 258.21
213.09, 79.51, 178.11, 538.95, 258.19
214.48, 78.02, 178.57, 540.36, 255.73
214.41, 78.02, 178.57, 540.36, 255.73
215.15, 78.78, 178.56, 541.52, 255.57
215.09, 78.75, 178.58, 541.49, 255.58
214.37, 78.47, 178.90, 541.09, 255.19
214.32, 78.45, 178.89, 541.08, 255.19
213.88, 79.91, 177.29, 540.70, 255.84
214.39, 78.11, 178.67, 540.36, 256.61
214.34, 78.10, 178.68, 540.36, 256.61
214.49, 76.81, 179.78, 539.97, 256.34
214.18, 78.21, 178.04, 542.40, 256.06
214.16, 78.29, 177.94, 542.22, 256.09
209.44, 79.17, 178.17, 545.13, 255.52
209.44, 79.17, 178.17, 545.13, 255.52
208.10, 80.49, 176.79, 549.80, 254.87
208.10, 80.49, 176.79, 549.80, 254.87
214.31, 79.85, 175.42, 547.01, 220.15
207.26, 79.47, 179.07, 553.44, 254.69
214.31, 79.85, 175.42, 547.01, 220.15
207.29, 79.44, 179.11, 553.33, 254.69
213.47, 79.99, 176.18, 550.26, 221.17
204.59, 77.83, 179.44, 560.13, 256.57
213.47, 79.99, 176.18, 550.26, 221.17
204.62, 77.83, 179.44, 560.13, 256.57
205.61, 78.77, 177.18, 555.97, 220.24
202.81, 75.37, 181.54, 563.98, 255.77
205.61, 78.77, 177.18, 555.97, 220.24
202.81, 75.37, 181.54, 563.98, 255.77
204.83, 76.05, 180.25, 563.04, 220.49
200.92, 74.58, 183.07, 568.80, 257.66
204.83, 76.05, 180.25, 563.04, 220.49
200.92, 74.58, 183.07, 568.80, 257.66
214.61, 75.95, 182.17, 570.18, 216.43
202.08, 72.52, 185.16, 572.94, 258.68
212.51, 75.69, 182.76, 570.40, 217.07
201.98, 72.54, 185.14, 572.95, 258.71
204.97, 71.30, 186.36, 577.39, 259.87
217.32, 84.37, 173.68, 572.89, 213.58
204.94, 71.29, 186.37, 577.39, 259.89
206.10, 70.38, 187.09, 581.65, 260.80
207.81, 68.42, 188.92, 585.42, 261.99
203.12, 78.85, 178.30, 587.36, 217.12
207.82, 68.43, 188.91, 585.42, 261.99
205.75, 79.62, 177.82, 586.58, 216.44
207.81, 68.42, 188.92, 585.42, 261.99
203.12, 78.85, 178.30, 587.36, 217.12
208.22, 68.08, 189.97, 588.49, 262.64
204.70, 75.90, 186.17, 597.67, 222.70
208.22, 68.08, 189.97, 588.49, 262.64
204.70, 75.90, 186.17, 597.67, 222.70
208.67, 67.20, 191.13, 590.50, 265.03
208.17, 71.31, 189.19, 608.36, 231.29
208.72, 67.17, 191.16, 590.42, 265.07
208.02, 71.45, 189.06, 608.36, 231.29
209.95, 67.27, 191.55, 591.11, 270.34
207.42, 71.80, 187.82, 610.36, 242.28
211.00, 65.86, 192.62, 591.14, 278.43
211.45, 68.88, 189.93, 607.74, 256.37
211.00, 65.86, 192.62, 591.14, 278.43
211.45, 68.88, 189.93, 607.74, 256.37
206.09, 72.79, 188.29, 609.07, 263.27
210.48, 65.96, 192.92, 590.91, 289.81
206.09, 72.79, 188.29, 609.07, 263.27
210.49, 65.96, 192.92, 590.91, 289.81
206.09, 72.79, 188.29, 609.07, 263.27
210.48, 65.96, 192.92, 590.91, 289.81
211.17, 66.57, 192.23, 591.94, 298.13
205.58, 73.42, 185.81, 608.52, 274.78
211.16, 66.58, 192.23, 591.96, 298.13
205.58, 73.42, 185.81, 608.52, 274.78
206.41, 73.51, 186.04, 608.44, 278.50
211.39, 65.45, 193.09, 597.41, 301.19
206.41, 73.51, 186.04, 608.44, 278.50
211.48, 65.41, 193.14, 597.45, 301.16
196.12, 85.73, 181.30, 612.24, 284.44
211.38, 69.44, 190.13, 601.37, 309.34
194.94, 86.29, 181.03, 613.54, 283.39
211.39, 69.43, 190.13, 601.38, 309.32
196.63, 85.94, 182.57, 633.52, 289.87
212.75, 70.59, 189.41, 608.32, 315.85
196.63, 85.94, 182.57, 633.52, 289.87
212.75, 70.59, 189.41, 608.32, 315.85
179.08, 83.51, 175.87, 614.49, 303.94
212.70, 72.14, 188.17, 607.70, 328.04
179.08, 83.51, 175.87, 614.49, 303.94
212.71, 72.13, 188.18, 607.70, 328.04
187.98, 82.69, 179.17, 620.89, 313.79
206.46, 72.66, 187.00, 609.68, 337.04
187.97, 82.76, 179.11, 620.82, 313.80
206.28, 72.71, 186.97, 609.70, 337.02
192.35, 74.20, 185.88, 611.63, 332.13
201.65, 73.10, 186.09, 614.76, 347.00
192.61, 74.04, 186.05, 611.63, 332.13
201.89, 72.74, 186.38, 614.05, 347.36
176.39, 76.33, 182.68, 610.96, 341.50
188.09, 73.95, 184.08, 624.09, 356.53
176.39, 76.33, 182.68, 610.96, 341.50
188.07, 73.94, 184.08, 624.10, 356.53
186.63, 83.09, 182.65, 605.75, 349.57
175.62, 79.06, 179.52, 623.15, 367.37
198.94, 78.35, 184.38, 617.68, 374.27
207.20, 79.55, 187.17, 610.09, 360.95
198.94, 78.35, 184.38, 617.68, 374.27
207.20, 79.55, 187.17, 610.09, 360.95
198.94, 78.35, 184.38, 617.68, 374.27
207.20, 79.55, 187.17, 610.09, 360.95
203.70, 74.52, 190.02, 612.21, 389.25
215.33, 74.86, 196.62, 606.30, 377.56
203.69, 74.50, 190.03, 612.25, 389.39
215.33, 74.85, 196.63, 606.30, 377.56
197.58, 74.45, 190.81, 607.62, 415.64
210.30, 66.71, 197.05, 596.79, 407.82
197.64, 74.38, 190.88, 607.62, 415.64
210.37, 66.66, 197.09, 596.79, 407.82
210.38, 66.04, 189.95, 591.54, 427.33
209.42, 70.95, 190.20, 603.15, 442.65
210.26, 66.03, 189.96, 591.54, 427.31
209.26, 70.97, 190.20, 603.07, 442.62
211.31, 70.20, 189.04, 597.97, 468.74
214.63, 66.49, 191.62, 597.67, 481.01
214.63, 66.49, 191.62, 597.67, 481.01
214.63, 66.49, 191.62, 597.67, 481.01
213.74, 67.46, 190.90, 597.42, 492.67
213.75, 67.45, 190.91, 597.42, 492.67
214.36, 67.10, 190.54, 598.64, 502.97
214.37, 67.08, 190.51, 598.61, 502.95
213.47, 67.20, 190.36, 600.08, 511.07
213.47, 67.20, 190.36, 600.08, 511.07
214.31, 67.30, 189.73, 601.48, 517.63
214.33, 67.23, 189.80, 601.49, 517.61
212.80, 67.78, 189.45, 603.09, 523.73
212.79, 67.78, 189.45, 603.09, 523.73
212.66, 68.61, 188.67, 604.43, 529.34
213.57, 68.31, 189.19, 603.94, 534.26
213.57, 68.31, 189.19, 603.94, 534.26
213.57, 68.31, 189.19, 603.94, 534.26
213.10, 68.99, 188.35, 602.99, 538.40
213.71, 67.82, 189.49, 602.35, 541.49
213.70, 67.82, 189.49, 602.35, 541.49
213.66, 67.84, 189.47, 602.40, 541.51
212.82, 69.00, 188.53, 600.97, 543.21
212.81, 69.00, 188.52, 600.97, 543.21
213.57, 68.12, 189.20, 599.55, 544.75
213.57, 68.12, 189.20, 599.55, 544.75
212.74, 68.91, 188.19, 598.24, 545.67
212.75, 68.91, 188.20, 598.24, 545.67
212.38, 67.98, 189.16, 597.22, 547.01
212.38, 67.98, 189.16, 597.22, 547.01
212.19, 69.23, 187.76, 596.36, 547.77
212.34, 69.18, 187.80, 596.37, 547.69
212.30, 68.54, 188.55, 595.48, 549.30
212.26, 68.54, 188.54, 595.48, 549.30
211.44, 69.17, 187.85, 594.60, 550.07
211.44, 69.17, 187.85, 594.60, 550.07
211.29, 68.32, 188.50, 593.45, 550.47
211.28, 68.32, 188.50, 593.45, 550.47
210.60, 69.22, 188.00, 593.18, 551.81
210.60, 69.22, 188.00, 593.18, 551.81
209.11, 70.11, 187.17, 592.36, 552.06
209.44, 68.29, 188.63, 591.44, 553.46
209.44, 68.31, 188.62, 591.44, 553.46
209.44, 68.30, 188.62, 591.44, 553.46
208.28, 68.59, 188.20, 590.74, 554.32
208.32, 68.57, 188.21, 590.73, 554.31
208.77, 68.92, 187.98, 589.69, 554.73
208.76, 68.94, 187.96, 589.67, 554.74
208.04, 68.68, 188.07, 589.09, 555.22
208.04, 68.67, 188.07, 589.09, 555.22
206.58, 69.41, 187.46, 588.67, 555.71
206.58, 69.41, 187.46, 588.67, 555.71
207.62, 68.83, 188.05, 587.97, 556.04
207.64, 68.83, 188.05, 587.97, 556.04
207.40, 69.25, 187.64, 587.23, 556.76
207.46, 68.45, 188.24, 586.98, 557.11
207.46, 68.45, 188.24, 586.98, 557.11
207.45, 68.45, 188.24, 586.98, 557.11
206.94, 69.03, 187.61, 587.02, 557.06
206.18, 68.76, 187.73, 586.43, 557.11
206.14, 68.77, 187.72, 586.43, 557.12
205.48, 68.46, 188.17, 586.72, 557.14
205.74, 69.33, 187.24, 586.49, 557.19
205.73, 69.33, 187.24, 586.49, 557.19
205.29, 69.11, 187.62, 586.82, 557.86
205.29, 69.12, 187.62, 586.82, 557.86
204.00, 69.65, 187.11, 587.19, 558.47
203.87, 69.66, 187.09, 587.21, 558.43
204.17, 69.37, 187.12, 588.19, 559.44
204.17, 69.37, 187.12, 588.19, 559.44
202.71, 70.33, 186.61, 588.31, 560.59
202.72, 70.35, 186.61, 588.30, 560.57
202.03, 69.37, 187.49, 589.07, 561.54
201.89, 69.38, 187.49, 589.02, 561.60
201.34, 70.19, 186.65, 589.46, 562.40
201.34, 70.19, 186.65, 589.46, 562.40
201.44, 69.87, 187.03, 590.07, 563.56
201.39, 69.87, 187.04, 590.04, 563.58
184.65, 81.07, 180.52, 591.13, 526.79
199.27, 70.81, 186.43, 591.22, 564.84
184.65, 81.07, 180.52, 591.13, 526.79
199.28, 70.81, 186.43, 591.22, 564.84
186.62, 80.50, 182.62, 601.25, 533.08
198.82, 70.24, 187.33, 592.02, 566.22
186.62, 80.50, 182.62, 601.25, 533.08
198.84, 70.26, 187.33, 592.02, 566.22
194.80, 79.18, 183.73, 600.80, 538.60
199.32, 70.70, 186.96, 594.52, 572.22
194.80, 79.18, 183.72, 600.80, 538.60
199.40, 70.64, 186.98, 594.55, 572.03
185.84, 77.59, 185.16, 605.56, 542.84
199.29, 70.03, 187.41, 595.90, 577.87
185.84, 77.59, 185.16, 605.56, 542.84
199.26, 70.04, 187.40, 595.89, 577.88
182.30, 77.54, 184.64, 605.22, 550.09
198.57, 70.06, 187.16, 596.47, 584.89
182.21, 77.50, 184.65, 605.22, 550.09
198.56, 70.06, 187.16, 596.48, 584.89
198.47, 69.97, 187.45, 597.43, 591.16
193.39, 79.75, 184.44, 603.89, 553.70
198.48, 69.95, 187.45, 597.43, 591.16
193.39, 79.75, 184.44, 603.89, 553.70
196.08, 71.21, 186.81, 595.68, 599.20
196.08, 71.08, 186.87, 595.71, 599.24
196.87, 69.97, 187.42, 596.82, 604.46
167.59, 86.27, 175.10, 607.14, 561.73
196.83, 70.00, 187.41, 596.81, 604.46
167.59, 86.27, 175.10, 607.14, 561.73
198.44, 69.56, 187.72, 596.21, 609.51
176.72, 89.00, 174.49, 612.50, 568.74
172.73, 88.63, 176.98, 609.73, 573.73
199.59, 68.54, 188.67, 594.86, 614.12
172.73, 88.63, 176.98, 609.73, 573.73
199.60, 68.55, 188.65, 594.87, 614.13
172.73, 88.63, 176.98, 609.73, 573.73
199.59, 68.55, 188.67, 594.87, 614.13
199.88, 69.10, 187.98, 593.80, 619.30
201.19, 68.15, 188.89, 593.61, 623.43
201.18, 68.15, 188.89, 593.61, 623.43
171.21, 85.98, 179.15, 612.77, 585.00
201.17, 68.14, 188.89, 593.61, 623.43
201.72, 67.88, 188.90, 594.57, 627.01
201.71, 67.86, 188.95, 594.53, 627.10
202.78, 66.91, 189.83, 595.95, 631.01
202.77, 66.91, 189.83, 595.95, 631.01
203.09, 66.68, 189.81, 598.12, 634.19
203.09, 66.67, 189.82, 598.12, 634.19
202.97, 66.26, 190.28, 599.45, 637.81
202.95, 66.25, 190.29, 599.45, 637.81
202.06, 66.30, 190.19, 600.51, 641.22
202.05, 66.30, 190.20, 600.51, 641.22
201.54, 66.07, 190.82, 601.23, 645.29
201.54, 66.07, 190.82, 601.23, 645.29
200.51, 66.53, 190.46, 601.82, 649.23
200.49, 66.53, 190.46, 601.82, 649.23
199.30, 66.09, 190.99, 603.01, 653.01
199.29, 66.09, 190.98, 603.01, 653.01
216.48, 60.96, 200.20, 581.64, 630.32
198.17, 66.91, 190.40, 601.86, 657.38
216.14, 61.03, 200.10, 581.63, 630.29
198.11, 66.96, 190.25, 601.83, 657.36
195.71, 67.21, 189.81, 600.75, 661.52
207.82, 64.75, 196.45, 585.34, 638.64
195.51, 67.42, 189.54, 600.74, 661.49
207.96, 65.15, 196.11, 585.40, 639.45
203.64, 67.47, 192.33, 587.39, 651.73
192.56, 68.88, 188.01, 599.24, 664.92
196.73, 68.00, 190.95, 589.79, 657.23
191.34, 68.80, 188.63, 596.63, 668.35
196.71, 68.00, 190.91, 590.28, 657.35
191.34, 68.82, 188.63, 596.65, 668.38
196.71, 68.00, 190.91, 590.28, 657.35
191.32, 68.80, 188.62, 596.64, 668.39
196.00, 68.88, 190.43, 589.59, 661.67
190.24, 69.20, 188.22, 595.14, 672.90
195.47, 68.90, 190.27, 589.78, 662.25
190.60, 69.14, 188.47, 595.08, 672.53
191.13, 69.00, 188.46, 593.37, 674.43
198.52, 69.11, 190.87, 587.87, 663.60
191.09, 68.99, 188.45, 593.39, 674.43
198.57, 69.03, 190.88, 587.87, 663.60
205.72, 68.56, 191.29, 584.26, 664.14
191.83, 69.48, 188.02, 587.91, 676.66
193.37, 68.20, 189.40, 583.14, 675.35
194.87, 68.93, 188.88, 581.91, 663.71
193.40, 68.19, 189.40, 583.14, 675.35
194.91, 68.93, 188.90, 581.91, 663.71
193.43, 68.16, 189.42, 583.14, 675.35
195.00, 68.86, 188.96, 581.91, 663.71
196.66, 67.86, 189.05, 580.76, 675.22
197.05, 69.38, 187.62, 578.95, 665.78
196.34, 68.03, 189.01, 580.86, 675.27
196.99, 69.41, 187.59, 578.95, 665.78
196.26, 68.60, 187.92, 578.00, 664.86
195.09, 67.88, 189.08, 580.03, 674.90
196.13, 68.69, 187.84, 577.98, 664.83
195.04, 67.92, 189.04, 580.02, 674.87
194.43, 67.98, 189.49, 575.57, 663.96
195.19, 67.33, 190.02, 577.65, 674.74
198.25, 67.19, 191.48, 573.46, 663.89
197.96, 66.56, 191.41, 577.05, 675.66
198.28, 67.19, 191.47, 573.46, 663.89
197.96, 66.56, 191.41, 577.05, 675.66
198.27, 67.22, 191.37, 573.52, 663.87
197.93, 66.57, 191.37, 577.06, 675.63
197.50, 67.38, 191.04, 575.63, 660.10
197.89, 67.16, 190.66, 576.47, 675.98
197.41, 67.23, 191.37, 575.54, 660.12
197.77, 67.10, 190.77, 576.49, 676.03
192.04, 68.34, 189.97, 573.47, 660.58
196.48, 67.54, 189.95, 574.92, 677.15
191.33, 68.43, 189.85, 573.36, 660.57
196.26, 67.54, 189.93, 574.89, 677.14
188.18, 74.29, 184.34, 560.53, 658.86
197.35, 68.45, 189.74, 572.44, 676.07
188.39, 74.39, 184.23, 560.53, 658.86
197.39, 68.46, 189.73, 572.44, 676.07
200.69, 67.10, 190.58, 570.94, 675.00
200.64, 67.10, 190.56, 570.94, 675.00
190.09, 85.42, 177.98, 558.75, 650.25
202.27, 66.59, 190.74, 572.02, 675.40
189.79, 85.43, 177.98, 558.75, 650.25
202.18, 66.60, 190.73, 572.02, 675.40
201.45, 65.80, 191.43, 570.41, 674.23
201.45, 65.80, 191.43, 570.41, 674.23
199.61, 66.94, 189.52, 567.46, 671.86
199.56, 66.96, 189.49, 567.45, 671.89
202.34, 68.26, 188.69, 560.80, 672.29
202.34, 68.26, 188.69, 560.80, 672.29
203.20, 67.88, 189.88, 556.83, 670.54
204.27, 65.89, 191.53, 553.49, 666.26
204.29, 65.87, 191.54, 553.47, 666.28
204.28, 65.88, 191.53, 553.49, 666.26
203.25, 67.40, 195.66, 533.11, 633.93
205.44, 65.22, 192.43, 551.37, 660.51
203.26, 67.40, 195.66, 533.11, 633.93
205.47, 65.14, 192.45, 551.47, 660.52
213.30, 61.58, 198.76, 537.79, 632.89
205.29, 64.25, 193.21, 549.50, 658.28
213.30, 61.58, 198.76, 537.79, 632.89
205.29, 64.26, 193.21, 549.50, 658.28
216.45, 62.66, 197.13, 541.10, 631.01
204.49, 65.02, 192.65, 549.20, 656.75
216.19, 62.75, 197.03, 541.10, 631.01
204.49, 65.02, 192.64, 549.20, 656.75
220.41, 59.63, 199.26, 544.10, 630.06
206.29, 64.19, 193.19, 546.49, 655.02
220.41, 59.63, 199.26, 544.10, 630.06
206.29, 64.19, 193.19, 546.49, 655.02
213.14, 61.68, 198.12, 540.66, 629.50
208.19, 64.59, 192.75, 545.99, 652.50
213.14, 61.68, 198.12, 540.66, 629.50
208.19, 64.60, 192.75, 545.99, 652.50
212.34, 61.02, 198.58, 540.68, 628.10
205.98, 64.52, 192.97, 545.91, 650.02
212.34, 61.02, 198.58, 540.68, 628.10
206.11, 64.39, 193.15, 545.62, 650.05
213.44, 61.33, 197.34, 541.01, 626.51
204.92, 64.85, 192.52, 545.78, 647.69
213.37, 61.38, 197.24, 539.97, 626.54
204.92, 64.85, 192.52, 545.78, 647.69
213.60, 60.11, 198.45, 540.38, 626.01
204.67, 64.54, 192.97, 545.87, 646.64
213.60, 60.11, 198.45, 540.38, 626.01
204.67, 64.54, 192.97, 545.87, 646.64
214.47, 60.34, 197.94, 540.23, 625.72
205.37, 64.57, 192.81, 545.08, 646.60
214.32, 60.39, 197.88, 540.23, 625.72
205.33, 64.57, 192.80, 545.08, 646.60
216.12, 59.60, 198.77, 540.36, 625.78
205.34, 64.22, 193.23, 545.31, 646.64
215.83, 59.86, 198.45, 540.55, 625.80
205.35, 64.18, 193.23, 545.34, 646.67
212.77, 60.52, 197.94, 540.37, 625.32
204.84, 64.69, 192.76, 545.31, 646.68
212.77, 60.52, 197.94, 540.37, 625.32
204.84, 64.70, 192.74, 545.32, 646.66
213.09, 60.45, 197.73, 540.87, 625.37
204.43, 64.76, 192.65, 545.13, 646.47
213.09, 60.45, 197.73, 540.87, 625.37
204.46, 64.74, 192.68, 545.14, 646.46
211.81, 61.54, 196.48, 539.55, 625.65
204.37, 65.14, 192.07, 544.92, 646.45
211.75, 61.53, 196.46, 539.55, 625.65
204.37, 65.14, 192.07, 544.92, 646.45
212.56, 60.47, 197.54, 538.99, 625.65
204.49, 64.74, 192.52, 544.65, 646.45
212.56, 60.47, 197.54, 538.99, 625.65
204.49, 64.74, 192.53, 544.65, 646.45
211.92, 60.97, 196.90, 538.62, 625.27
204.58, 65.19, 192.22, 543.91, 646.54
211.92, 60.97, 196.90, 538.62, 625.27
204.60, 65.16, 192.23, 543.90, 646.54
213.37, 60.48, 197.17, 536.75, 626.77
204.78, 64.75, 192.56, 543.77, 646.87
213.37, 60.48, 197.17, 536.75, 626.77
204.78, 64.75, 192.56, 543.77, 646.87
210.74, 60.59, 197.17, 537.71, 624.91
204.83, 64.81, 192.54, 543.61, 645.85
210.74, 60.59, 197.17, 537.71, 624.91
204.80, 64.80, 192.56, 543.61, 645.85
210.68, 61.63, 195.96, 540.32, 624.36
203.86, 65.03, 192.30, 544.27, 644.94
207.14, 62.27, 195.60, 541.62, 623.96
203.82, 64.61, 192.66, 544.56, 645.01
207.14, 62.27, 195.60, 541.62, 623.96
203.85, 64.60, 192.68, 544.53, 645.01
207.14, 62.27, 195.59, 541.62, 623.96
203.83, 64.60, 192.67, 544.54, 645.01
199.38, 66.30, 194.36, 551.81, 625.64
188.78, 70.00, 188.57, 548.78, 644.78
199.41, 66.28, 194.39, 551.81, 625.64
188.58, 70.02, 188.54, 548.80, 644.85
202.44, 73.00, 191.81, 556.32, 632.39
179.98, 71.00, 187.62, 561.49, 652.75
202.44, 73.00, 191.81, 556.32, 632.39
179.92, 71.02, 187.60, 561.51, 652.78
201.88, 74.69, 190.97, 551.83, 647.97
204.61, 67.96, 191.81, 577.87, 661.15
201.88, 74.69, 190.97, 551.83, 647.97
204.63, 67.93, 191.84, 577.87, 661.15
201.69, 79.45, 189.13, 547.17, 657.42
201.90, 79.32, 189.25, 547.17, 657.42
211.50, 69.12, 197.30, 558.75, 669.58
211.50, 69.12, 197.30, 558.75, 669.58
205.45, 68.66, 192.81, 560.62, 683.77
206.25, 68.32, 193.26, 559.89, 682.43
205.38, 68.68, 192.77, 560.62, 683.77
206.16, 68.33, 193.23, 559.89, 682.43
203.20, 72.60, 190.43, 555.13, 685.18
189.26, 77.75, 186.97, 545.75, 685.99
189.26, 77.75, 186.97, 545.75, 685.99
189.26, 77.75, 186.97, 545.75, 685.99
196.76, 71.87, 187.32, 541.76, 686.74
197.13, 71.71, 187.47, 541.76, 686.74
210.29, 72.16, 188.51, 537.81, 684.68
210.15, 72.01, 188.81, 537.31, 684.44
202.36, 72.91, 189.07, 543.55, 684.61
216.40, 70.44, 192.97, 532.90, 681.91
202.36, 72.91, 189.07, 543.55, 684.61
216.32, 70.25, 193.12, 532.87, 681.99
208.38, 66.49, 194.30, 537.98, 680.83
208.38, 66.49, 194.30, 537.98, 680.83
208.74, 62.42, 197.90, 536.75, 676.64
208.77, 62.39, 197.93, 536.75, 676.64
212.55, 59.95, 199.83, 539.22, 675.56
212.55, 59.95, 199.83, 539.22, 675.56
211.45, 61.36, 198.85, 538.99, 676.41
222.79, 57.63, 202.50, 531.63, 679.36
211.60, 61.32, 198.90, 538.94, 676.39
222.79, 57.63, 202.50, 531.63, 679.36
211.15, 60.59, 199.81, 536.83, 678.02
221.94, 57.25, 203.46, 530.99, 678.65
211.15, 60.59, 199.81, 536.83, 678.02
221.94, 57.25, 203.46, 530.99, 678.65
213.17, 59.68, 200.91, 533.63, 678.76
218.97, 57.86, 202.96, 533.50, 676.90
213.16, 59.60, 200.92, 533.63, 678.76
218.96, 57.76, 202.96, 533.50, 676.90
201.47, 65.51, 195.30, 532.00, 679.13
209.21, 63.53, 197.96, 530.11, 675.05
209.43, 64.08, 196.43, 533.64, 670.64
209.43, 64.08, 196.43, 533.64, 670.64
209.43, 64.08, 196.43, 533.64, 670.64
221.28, 60.18, 201.93, 532.97, 657.62
195.30, 67.56, 192.01, 537.90, 677.36
221.15, 60.32, 201.95, 532.97, 657.62
195.42, 68.03, 191.89, 538.37, 677.44
216.42, 62.08, 200.82, 530.82, 654.33
199.21, 67.94, 192.06, 536.67, 675.59
216.20, 62.15, 200.73, 530.82, 654.33
199.19, 67.91, 192.06, 536.68, 675.61
197.76, 68.40, 191.26, 540.98, 672.53
218.94, 65.02, 200.59, 537.24, 645.44
197.75, 68.40, 191.26, 541.01, 672.52
218.94, 65.02, 200.59, 537.24, 645.44
219.75, 66.19, 196.06, 546.60, 636.79
196.21, 69.34, 189.83, 545.39, 667.82
219.75, 66.19, 196.06, 546.60, 636.79
196.16, 69.26, 189.87, 545.40, 667.86
195.45, 69.72, 188.69, 550.36, 664.35
195.46, 69.69, 188.70, 550.36, 664.34
197.78, 69.94, 188.49, 555.99, 661.23
197.80, 69.89, 188.55, 555.96, 661.26
199.45, 69.20, 189.65, 561.35, 658.16
199.48, 69.23, 189.70, 561.36, 658.15
198.72, 69.16, 189.12, 567.66, 652.96
201.63, 68.24, 190.17, 574.09, 649.57
201.63, 68.24, 190.17, 574.09, 649.57
201.62, 68.23, 190.18, 574.09, 649.57
199.47, 70.16, 188.41, 581.45, 646.11
199.26, 70.04, 188.46, 581.38, 646.43
195.67, 69.70, 188.01, 589.96, 645.12
195.70, 69.69, 188.03, 589.95, 645.14
195.62, 70.17, 187.44, 597.10, 646.00
195.37, 70.22, 187.37, 597.14, 646.19
196.99, 69.11, 188.05, 604.22, 647.46
196.97, 69.11, 188.04, 604.22, 647.46
197.24, 68.52, 187.60, 610.92, 649.77
197.22, 68.42, 187.64, 610.94, 649.76
199.98, 66.44, 189.48, 616.82, 653.04
199.97, 66.43, 189.49, 616.80, 653.05
201.06, 65.39, 190.94, 620.27, 656.55
201.05, 65.38, 190.87, 620.21, 656.54
204.75, 63.53, 192.74, 620.59, 659.13
204.76, 63.53, 192.75, 620.60, 659.14
205.76, 62.92, 193.55, 619.19, 661.70
205.12, 62.97, 194.36, 620.15, 660.34
205.05, 63.00, 194.29, 620.17, 660.33
205.08, 62.94, 194.38, 620.15, 660.32
204.56, 63.77, 193.47, 618.68, 659.03
204.44, 63.80, 193.46, 618.68, 659.03
203.15, 63.50, 193.69, 618.29, 658.90
203.23, 63.47, 193.74, 618.27, 658.91
202.88, 64.06, 192.80, 617.04, 658.96
202.73, 64.14, 192.76, 617.04, 658.96
201.95, 64.16, 192.93, 616.92, 660.17
201.90, 64.17, 192.92, 616.92, 660.15
200.80, 65.42, 190.91, 615.06, 661.75
200.87, 65.39, 190.97, 615.05, 661.73
200.99, 65.07, 191.17, 613.74, 664.35
200.92, 65.09, 191.16, 613.74, 664.37
199.80, 65.47, 189.70, 611.94, 666.97
199.87, 65.44, 189.75, 611.91, 666.94
201.87, 64.91, 190.21, 609.23, 669.86
201.92, 64.86, 190.24, 609.22, 669.84
202.60, 64.94, 190.12, 605.60, 670.22
201.72, 65.18, 190.15, 605.03, 669.08
201.69, 65.19, 190.14, 605.04, 669.11
201.72, 65.18, 190.15, 605.03, 669.08
201.28, 65.45, 190.12, 603.04, 667.62
201.37, 65.43, 190.11, 603.08, 667.51
200.15, 65.67, 190.01, 603.67, 667.53
200.15, 65.83, 189.95, 603.60, 667.25
199.56, 66.53, 188.91, 604.70, 666.97
199.59, 66.59, 188.77, 604.77, 666.90
200.60, 66.20, 189.02, 606.13, 667.89
200.59, 66.17, 189.05, 606.10, 667.87
197.89, 68.21, 187.27, 606.28, 669.53
197.87, 68.18, 187.31, 606.24, 669.57
195.49, 68.21, 186.94, 605.74, 670.53
195.53, 68.21, 186.97, 605.74, 670.53
197.13, 68.88, 184.89, 603.02, 668.13
198.77, 68.04, 187.14, 605.18, 669.58
198.76, 68.05, 187.14, 605.18, 669.58
199.19, 67.89, 187.20, 605.23, 669.60
196.61, 70.30, 184.85, 606.62, 669.89
196.61, 70.27, 184.88, 606.62, 669.89
191.71, 70.91, 184.03, 605.92, 671.03
191.67, 70.92, 184.01, 605.92, 671.03
191.60, 71.32, 183.57, 605.70, 670.75
191.54, 71.31, 183.64, 605.73, 670.79
191.77, 71.39, 183.86, 605.56, 670.57
191.76, 71.31, 183.93, 605.60, 670.65
191.19, 71.12, 183.67, 605.56, 670.16
191.18, 71.12, 183.68, 605.56, 670.16
191.14, 70.96, 184.19, 605.42, 670.26
190.57, 71.06, 184.22, 605.50, 670.29
190.31, 71.20, 184.29, 605.40, 670.37
190.14, 71.23, 184.27, 605.37, 670.43
190.18, 71.09, 184.35, 605.39, 670.43
190.18, 71.13, 184.28, 605.41, 670.43
190.59, 71.12, 184.68, 605.17, 670.55
190.50, 71.30, 184.74, 605.00, 670.51
190.66, 71.34, 184.86, 605.08, 670.59
190.63, 71.33, 184.85, 605.11, 670.57
191.14, 71.25, 185.01, 605.11, 670.39
191.41, 71.24, 185.13, 605.17, 670.51
191.57, 71.24, 185.17, 605.15, 670.46
191.42, 71.22, 185.16, 605.22, 670.49
191.75, 68.88, 186.93, 600.83, 660.15
189.96, 71.51, 185.87, 605.39, 671.51
191.47, 68.83, 187.19, 600.65, 660.14
189.73, 71.52, 185.93, 605.31, 671.57
200.11, 71.04, 188.10, 609.12, 665.34
194.79, 72.32, 186.79, 612.46, 669.59
199.98, 71.07, 188.43, 609.33, 666.25
194.79, 72.32, 186.79, 612.46, 669.59
202.40, 65.06, 194.35, 633.64, 667.93
201.63, 68.15, 191.77, 618.00, 668.06
202.43, 65.05, 194.35, 633.70, 667.91
201.72, 68.09, 191.87, 618.04, 668.04
174.42, 88.18, 179.08, 621.94, 683.82
174.28, 88.16, 179.14, 621.91, 683.84
179.42, 83.41, 179.52, 624.46, 687.21
179.42, 83.39, 179.61, 624.36, 687.21
220.15, 58.25, 200.77, 629.31, 681.67
220.14, 58.24, 200.79, 629.31, 681.67
217.24, 59.52, 197.96, 618.98, 678.43
217.23, 59.52, 197.96, 618.98, 678.43
220.15, 60.00, 196.80, 608.20, 673.25
220.15, 59.98, 196.85, 608.20, 673.26
221.00, 60.42, 197.04, 594.20, 669.16
221.00, 60.42, 197.04, 594.20, 669.16
216.34, 66.74, 190.82, 580.01, 668.11
216.36, 66.75, 190.79, 579.98, 668.07
203.69, 65.98, 192.85, 570.01, 669.50
203.68, 65.98, 192.86, 570.01, 669.50
200.05, 68.79, 190.50, 561.69, 670.51
200.00, 68.77, 190.52, 561.69, 670.55
201.70, 66.57, 191.84, 558.74, 669.93
201.70, 66.57, 191.84, 558.74, 669.93
200.64, 65.78, 192.62, 556.70, 667.99
200.64, 65.78, 192.62, 556.70, 667.99
202.90, 65.11, 193.23, 554.27, 667.10
202.89, 65.11, 193.22, 554.27, 667.10
203.04, 65.99, 192.47, 552.24, 667.25
203.01, 66.00, 192.44, 552.30, 667.25
203.37, 65.36, 192.86, 552.64, 666.86
203.31, 65.37, 192.87, 552.64, 666.86
204.16, 65.27, 192.89, 552.45, 666.89
204.25, 65.19, 192.95, 552.45, 666.90
203.98, 65.12, 193.10, 552.52, 666.82
204.00, 65.14, 193.13, 552.53, 666.82
204.26, 65.14, 193.06, 552.50, 666.83
204.17, 65.17, 193.06, 552.46, 666.85
204.25, 65.08, 193.12, 552.47, 666.85
204.08, 65.10, 193.13, 552.54, 666.89
204.20, 65.08, 193.12, 552.49, 666.86
203.89, 65.02, 193.22, 552.45, 666.89
203.88, 65.02, 193.21, 552.48, 666.90
203.89, 64.97, 193.24, 552.48, 666.90
204.26, 64.87, 193.35, 552.42, 666.90
204.26, 64.84, 193.40, 552.42, 666.90
204.32, 64.71, 193.54, 552.42, 666.91
204.00, 64.56, 193.57, 552.44, 666.85
204.00, 64.56, 193.57, 552.44, 666.85
204.01, 64.56, 193.57, 552.44, 666.85
204.02, 64.56, 193.57, 552.44, 666.85
204.02, 64.56, 193.57, 552.44, 666.85
204.01, 64.54, 193.58, 552.47, 666.82
203.99, 64.56, 193.55, 552.45, 666.85
203.99, 64.56, 193.55, 552.45, 666.85
203.97, 64.59, 193.52, 552.45, 666.86
204.08, 64.55, 193.57, 552.43, 666.85
204.12, 64.52, 193.58, 552.46, 666.85
204.11, 64.54, 193.56, 552.45, 666.86
204.11, 64.52, 193.58, 552.45, 666.86
204.17, 64.49, 193.61, 552.44, 666.84
204.15, 64.51, 193.60, 552.44, 666.84
204.28, 64.46, 193.65, 552.43, 666.81
204.31, 64.46, 193.69, 552.45, 666.81
204.32, 64.49, 193.69, 552.43, 666.78
204.33, 64.45, 193.70, 552.43, 666.78
204.35, 64.46, 193.68, 552.45, 666.79
204.32, 64.44, 193.70, 552.46, 666.80
204.45, 64.47, 193.72, 552.40, 666.81
204.48, 64.45, 193.75, 552.39, 666.84
204.51, 64.42, 193.77, 552.38, 666.83
204.49, 64.39, 193.81, 552.38, 666.83
204.31, 64.58, 193.58, 552.51, 666.89
204.19, 64.61, 193.55, 552.48, 666.91
204.26, 64.56, 193.62, 552.45, 666.88
204.26, 64.43, 193.71, 552.44, 666.87
204.46, 64.41, 193.68, 552.46, 666.88
204.23, 64.34, 193.79, 552.46, 666.89
204.23, 64.34, 193.79, 552.46, 666.89
204.23, 64.33, 193.81, 552.46, 666.89
204.40, 64.35, 193.80, 552.45, 666.86
204.33, 64.32, 193.84, 552.44, 666.87
204.41, 64.30, 193.87, 552.42, 666.87
204.26, 64.27, 193.89, 552.44, 666.88
204.38, 64.33, 193.87, 552.38, 666.84
204.26, 64.33, 193.82, 552.46, 666.87
204.34, 64.28, 193.85, 552.44, 666.85
204.10, 64.32, 193.84, 552.46, 666.88
204.23, 64.34, 193.83, 552.41, 666.84
204.31, 64.32, 193.87, 552.46, 666.86
204.33, 64.36, 193.82, 552.49, 666.87
204.18, 64.37, 193.81, 552.53, 666.91
204.31, 64.39, 193.82, 552.50, 666.89
204.26, 64.32, 193.84, 552.53, 666.89
204.37, 64.28, 193.87, 552.49, 666.86
204.35, 64.29, 193.86, 552.51, 666.90
204.48, 64.25, 193.88, 552.52, 666.88
204.51, 64.23, 193.90, 552.53, 666.88
204.42, 64.28, 193.91, 552.51, 666.88
204.22, 64.26, 193.89, 552.52, 666.89
204.29, 64.36, 193.86, 552.42, 666.87
204.27, 64.37, 193.84, 552.46, 666.87
204.51, 64.28, 193.95, 552.41, 666.82
204.44, 64.23, 193.94, 552.46, 666.83
204.66, 64.09, 193.99, 552.39, 666.77
204.63, 64.09, 193.97, 552.41, 666.78
204.57, 64.11, 194.02, 552.45, 666.78
204.22, 64.18, 194.00, 552.40, 666.87
204.11, 64.95, 193.06, 552.61, 667.05
204.07, 64.95, 193.06, 552.63, 667.07
202.63, 65.86, 192.24, 552.71, 668.34
203.86, 64.70, 193.33, 552.63, 669.86
203.92, 64.73, 193.29, 552.61, 669.86
203.82, 64.75, 193.27, 552.63, 669.87
203.36, 65.27, 192.77, 552.84, 671.42
203.36, 65.27, 192.77, 552.84, 671.42
204.70, 64.86, 193.21, 551.72, 672.25
204.75, 64.83, 193.24, 551.72, 672.23
206.38, 64.23, 194.02, 550.83, 673.31
206.38, 64.23, 194.03, 550.83, 673.31
206.88, 64.44, 193.61, 549.42, 674.65
206.85, 64.45, 193.59, 549.44, 674.66
207.05, 64.11, 193.95, 548.97, 675.89
207.06, 64.10, 193.99, 548.95, 675.89
206.99, 64.35, 193.56, 548.60, 676.16
206.98, 64.35, 193.58, 548.60, 676.16
207.44, 63.62, 194.47, 548.25, 675.92
207.43, 63.63, 194.46, 548.27, 675.92
207.97, 63.89, 194.24, 547.99, 676.08
207.98, 63.89, 194.24, 547.99, 676.08
207.07, 63.96, 194.08, 547.62, 675.69
207.07, 63.96, 194.08, 547.62, 675.69
207.91, 63.81, 194.14, 547.73, 675.64
208.03, 63.78, 194.17, 547.50, 675.74
207.96, 63.37, 194.79, 547.51, 675.58
207.92, 63.37, 194.79, 547.51, 675.58
208.32, 63.47, 194.44, 547.51, 675.71
208.32, 63.45, 194.47, 547.46, 675.68
207.89, 63.32, 194.64, 546.71, 675.66
207.89, 63.32, 194.65, 546.71, 675.66
207.23, 63.78, 194.10, 546.48, 675.67
207.22, 63.79, 194.09, 546.49, 675.67
208.42, 63.16, 194.73, 546.17, 675.64
208.39, 63.15, 194.76, 546.15, 675.63
208.11, 63.68, 194.22, 545.72, 675.50
208.11, 63.68, 194.22, 545.72, 675.50
208.83, 63.35, 194.65, 545.86, 675.24
208.77, 63.35, 194.67, 545.85, 675.23
209.21, 63.42, 194.67, 545.42, 675.26
209.20, 63.43, 194.66, 545.42, 675.26
208.81, 63.53, 194.52, 545.15, 675.11
208.83, 63.50, 194.53, 545.16, 675.11
208.45, 63.71, 194.42, 545.14, 675.23
208.41, 63.67, 194.44, 545.11, 675.19
208.79, 63.47, 194.66, 544.94, 675.34
208.77, 63.47, 194.66, 544.90, 675.34
208.21, 63.83, 194.31, 545.00, 675.58
208.25, 63.79, 194.35, 545.00, 675.59
206.52, 64.26, 193.83, 544.49, 675.03
206.52, 64.27, 193.80, 544.51, 675.04
208.48, 63.69, 194.13, 544.58, 674.73
208.47, 63.67, 194.15, 544.61, 674.72
208.48, 63.53, 194.54, 544.05, 674.57
208.42, 63.56, 194.49, 544.08, 674.56
209.10, 63.73, 194.21, 543.83, 674.02
209.18, 63.71, 194.22, 543.83, 674.02
204.98, 64.63, 193.60, 543.79, 674.89
205.29, 64.37, 193.87, 543.85, 674.97
207.14, 64.54, 193.57, 543.45, 674.48
207.20, 64.49, 193.63, 543.45, 674.50
207.65, 64.05, 193.76, 542.38, 673.99
207.53, 64.12, 193.71, 542.36, 674.02
206.46, 64.84, 192.99, 542.42, 673.76
206.42, 64.90, 192.94, 542.42, 673.77
207.06, 64.34, 193.44, 543.46, 673.72
207.06, 64.30, 193.45, 543.50, 673.73
206.60, 64.35, 193.43, 543.02, 673.65
206.60, 64.32, 193.45, 543.02, 673.65
206.84, 64.34, 193.55, 543.12, 673.39
206.85, 64.30, 193.59, 543.15, 673.40
206.65, 64.65, 193.43, 543.13, 673.36
206.60, 64.60, 193.51, 543.13, 673.36
206.70, 64.51, 193.50, 543.23, 673.47
206.70, 64.44, 193.57, 543.25, 673.48
206.79, 64.46, 193.44, 543.22, 673.47
206.76, 64.43, 193.45, 543.20, 673.45
207.02, 64.36, 193.56, 543.34, 673.49
206.95, 64.35, 193.59, 543.35, 673.49
206.71, 64.53, 193.52, 543.47, 673.44
206.78, 63.97, 194.15, 543.52, 673.10
206.88, 63.97, 194.16, 543.54, 673.11
206.87, 63.96, 194.17, 543.54, 673.11
206.18, 65.02, 193.04, 540.23, 671.55
206.11, 65.08, 193.01, 540.23, 671.55
205.87, 64.54, 193.45, 540.80, 671.50
206.16, 64.28, 193.67, 542.58, 672.14
205.91, 65.27, 192.62, 540.78, 671.30
205.87, 65.29, 192.61, 540.75, 671.29
205.27, 65.28, 192.79, 542.34, 672.08
205.28, 65.24, 192.84, 542.34, 672.08
205.65, 65.77, 192.24, 541.82, 671.53
205.73, 65.74, 192.27, 541.82, 671.56
205.17, 65.77, 192.40, 539.89, 670.31
205.09, 66.02, 192.35, 539.73, 670.32
205.06, 66.40, 191.76, 539.79, 670.30
205.26, 66.24, 191.87, 539.77, 670.34
204.10, 66.54, 191.72, 539.32, 670.35
204.11, 66.53, 191.72, 539.32, 670.35
204.77, 66.86, 191.48, 538.82, 670.27
204.67, 66.86, 191.44, 538.89, 670.31
204.88, 66.29, 192.23, 538.08, 669.76
204.88, 66.23, 192.25, 538.11, 669.81
203.58, 67.54, 190.84, 537.89, 669.88
203.65, 67.49, 190.86, 538.01, 669.95
223.28, 60.56, 198.30, 522.00, 659.67
203.08, 67.53, 191.14, 537.15, 669.94
223.28, 60.56, 198.30, 522.00, 659.67
203.07, 67.53, 191.14, 537.15, 669.94
210.18, 68.58, 194.74, 519.20, 665.40
202.09, 68.83, 190.53, 536.63, 669.48
210.18, 68.58, 194.74, 519.20, 665.40
202.09, 68.83, 190.53, 536.63, 669.48
189.68, 72.61, 188.81, 528.26, 666.16
193.77, 72.13, 187.27, 538.45, 669.11
189.68, 72.61, 188.81, 528.26, 666.16
193.77, 72.13, 187.27, 538.45, 669.11
203.30, 67.56, 194.92, 531.01, 664.30
198.11, 69.51, 189.69, 546.17, 668.42
203.30, 67.56, 194.92, 531.01, 664.30
198.10, 69.49, 189.67, 546.20, 668.46
215.19, 64.46, 197.33, 531.96, 665.42
200.73, 68.91, 190.17, 551.79, 667.89
215.19, 64.46, 197.33, 531.96, 665.42
200.73, 68.91, 190.17, 551.79, 667.89
214.41, 69.62, 194.06, 536.92, 666.72
200.74, 71.00, 188.24, 557.30, 667.54
214.38, 69.62, 194.05, 536.92, 666.72
200.73, 71.00, 188.24, 557.30, 667.54
210.17, 71.48, 192.97, 539.62, 667.42
198.75, 73.37, 185.67, 566.51, 671.29
207.07, 72.95, 191.04, 539.25, 667.33
197.31, 74.05, 184.74, 566.63, 671.57
196.86, 72.49, 186.09, 574.36, 669.74
196.79, 72.47, 186.12, 574.35, 669.72
196.08, 70.97, 186.59, 579.44, 668.59
196.00, 70.97, 186.63, 579.40, 668.63
194.84, 70.66, 186.30, 586.62, 667.88
194.72, 70.73, 186.09, 586.83, 667.85
192.49, 70.67, 185.89, 593.59, 668.42
192.57, 70.64, 185.92, 593.60, 668.39
188.37, 72.04, 184.12, 599.35, 669.52
188.28, 72.01, 184.17, 599.37, 669.51
187.45, 72.79, 184.51, 601.75, 672.12
187.41, 72.80, 184.44, 601.71, 672.05
189.21, 74.30, 183.14, 604.70, 674.26
189.18, 74.27, 183.16, 604.63, 674.25
188.06, 74.45, 182.51, 608.99, 673.87
188.04, 74.44, 182.53, 608.99, 673.87
184.66, 75.51, 181.29, 610.87, 675.28
184.68, 75.50, 181.30, 610.87, 675.28
183.06, 75.48, 181.36, 613.83, 675.58
183.06, 75.48, 181.36, 613.83, 675.58
182.89, 75.88, 180.82, 614.63, 675.93
182.93, 75.82, 180.86, 614.69, 675.97
182.44, 75.36, 181.35, 614.24, 675.62
182.45, 75.36, 181.35, 614.24, 675.62
182.11, 75.00, 181.04, 613.69, 674.86
182.08, 75.04, 181.05, 613.68, 674.87
180.64, 74.93, 181.77, 610.79, 675.44
180.63, 74.93, 181.77, 610.79, 675.44
180.38, 75.19, 180.53, 610.96, 675.51
180.32, 75.23, 180.42, 610.96, 675.51
180.30, 74.63, 181.50, 610.94, 674.39
180.31, 74.61, 181.53, 610.94, 674.39
180.26, 74.75, 181.19, 610.93, 674.61
180.27, 74.73, 181.23, 610.93, 674.61
180.16, 74.60, 181.54, 610.80, 674.58
179.98, 74.65, 181.52, 610.88, 674.54
180.28, 74.67, 181.39, 610.80, 674.49
180.02, 74.65, 181.44, 610.76, 674.45
179.94, 74.69, 181.48, 610.68, 674.53
179.90, 74.63, 181.60, 610.68, 674.53
181.70, 74.23, 182.00, 611.22, 674.13
181.36, 74.34, 181.87, 611.18, 674.10
181.72, 74.11, 182.10, 611.13, 674.09
181.61, 74.07, 182.08, 611.14, 674.05
181.81, 74.10, 182.07, 611.17, 674.03
182.00, 74.05, 182.11, 611.25, 673.94
181.79, 73.54, 182.05, 611.75, 673.74
181.79, 73.53, 182.06, 611.75, 673.74
181.54, 74.74, 181.22, 611.22, 673.52
181.58, 74.73, 181.18, 611.23, 673.48
182.53, 73.55, 182.46, 611.44, 672.67
182.65, 73.51, 182.49, 611.46, 672.66
179.83, 74.51, 180.86, 609.06, 675.30
179.83, 74.51, 180.85, 609.07, 675.33
177.51, 74.51, 181.09, 607.08, 675.41
177.51, 74.50, 181.09, 607.08, 675.41
177.13, 75.16, 180.98, 601.64, 677.25
177.14, 75.15, 181.00, 601.23, 677.35
177.87, 74.01, 183.20, 594.95, 678.32
178.02, 74.04, 183.01, 595.42, 678.27
180.38, 73.58, 183.72, 589.12, 677.54
180.24, 73.63, 183.70, 589.00, 677.52
183.57, 72.79, 184.94, 584.95, 676.00
183.57, 72.78, 184.94, 584.95, 676.00
187.05, 71.80, 185.87, 581.67, 673.76
187.02, 71.80, 185.89, 581.59, 673.75
189.32, 70.49, 187.28, 578.29, 670.74
189.32, 70.49, 187.28, 578.29, 670.74
190.42, 69.76, 187.93, 574.29, 667.84
190.41, 69.70, 187.99, 574.33, 667.84
192.49, 68.29, 189.38, 571.51, 664.62
192.46, 68.30, 189.37, 571.50, 664.63
194.00, 68.33, 189.46, 570.24, 660.16
193.84, 68.37, 189.41, 570.28, 660.17
194.11, 67.59, 190.07, 570.74, 655.73
194.18, 67.48, 190.29, 570.23, 655.69
194.79, 67.62, 190.02, 570.02, 651.14
194.80, 67.60, 190.05, 570.03, 651.13
195.63, 66.75, 190.64, 570.82, 646.82
195.63, 66.75, 190.64, 570.82, 646.82
194.73, 67.68, 189.70, 571.73, 642.45
194.75, 67.68, 189.69, 571.70, 642.45
195.69, 67.49, 190.18, 573.32, 638.24
195.71, 67.48, 190.19, 573.32, 638.24
196.09, 68.27, 189.29, 574.86, 634.12
196.05, 68.27, 189.28, 574.85, 634.13
197.08, 68.28, 189.68, 577.17, 630.29
197.09, 68.27, 189.69, 577.19, 630.30
197.16, 68.66, 189.16, 579.45, 626.62
197.13, 68.64, 189.18, 579.46, 626.64
198.61, 68.29, 189.64, 582.67, 623.57
198.70, 68.17, 189.70, 582.67, 623.58
197.82, 68.87, 189.11, 585.45, 618.81
197.80, 68.86, 189.12, 585.46, 618.82
198.73, 68.66, 189.41, 588.88, 615.17
198.65, 68.69, 189.41, 588.92, 615.17
198.91, 68.54, 189.41, 593.90, 611.98
198.93, 68.51, 189.42, 593.90, 611.98
197.44, 68.94, 188.95, 599.06, 608.98
197.44, 68.96, 188.96, 599.09, 609.00
194.96, 69.44, 188.30, 605.11, 607.68
194.96, 69.44, 188.31, 605.11, 607.68
193.27, 70.00, 187.75, 611.43, 606.93
193.30, 69.99, 187.75, 611.43, 606.93
192.93, 70.88, 186.86, 617.32, 608.18
192.96, 70.84, 186.89, 617.30, 608.19
194.91, 69.53, 187.63, 624.04, 609.58
194.95, 69.50, 187.65, 624.04, 609.58
196.82, 68.71, 189.14, 631.73, 611.97
196.81, 68.64, 189.18, 631.71, 612.00
199.37, 66.10, 192.01, 635.09, 615.57
199.37, 66.10, 192.01, 635.09, 615.57
200.04, 65.87, 191.82, 633.39, 618.67
199.94, 65.84, 191.86, 633.31, 618.73
199.64, 65.62, 191.90, 633.25, 623.26
199.62, 65.62, 191.90, 633.25, 623.26
199.71, 66.03, 191.38, 631.90, 627.83
199.71, 66.03, 191.40, 631.90, 627.80
198.77, 66.41, 191.10, 630.45, 632.73
198.73, 66.56, 191.15, 630.35, 632.72
199.00, 66.88, 190.97, 628.79, 637.33
199.06, 66.84, 191.03, 628.83, 637.34
198.60, 67.37, 189.97, 626.38, 642.28
198.60, 67.36, 189.98, 626.38, 642.28
196.02, 68.33, 188.18, 626.03, 648.40
195.93, 68.38, 188.14, 626.07, 648.37
192.68, 70.38, 184.97, 625.71, 655.08
192.70, 70.37, 185.00, 625.71, 655.08
187.61, 72.98, 181.00, 623.79, 661.47
187.58, 73.03, 180.82, 623.73, 661.39
184.73, 74.61, 179.33, 621.21, 667.55
184.73, 74.61, 179.33, 621.21, 667.55
180.95, 76.38, 178.76, 617.88, 672.07
180.76, 76.41, 178.73, 617.80, 672.13
178.56, 75.72, 180.43, 611.11, 676.17
178.55, 75.74, 180.39, 611.17, 676.15
177.90, 76.07, 181.11, 602.70, 680.97
177.95, 76.02, 181.13, 602.70, 680.97
181.63, 74.57, 182.33, 588.74, 679.01
181.63, 74.57, 182.33, 588.74, 679.01
184.85, 73.54, 184.27, 582.53, 675.81
184.77, 73.55, 184.26, 582.56, 675.82
188.38, 72.03, 186.14, 576.40, 671.34
188.35, 72.05, 186.13, 576.41, 671.32
190.16, 71.40, 186.59, 569.81, 667.59
190.19, 71.36, 186.60, 569.87, 667.57
183.09, 75.11, 183.06, 587.44, 654.72
190.18, 70.94, 187.15, 564.31, 663.10
183.09, 75.11, 183.06, 587.44, 654.72
190.21, 70.92, 187.17, 564.31, 663.10
191.81, 68.94, 189.48, 553.56, 662.15
184.26, 71.62, 186.91, 585.95, 668.55
191.52, 69.03, 189.43, 553.08, 662.13
184.87, 71.51, 187.21, 586.99, 668.88
185.48, 72.77, 185.60, 587.99, 670.87
192.62, 68.05, 189.98, 547.41, 660.09
185.48, 72.77, 185.60, 587.99, 670.87
192.63, 68.02, 190.00, 547.41, 660.09
191.04, 70.13, 188.61, 538.64, 657.53
184.28, 73.38, 186.28, 576.19, 671.10
191.02, 70.12, 188.61, 538.63, 657.56
184.24, 73.36, 186.28, 576.19, 671.10
195.77, 69.06, 189.42, 535.12, 656.53
195.38, 69.83, 188.51, 570.08, 674.05
195.76, 69.05, 189.42, 535.15, 656.54
195.38, 69.83, 188.51, 570.08, 674.05
196.45, 71.05, 187.99, 533.11, 654.36
195.74, 71.09, 190.38, 564.70, 673.58
196.52, 70.99, 188.08, 533.13, 654.36
195.74, 71.09, 190.38, 564.70, 673.58
197.39, 72.37, 186.79, 528.34, 650.48
191.64, 74.80, 188.46, 555.49, 671.95
197.41, 72.35, 186.81, 528.34, 650.48
191.64, 74.80, 188.46, 555.49, 671.95
197.84, 72.93, 185.72, 520.22, 647.30
190.51, 73.54, 188.41, 547.09, 675.16
197.69, 72.95, 185.72, 520.23, 647.30
190.51, 73.54, 188.41, 547.09, 675.16
199.02, 69.40, 188.86, 514.35, 646.58
199.02, 69.40, 188.86, 514.35, 646.58
197.57, 69.16, 188.27, 509.14, 645.45
160.60, 81.86, 177.26, 524.70, 656.01
197.34, 69.21, 188.24, 509.23, 645.49
161.76, 82.08, 177.62, 524.18, 655.78
196.17, 69.76, 188.04, 504.24, 643.18
174.06, 80.02, 180.02, 518.76, 647.26
196.16, 69.74, 188.07, 504.25, 643.16
174.06, 80.02, 180.02, 518.76, 647.26
194.83, 70.36, 187.47, 498.59, 640.66
165.87, 82.03, 177.61, 514.84, 641.18
194.83, 70.35, 187.48, 498.59, 640.66
165.88, 82.02, 177.62, 514.84, 641.18
194.94, 70.70, 187.09, 493.25, 638.80
174.43, 82.05, 177.66, 510.49, 637.15
194.94, 70.70, 187.09, 493.25, 638.80
174.44, 82.05, 177.66, 510.49, 637.15
194.94, 72.01, 185.83, 489.13, 634.47
166.13, 82.74, 175.49, 506.22, 634.91
194.81, 72.03, 185.81, 489.12, 634.51
163.18, 83.33, 174.66, 505.97, 635.59
195.59, 71.76, 186.16, 482.90, 631.12
195.63, 71.76, 186.15, 482.88, 631.12
197.60, 71.61, 186.25, 474.82, 626.73
197.58, 71.61, 186.26, 474.80, 626.75
199.87, 71.26, 186.73, 465.97, 624.75
199.62, 71.39, 186.50, 466.06, 624.61
201.18, 72.52, 186.15, 456.13, 623.49
201.20, 72.54, 186.23, 456.22, 623.46
204.33, 72.07, 186.68, 447.29, 622.30
204.27, 72.08, 186.68, 447.31, 622.22
202.89, 73.26, 185.44, 438.05, 621.88
202.91, 73.26, 185.44, 438.06, 621.89
202.51, 73.34, 185.05, 429.99, 622.32
202.52, 73.32, 185.08, 429.97, 622.30
202.39, 74.67, 184.16, 422.40, 623.79
202.28, 74.70, 184.13, 422.41, 623.76
202.76, 74.22, 184.90, 415.01, 625.65
202.75, 74.22, 184.89, 415.01, 625.65
202.94, 75.55, 184.33, 408.70, 627.90
202.95, 75.56, 184.30, 408.67, 627.88
202.64, 74.65, 184.89, 402.88, 630.08
202.64, 74.65, 184.89, 402.88, 630.08
200.84, 74.14, 184.49, 398.01, 633.56
200.76, 74.10, 184.52, 398.02, 633.58
201.88, 73.43, 185.13, 393.79, 638.68
201.90, 73.41, 185.14, 393.79, 638.68
200.11, 73.54, 184.71, 390.31, 642.82
200.08, 73.50, 184.68, 390.37, 642.84
199.96, 72.80, 185.19, 388.25, 648.29
199.92, 72.79, 185.21, 388.24, 648.28
199.33, 73.59, 185.15, 388.27, 654.80
199.30, 73.59, 185.13, 388.27, 654.80
198.40, 72.40, 186.02, 389.18, 659.56
198.41, 72.39, 186.02, 389.18, 659.56
197.41, 73.38, 185.31, 391.85, 664.92
197.42, 73.28, 185.28, 391.82, 664.89
197.61, 72.64, 185.71, 395.97, 670.33
197.59, 72.67, 185.70, 395.99, 670.29
195.57, 73.26, 185.48, 399.88, 675.87
195.58, 73.23, 185.49, 399.87, 675.86
194.91, 74.05, 184.82, 401.76, 678.72
194.90, 74.06, 184.81, 401.76, 678.72
193.74, 74.64, 184.39, 403.17, 678.48
193.73, 74.62, 184.42, 403.22, 678.50
194.54, 74.21, 184.99, 405.32, 679.58
194.34, 74.34, 184.87, 404.85, 679.50
194.58, 74.46, 184.54, 405.89, 680.52
194.58, 74.42, 184.54, 405.89, 680.52
192.84, 74.39, 184.56, 407.30, 681.83
192.87, 74.31, 184.56, 407.27, 681.82
191.01, 75.15, 184.12, 406.03, 682.93
191.03, 75.13, 184.14, 406.03, 682.93
190.22, 74.52, 184.01, 406.35, 683.08
190.23, 74.52, 184.02, 406.35, 683.08
189.94, 75.17, 183.51, 406.48, 683.31
190.73, 74.85, 183.85, 406.58, 683.78
189.66, 74.70, 183.50, 406.74, 683.35
189.66, 74.70, 183.50, 406.74, 683.35
189.18, 75.73, 183.08, 407.53, 683.71
189.15, 75.73, 183.08, 407.53, 683.71
188.50, 74.88, 183.78, 407.46, 683.71
188.50, 74.88, 183.78, 407.46, 683.71
188.65, 75.19, 183.53, 407.49, 683.72
188.61, 75.19, 183.52, 407.49, 683.72
188.10, 74.97, 183.74, 407.41, 683.65
187.55, 75.18, 183.32, 407.35, 683.61
188.35, 74.94, 183.04, 405.96, 683.99
188.43, 74.93, 183.04, 405.85, 683.96
187.84, 75.09, 183.03, 406.38, 683.55
188.83, 74.63, 183.55, 406.54, 683.99
189.35, 74.55, 183.64, 406.66, 683.96
189.35, 74.51, 183.65, 406.66, 683.96
189.21, 74.70, 183.64, 406.60, 683.98
188.97, 74.79, 183.68, 406.60, 684.00
189.01, 75.05, 183.50, 407.01, 684.00
188.91, 75.10, 183.54, 406.96, 684.01
188.86, 75.22, 183.57, 406.98, 684.00
188.64, 75.15, 183.60, 406.99, 684.00
188.76, 75.10, 183.72, 406.92, 684.00
188.74, 75.06, 183.73, 406.92, 684.00
189.00, 74.85, 183.77, 406.94, 683.99
188.82, 74.89, 183.72, 406.96, 683.98
189.20, 75.05, 183.60, 406.83, 684.09
189.20, 75.05, 183.60, 406.83, 684.09
188.93, 74.93, 183.83, 406.79, 684.07
188.88, 74.92, 183.83, 406.84, 684.05
190.01, 74.67, 183.73, 407.05, 683.92
190.02, 74.67, 183.73, 407.05, 683.92
189.45, 74.83, 183.62, 406.52, 684.07
189.45, 74.83, 183.62, 406.52, 684.07
188.47, 75.12, 183.33, 406.59, 684.09
188.45, 75.13, 183.33, 406.59, 684.09
188.62, 74.64, 184.01, 406.90, 683.93
189.02, 74.83, 183.61, 405.71, 683.76
187.50, 74.87, 183.55, 405.12, 683.69
187.30, 75.00, 183.49, 405.11, 683.67
162.30, 84.06, 175.42, 417.31, 684.87
183.75, 76.01, 182.72, 396.16, 683.61
162.32, 84.03, 175.46, 417.31, 684.87
183.82, 76.00, 182.77, 396.15, 683.63
166.35, 81.74, 175.52, 397.44, 680.98
183.70, 76.24, 182.82, 394.80, 684.40
166.35, 81.74, 175.53, 397.44, 680.98
183.71, 76.23, 182.82, 394.80, 684.40
184.69, 74.27, 184.55, 397.40, 683.91
184.69, 74.27, 184.55, 397.40, 683.91
173.68, 78.69, 180.95, 400.06, 686.29
173.68, 78.69, 180.95, 400.06, 686.29
183.94, 81.58, 178.14, 399.08, 684.76
183.87, 81.60, 178.12, 399.08, 684.76
187.01, 78.52, 181.92, 402.15, 686.67
187.03, 78.45, 181.94, 402.15, 686.67
190.86, 77.76, 182.78, 405.39, 685.89
190.86, 77.76, 182.78, 405.39, 685.89
188.63, 76.72, 182.67, 408.02, 685.88
188.60, 76.72, 182.68, 408.02, 685.88
190.98, 75.98, 182.89, 409.33, 686.45
190.98, 75.98, 182.89, 409.33, 686.45
193.23, 76.03, 183.11, 406.39, 686.74
193.27, 76.02, 183.13, 406.39, 686.74
193.51, 74.90, 184.14, 407.49, 686.70
193.51, 74.90, 184.14, 407.49, 686.70
190.54, 77.28, 181.62, 408.86, 686.15
190.56, 77.27, 181.62, 408.86, 686.15
191.79, 76.46, 182.28, 410.76, 686.46
191.79, 76.46, 182.28, 410.76, 686.46
193.61, 77.00, 182.08, 410.27, 686.30
193.62, 77.13, 182.05, 410.26, 686.35
191.91, 75.31, 182.86, 410.62, 686.31
192.12, 75.17, 182.85, 411.04, 686.35
192.68, 75.15, 182.50, 412.57, 686.27
192.53, 75.07, 182.51, 412.64, 686.26
192.24, 74.85, 182.74, 414.95, 685.88
192.26, 74.76, 182.80, 414.95, 685.88
193.15, 75.70, 182.21, 415.69, 685.78
193.15, 75.57, 182.25, 415.74, 685.78
193.38, 74.67, 183.22, 416.65, 685.87
193.35, 74.60, 183.31, 416.65, 685.87
194.71, 74.63, 183.57, 417.98, 685.81
194.82, 74.59, 183.62, 418.00, 685.82
194.09, 74.14, 183.99, 419.01, 685.17
194.09, 74.13, 184.01, 419.01, 685.17
193.27, 74.04, 183.44, 420.70, 684.25
193.16, 73.97, 183.54, 420.97, 684.21
194.19, 74.83, 182.89, 421.02, 684.19
194.84, 73.16, 184.38, 420.70, 684.91
194.96, 73.21, 184.35, 420.72, 684.91
194.99, 73.20, 184.35, 420.72, 684.91
192.75, 74.28, 183.46, 421.78, 684.16
192.69, 74.04, 183.73, 421.89, 684.18
194.19, 73.61, 184.35, 421.86, 684.65
194.16, 73.67, 184.28, 421.81, 684.65
195.85, 72.86, 184.66, 420.52, 684.70
195.85, 72.86, 184.66, 420.52, 684.70
196.38, 73.49, 184.30, 420.15, 684.99
196.38, 73.50, 184.32, 420.15, 684.99
196.68, 72.87, 184.84, 417.29, 685.57
196.68, 72.87, 184.84, 417.29, 685.57
196.70, 74.00, 183.83, 418.81, 685.60
196.71, 74.01, 183.81, 418.81, 685.60
194.74, 73.61, 184.41, 420.56, 684.81
194.74, 73.61, 184.41, 420.56, 684.81
195.37, 74.34, 183.73, 423.25, 683.57
195.37, 74.34, 183.73, 423.25, 683.57
195.67, 74.19, 183.49, 422.90, 682.18
195.67, 74.19, 183.49, 422.90, 682.18
194.87, 74.76, 183.20, 421.90, 682.43
194.96, 74.55, 183.39, 422.12, 682.42
196.33, 74.37, 184.07, 418.89, 683.76
195.50, 74.64, 183.72, 419.25, 683.15
193.91, 75.55, 183.71, 414.24, 683.59
193.83, 75.70, 183.69, 414.26, 683.60
195.52, 74.98, 184.20, 410.89, 683.94
195.52, 74.98, 184.20, 410.89, 683.94
194.34, 76.26, 183.09, 409.36, 683.18
194.32, 76.32, 183.11, 409.33, 683.19
195.55, 75.44, 184.03, 408.98, 683.11
195.54, 75.42, 184.03, 408.98, 683.11
197.37, 75.66, 183.92, 412.51, 683.43
197.23, 75.71, 183.85, 412.55, 683.44
197.49, 75.19, 183.85, 414.66, 682.88
197.45, 75.21, 183.84, 414.66, 682.88
198.51, 76.10, 183.39, 415.05, 682.64
198.51, 76.10, 183.39, 415.05, 682.64
199.39, 75.65, 183.64, 414.84, 682.77
199.28, 75.61, 183.67, 414.84, 682.77
198.19, 75.80, 183.20, 415.42, 682.56
198.15, 75.82, 183.21, 415.41, 682.57
197.86, 74.35, 184.19, 415.11, 682.88
197.28, 74.61, 183.90, 415.12, 682.91
197.56, 75.43, 183.08, 414.78, 683.11
197.56, 75.43, 183.08, 414.78, 683.11
196.79, 75.24, 183.31, 415.77, 682.97
196.84, 75.22, 183.32, 415.77, 682.97
196.96, 75.26, 183.20, 416.08, 682.95
197.18, 75.30, 183.23, 416.32, 682.93
197.28, 75.30, 183.67, 415.85, 682.92
197.25, 75.30, 183.68, 415.85, 682.92
196.62, 75.78, 183.32, 415.76, 682.86
196.59, 75.80, 183.29, 415.76, 682.86
196.11, 75.32, 183.19, 416.60, 682.44
196.11, 75.32, 183.19, 416.60, 682.44
195.50, 75.84, 182.86, 416.82, 683.16
195.50, 75.84, 182.86, 416.82, 683.16
196.05, 74.76, 183.62, 415.78, 683.37
196.05, 74.76, 183.62, 415.78, 683.37
193.17, 76.20, 181.89, 420.04, 681.75
193.21, 76.14, 181.95, 420.04, 681.75
194.80, 74.64, 183.33, 420.57, 681.48
194.80, 74.64, 183.33, 420.57, 681.48
194.09, 75.69, 183.04, 420.87, 680.83
194.12, 75.65, 183.07, 420.87, 680.83
196.44, 74.37, 183.98, 419.98, 681.00
196.44, 74.37, 183.98, 419.98, 681.00
195.80, 74.85, 183.39, 419.51, 681.26
195.76, 74.85, 183.40, 419.51, 681.26
196.03, 74.68, 183.60, 418.90, 681.69
196.03, 74.68, 183.60, 418.90, 681.69
196.24, 75.28, 183.13, 417.77, 681.72
196.03, 75.40, 183.10, 417.75, 681.72
195.91, 74.56, 183.65, 417.74, 681.25
195.92, 74.56, 183.65, 417.74, 681.25
195.17, 75.58, 182.96, 418.34, 679.83
195.14, 75.60, 182.96, 418.34, 679.83
197.13, 74.67, 184.09, 418.45, 680.26
197.13, 74.67, 184.09, 418.45, 680.26
197.07, 74.45, 184.15, 419.06, 679.96
197.07, 74.45, 184.15, 419.06, 679.96
197.54, 73.55, 184.84, 420.94, 679.53
197.54, 73.55, 184.84, 420.94, 679.53
197.32, 74.91, 183.50, 422.61, 678.25
197.32, 74.91, 183.50, 422.61, 678.25
197.52, 74.68, 183.74, 424.04, 676.64
197.52, 74.68, 183.74, 424.04, 676.64
197.22, 74.94, 182.99, 425.02, 675.89
197.14, 74.91, 182.99, 425.07, 675.88
195.72, 74.52, 183.26, 425.21, 675.61
195.65, 74.53, 183.24, 425.18, 675.61
195.11, 75.46, 182.34, 425.23, 675.58
195.03, 75.46, 182.37, 425.23, 675.56
195.22, 74.00, 183.74, 425.81, 675.70
195.22, 74.00, 183.74, 425.81, 675.70
194.58, 74.80, 182.97, 425.84, 675.45
194.66, 74.71, 183.02, 425.87, 675.44
195.99, 74.56, 183.18, 425.77, 675.50
196.00, 74.56, 183.18, 425.77, 675.50
196.83, 74.68, 183.17, 425.47, 675.00
196.80, 74.68, 183.18, 425.47, 675.00
197.81, 73.58, 184.22, 425.08, 675.02
197.69, 73.63, 184.39, 425.11, 675.05
197.70, 74.12, 183.81, 424.80, 674.42
197.70, 74.12, 183.81, 424.80, 674.42
198.02, 72.89, 185.01, 424.86, 674.20
198.00, 72.90, 185.01, 424.86, 674.20
198.15, 72.84, 184.86, 425.43, 673.39
197.96, 72.84, 184.85, 425.47, 673.39
197.86, 71.85, 185.87, 425.96, 673.10
197.86, 71.85, 185.87, 425.96, 673.10
195.73, 72.35, 185.81, 426.49, 673.29
195.84, 72.30, 185.85, 426.51, 673.28
195.56, 71.61, 186.26, 427.01, 673.30
195.49, 71.64, 186.23, 427.04, 673.26
191.30, 72.63, 185.09, 429.40, 672.66
191.30, 72.62, 185.10, 429.40, 672.66
195.03, 71.53, 186.42, 432.66, 673.11
194.84, 71.58, 186.38, 432.63, 673.12
195.14, 71.30, 186.59, 435.82, 671.74
195.10, 71.28, 186.57, 435.80, 671.75
193.95, 71.59, 186.48, 439.50, 670.48
193.98, 71.58, 186.49, 439.50, 670.48
193.92, 72.72, 185.74, 442.80, 669.30
194.18, 72.51, 185.85, 442.69, 669.32
194.92, 71.95, 186.27, 446.86, 667.76
194.92, 71.95, 186.27, 446.86, 667.76
196.64, 71.60, 186.95, 452.96, 667.18
196.56, 71.59, 186.94, 452.78, 667.13
195.49, 71.45, 187.09, 458.39, 666.14
195.49, 71.45, 187.09, 458.39, 666.14
195.99, 71.94, 186.71, 463.37, 664.33
195.97, 71.96, 186.67, 463.38, 664.33
197.44, 70.72, 187.68, 467.59, 661.57
197.41, 70.72, 187.68, 467.59, 661.57
197.49, 71.08, 187.29, 470.90, 658.12
197.51, 71.07, 187.30, 470.90, 658.12
198.52, 71.15, 187.49, 473.88, 654.45
198.55, 71.13, 187.50, 473.88, 654.45
199.98, 71.25, 187.46, 476.03, 650.43
200.04, 71.23, 187.49, 476.03, 650.43
200.14, 70.70, 187.90, 478.53, 646.79
200.12, 70.70, 187.89, 478.53, 646.80
200.60, 71.26, 187.46, 479.38, 642.31
200.61, 71.26, 187.47, 479.38, 642.31
201.22, 70.70, 187.82, 478.44, 636.85
201.22, 70.70, 187.82, 478.44, 636.85
200.89, 71.30, 187.22, 477.55, 631.86
200.91, 71.28, 187.24, 477.53, 631.85
199.23, 70.94, 187.21, 476.77, 626.86
199.21, 70.94, 187.20, 476.77, 626.86
196.25, 72.46, 185.64, 476.08, 621.92
196.28, 72.45, 185.65, 476.10, 621.90
194.12, 72.96, 185.04, 473.98, 617.51
194.11, 72.96, 185.04, 473.98, 617.51
193.77, 73.59, 184.47, 472.04, 612.65
193.76, 73.60, 184.46, 472.03, 612.65
195.54, 72.55, 185.39, 469.30, 607.96
195.56, 72.54, 185.39, 469.30, 607.96
197.54, 72.83, 185.45, 466.05, 604.85
197.54, 72.83, 185.45, 466.05, 604.85
199.59, 71.77, 186.65, 462.39, 601.82
199.41, 71.78, 186.57, 462.43, 601.56
199.50, 73.07, 185.71, 458.02, 599.44
199.44, 73.01, 185.79, 458.05, 599.45
201.88, 71.86, 187.11, 454.05, 598.08
201.86, 71.82, 187.17, 454.07, 598.10
201.66, 72.26, 186.53, 451.20, 596.93
201.62, 72.27, 186.53, 451.20, 596.93
199.58, 72.19, 186.88, 449.06, 597.03
174.10, 75.47, 181.45, 428.66, 581.35
199.58, 72.19, 186.88, 449.06, 597.03
174.10, 75.47, 181.45, 428.66, 581.35
194.69, 75.79, 185.04, 454.07, 603.58
168.06, 79.68, 180.65, 433.13, 588.18
194.71, 75.74, 185.07, 454.06, 603.56
168.03, 79.75, 180.60, 433.15, 588.13
194.00, 75.74, 184.71, 463.45, 611.17
181.62, 79.74, 181.44, 443.62, 596.13
193.86, 75.79, 184.67, 463.51, 611.18
181.69, 79.70, 181.48, 443.62, 596.13
191.41, 77.19, 184.14, 476.91, 616.01
181.44, 85.25, 178.16, 450.03, 601.65
191.44, 77.13, 184.21, 476.91, 615.98
181.76, 85.14, 178.33, 450.03, 601.65
189.67, 74.91, 185.43, 491.24, 620.99
191.76, 77.92, 186.98, 463.17, 609.52
189.69, 74.90, 185.46, 491.24, 620.98
191.76, 77.92, 186.98, 463.17, 609.52
188.58, 72.96, 186.56, 507.07, 627.66
198.20, 74.66, 190.50, 476.20, 619.91
188.78, 72.86, 186.66, 506.65, 627.56
198.25, 74.59, 190.62, 476.20, 619.91
190.24, 71.09, 188.33, 517.45, 630.51
204.58, 65.27, 195.53, 490.73, 625.24
190.25, 71.06, 188.36, 517.44, 630.51
204.67, 65.20, 195.60, 490.73, 625.24
192.57, 70.72, 189.05, 530.57, 632.22
207.32, 66.15, 194.98, 505.30, 624.01
192.56, 70.72, 189.09, 530.58, 632.22
207.27, 66.02, 195.03, 505.31, 624.02
191.55, 70.87, 189.00, 541.26, 635.49
204.52, 66.57, 194.69, 517.58, 631.01
191.57, 70.86, 189.01, 541.26, 635.49
204.53, 66.57, 194.69, 517.58, 631.01
191.12, 70.64, 188.94, 551.92, 638.04
201.14, 67.67, 193.53, 529.67, 638.10
191.12, 70.63, 188.99, 551.90, 638.02
201.15, 67.64, 193.53, 529.67, 638.10
192.62, 69.67, 189.56, 563.34, 638.74
198.73, 67.07, 194.55, 543.85, 647.01
192.62, 69.67, 189.56, 563.34, 638.74
198.73, 67.07, 194.55, 543.85, 647.01
192.73, 70.44, 188.79, 575.39, 636.98
197.57, 68.46, 193.61, 557.04, 647.13
192.73, 70.40, 188.82, 575.37, 636.99
197.76, 68.28, 193.73, 557.02, 647.14
190.23, 71.94, 187.34, 585.74, 632.70
188.88, 70.45, 190.00, 573.44, 646.79
190.18, 71.95, 187.33, 585.74, 632.70
188.75, 70.48, 189.96, 573.44, 646.79
188.34, 73.47, 186.07, 595.05, 624.71
183.33, 72.42, 188.06, 583.11, 642.61
188.31, 73.41, 186.10, 595.05, 624.72
183.38, 72.25, 188.18, 583.14, 642.62
183.56, 75.25, 184.13, 603.09, 616.82
176.03, 73.25, 185.61, 592.35, 637.32
183.60, 75.22, 184.16, 603.10, 616.83
176.10, 73.19, 185.64, 592.35, 637.32
181.83, 75.72, 183.67, 611.81, 610.29
175.49, 73.39, 185.68, 600.73, 632.24
181.75, 75.71, 183.69, 611.82, 610.29
175.47, 73.38, 185.71, 600.73, 632.24
181.75, 76.04, 183.31, 620.07, 603.43
175.00, 73.85, 186.09, 609.47, 626.05
181.80, 76.01, 183.32, 620.05, 603.44
175.00, 73.85, 186.09, 609.47, 626.05
185.80, 75.02, 183.67, 627.21, 597.13
175.38, 72.79, 186.22, 621.72, 623.52
185.61, 75.03, 183.64, 627.20, 597.21
174.75, 72.93, 186.13, 621.73, 623.61
184.79, 74.85, 184.21, 633.17, 591.71
172.54, 72.72, 186.87, 624.07, 614.78
184.79, 74.85, 184.21, 633.17, 591.71
172.53, 72.72, 186.87, 624.07, 614.78
184.99, 74.80, 184.26, 633.63, 588.42
165.67, 73.43, 186.09, 630.31, 614.80
185.00, 74.81, 184.26, 633.63, 588.42
165.67, 73.43, 186.09, 630.31, 614.80
185.75, 74.16, 184.65, 632.26, 584.22
169.75, 72.77, 186.27, 626.57, 609.52
185.73, 74.19, 184.64, 632.25, 584.22
170.85, 72.61, 186.42, 625.83, 608.92
187.73, 74.70, 184.01, 629.93, 580.94
170.25, 73.20, 185.75, 624.79, 607.48
187.74, 74.65, 184.07, 629.92, 581.02
169.26, 73.16, 185.95, 625.13, 608.19
186.36, 74.46, 184.82, 629.06, 578.54
168.16, 73.65, 186.41, 624.43, 606.94
186.36, 74.44, 184.83, 629.05, 578.54
168.16, 73.65, 186.41, 624.43, 606.94
187.16, 75.21, 183.79, 627.10, 577.00
169.72, 74.21, 186.20, 623.36, 604.07
187.18, 75.20, 183.80, 627.09, 576.99
169.73, 74.17, 186.24, 623.31, 604.07
187.67, 74.36, 184.47, 625.09, 572.84
166.47, 73.31, 187.15, 623.41, 602.16
187.71, 74.33, 184.50, 625.09, 572.84
166.47, 73.31, 187.15, 623.41, 602.16
187.50, 74.93, 184.07, 621.77, 571.03
161.09, 75.83, 184.76, 623.50, 600.32
187.53, 74.97, 184.10, 621.74, 571.02
161.10, 75.93, 184.80, 623.57, 600.32
189.15, 74.90, 184.01, 619.05, 566.88
163.66, 74.05, 186.54, 620.86, 597.58
191.36, 74.64, 184.38, 615.27, 563.67
162.54, 75.11, 185.69, 616.42, 594.52
191.36, 74.64, 184.38, 615.27, 563.67
162.54, 75.11, 185.69, 616.42, 594.52
191.21, 75.13, 184.00, 612.32, 560.97
166.73, 72.95, 187.87, 614.32, 591.53
191.21, 75.13, 184.00, 612.32, 560.97
166.71, 72.95, 187.87, 614.32, 591.53
191.21, 75.13, 184.00, 612.32, 560.97
166.73, 72.95, 187.87, 614.32, 591.53
193.04, 76.17, 183.13, 609.08, 557.01
164.95, 74.48, 186.79, 611.60, 587.54
192.98, 76.17, 183.14, 609.06, 557.03
164.93, 74.46, 186.81, 611.60, 587.54
197.31, 75.81, 183.85, 606.59, 550.86
178.90, 70.25, 190.41, 603.18, 579.89
197.32, 75.81, 183.85, 606.59, 550.86
178.96, 70.22, 190.44, 603.18, 579.89
176.33, 73.54, 188.10, 601.88, 573.78
198.16, 77.45, 182.67, 600.96, 543.22
198.06, 77.47, 182.67, 600.96, 543.18
176.01, 73.67, 187.99, 602.11, 573.76
179.27, 74.85, 186.56, 599.26, 566.63
198.59, 77.39, 182.70, 594.72, 534.90
179.10, 74.89, 186.55, 599.26, 566.63
198.61, 77.38, 182.72, 594.72, 534.92
181.56, 77.19, 185.06, 596.65, 560.99
200.04, 79.17, 181.33, 590.56, 531.14
190.25, 76.70, 184.94, 589.96, 551.05
203.74, 77.74, 182.53, 583.30, 524.03
190.25, 76.70, 184.94, 589.96, 551.05
203.74, 77.73, 182.54, 583.30, 524.03
190.25, 76.69, 184.95, 589.96, 551.05
203.74, 77.74, 182.52, 583.24, 523.97
189.00, 80.21, 183.28, 588.34, 540.85
202.68, 80.87, 180.52, 576.68, 518.83
189.00, 80.21, 183.28, 588.34, 540.85
202.69, 80.85, 180.55, 576.71, 518.87
189.89, 82.38, 182.53, 583.61, 530.48
203.87, 80.48, 181.27, 569.23, 509.81
189.89, 82.38, 182.53, 583.61, 530.48
203.86, 80.48, 181.31, 569.32, 509.82
193.89, 82.95, 181.93, 576.94, 519.96
207.07, 79.87, 182.21, 562.48, 501.78
193.86, 82.90, 181.93, 576.94, 519.96
207.02, 79.80, 182.25, 562.55, 501.75
197.70, 82.78, 184.32, 574.20, 514.02
209.06, 78.86, 183.41, 557.43, 494.88
197.70, 82.78, 184.32, 574.20, 514.02
209.06, 78.85, 183.41, 557.43, 494.88
198.74, 83.95, 182.11, 566.28, 503.85
209.05, 78.75, 183.34, 550.67, 488.74
198.74, 83.95, 182.11, 566.28, 503.85
209.05, 78.70, 183.41, 550.76, 488.87
201.62, 83.04, 182.49, 559.85, 496.40
210.08, 77.53, 184.16, 544.45, 482.84
201.64, 83.00, 182.50, 559.85, 496.40
210.08, 77.50, 184.16, 544.45, 482.84
208.58, 81.03, 182.78, 552.84, 487.37
212.01, 78.13, 183.37, 538.99, 479.20
208.62, 80.98, 182.78, 552.82, 487.35
212.05, 78.10, 183.37, 538.97, 479.18
210.84, 78.68, 183.51, 549.17, 480.80
212.38, 77.77, 183.80, 533.13, 475.80
210.84, 78.68, 183.51, 549.17, 480.80
212.38, 77.77, 183.80, 533.13, 475.80
207.79, 79.68, 183.66, 547.08, 477.97
211.04, 78.10, 183.64, 527.43, 473.46
207.79, 79.68, 183.66, 547.08, 477.97
211.04, 78.10, 183.64, 527.43, 473.46
203.90, 81.09, 183.64, 547.73, 475.51
211.36, 76.48, 184.87, 521.63, 471.50
203.90, 81.09, 183.64, 547.73, 475.51
211.38, 76.48, 184.88, 521.63, 471.50
210.48, 76.86, 184.12, 515.49, 469.90
202.58, 82.60, 182.60, 544.87, 471.32
210.36, 76.82, 184.13, 515.53, 469.94
202.21, 82.60, 182.57, 544.88, 471.43
206.07, 81.71, 182.87, 542.04, 466.69
212.00, 75.71, 185.56, 511.01, 467.98
206.07, 81.71, 182.87, 542.04, 466.69
212.00, 75.71, 185.56, 511.01, 467.98
203.80, 84.54, 181.15, 538.36, 466.07
210.09, 76.71, 183.74, 505.72, 465.78
203.80, 84.54, 181.15, 538.36, 466.07
210.10, 76.62, 183.85, 505.79, 465.81
205.12, 81.88, 182.68, 532.37, 465.69
212.04, 73.65, 185.66, 501.09, 464.68
205.12, 81.88, 182.68, 532.37, 465.69
212.04, 73.65, 185.66, 501.09, 464.68
201.81, 82.65, 180.44, 528.54, 465.24
209.73, 74.89, 183.94, 498.53, 463.29
201.81, 82.65, 180.44, 528.54, 465.24
209.75, 74.81, 184.01, 498.57, 463.32
210.14, 74.08, 184.44, 493.78, 462.59
201.03, 84.18, 178.33, 515.77, 469.37
210.17, 74.06, 184.47, 493.72, 462.63
201.03, 84.18, 178.33, 515.77, 469.37
209.06, 75.91, 182.19, 490.22, 461.75
209.06, 75.92, 182.15, 490.23, 461.72
208.06, 75.84, 182.52, 487.29, 460.94
208.04, 75.85, 182.52, 487.29, 460.94
208.35, 75.43, 182.43, 481.42, 462.09
208.35, 75.45, 182.41, 481.37, 462.07
209.56, 74.32, 183.45, 475.81, 464.01
209.56, 74.32, 183.45, 475.81, 464.01
209.41, 73.89, 184.39, 472.41, 465.47
209.40, 73.91, 184.36, 472.32, 465.44
210.36, 71.86, 186.01, 470.32, 466.37
210.88, 71.76, 186.02, 470.12, 466.42
209.34, 71.02, 186.42, 468.24, 466.52
209.34, 71.02, 186.42, 468.24, 466.52
209.74, 69.78, 187.67, 468.81, 464.85
209.66, 69.84, 187.60, 469.03, 464.85
209.04, 69.89, 188.19, 468.75, 462.68
209.13, 69.82, 188.31, 468.75, 462.69
209.62, 69.52, 188.71, 466.74, 459.55
209.62, 69.52, 188.71, 466.74, 459.55
209.20, 70.06, 188.32, 462.56, 457.67
209.13, 70.06, 188.34, 462.54, 457.67
205.28, 71.37, 186.86, 457.90, 456.90
205.29, 71.37, 186.86, 457.90, 456.90
199.21, 73.56, 184.56, 452.24, 454.68
199.16, 73.57, 184.51, 452.29, 454.65
196.50, 74.41, 183.84, 446.15, 454.43
196.50, 74.41, 183.84, 446.15, 454.43
195.04, 75.08, 182.48, 439.69, 456.52
195.03, 75.08, 182.48, 439.69, 456.52
194.63, 74.85, 182.70, 433.82, 456.01
194.63, 74.85, 182.70, 433.82, 456.01
193.58, 75.83, 181.51, 427.37, 454.77
193.54, 75.87, 181.48, 427.40, 454.69
194.44, 74.97, 181.54, 420.59, 454.10
194.43, 74.97, 181.54, 420.59, 454.10
196.68, 75.14, 181.25, 413.78, 455.83
196.68, 75.14, 181.25, 413.79, 455.83
195.53, 75.01, 181.91, 407.36, 458.24
195.53, 75.01, 181.91, 407.36, 458.24
197.59, 75.78, 181.31, 400.86, 460.98
197.57, 75.88, 181.30, 400.85, 460.94
199.27, 74.92, 182.16, 395.03, 464.16
199.27, 74.92, 182.16, 395.03, 464.16
199.20, 75.45, 181.94, 388.72, 466.69
199.20, 75.45, 181.94, 388.72, 466.69
200.05, 75.15, 182.03, 382.93, 470.74
200.13, 75.11, 182.08, 382.93, 470.74
200.47, 75.90, 181.68, 377.95, 475.49
200.47, 75.90, 181.69, 377.95, 475.49
200.30, 75.62, 181.97, 372.98, 481.22
200.30, 75.62, 181.97, 372.98, 481.22
200.53, 75.86, 181.49, 368.17, 486.24
200.53, 75.86, 181.49, 368.17, 486.24
201.03, 75.45, 181.61, 363.66, 492.61
201.03, 75.45, 181.61, 363.66, 492.61
201.00, 76.38, 180.73, 358.79, 498.82
201.19, 76.36, 180.76, 358.79, 498.76
200.72, 75.76, 180.89, 355.33, 506.42
200.70, 75.78, 180.91, 355.33, 506.42
201.63, 76.13, 181.36, 351.46, 513.39
201.67, 76.12, 181.37, 351.46, 513.39
201.20, 75.60, 181.47, 347.38, 520.52
201.15, 75.63, 181.48, 347.38, 520.47
200.98, 76.19, 180.86, 343.80, 528.17
200.98, 76.19, 180.86, 343.80, 528.17
200.77, 75.50, 181.53, 341.13, 536.27
200.77, 75.50, 181.53, 341.13, 536.27
200.36, 75.85, 181.07, 337.79, 543.41
200.36, 75.85, 181.07, 337.79, 543.41
201.08, 75.07, 181.56, 334.60, 550.94
201.38, 74.83, 182.15, 334.72, 550.97
202.27, 75.40, 181.67, 331.22, 558.20
202.29, 75.39, 181.68, 331.25, 558.18
202.31, 75.05, 182.10, 328.24, 567.01
202.31, 75.05, 182.10, 328.24, 567.01
202.29, 75.94, 181.22, 325.77, 575.35
202.06, 75.95, 181.21, 325.82, 575.35
203.33, 75.45, 181.55, 322.79, 583.46
203.34, 75.41, 181.56, 322.78, 583.47
204.37, 75.68, 181.68, 319.60, 591.94
204.31, 75.68, 181.69, 319.62, 591.96
204.83, 75.22, 182.49, 317.28, 600.89
204.89, 75.21, 182.51, 317.27, 600.88
205.49, 76.00, 182.23, 315.31, 609.73
205.54, 75.96, 182.23, 315.24, 609.73
204.54, 77.05, 182.01, 313.88, 618.33
205.32, 75.46, 183.00, 311.07, 627.62
205.38, 75.49, 183.02, 311.02, 627.63
205.36, 75.50, 183.04, 311.06, 627.65
204.62, 75.65, 183.23, 310.93, 636.81
203.04, 75.31, 183.52, 309.10, 645.47
203.08, 75.32, 183.46, 309.09, 645.46
202.95, 75.31, 183.47, 309.12, 645.50
203.18, 74.46, 184.59, 308.19, 654.93
204.00, 74.34, 184.57, 307.92, 655.15
202.30, 74.31, 184.96, 308.18, 664.63
202.34, 74.25, 184.98, 308.16, 664.64
203.61, 73.77, 185.13, 308.45, 672.16
203.61, 73.77, 185.13, 308.45, 672.16
199.57, 75.85, 183.82, 308.88, 678.13
