L, a, b, x, y
127.12, 139.20, 83.97, 480.65, 453.14
125.99, 138.90, 84.43, 479.12, 451.83
125.99, 138.90, 84.43, 479.12, 451.83
126.58, 139.94, 82.73, 477.70, 451.95
126.55, 139.94, 82.73, 477.70, 451.95
126.77, 139.96, 82.73, 477.70, 451.95
126.75, 139.92, 82.82, 477.71, 452.01
126.91, 139.84, 83.08, 477.90, 451.78
126.91, 139.84, 83.08, 477.90, 451.78
127.33, 139.80, 83.14, 477.78, 452.16
127.33, 139.80, 83.14, 477.78, 452.16
128.56, 139.89, 82.67, 477.69, 452.75
128.56, 139.89, 82.67, 477.69, 452.75
129.52, 137.84, 84.39, 476.60, 455.48
129.52, 137.84, 84.39, 476.60, 455.48
130.50, 137.00, 84.30, 473.42, 460.19
130.50, 137.00, 84.30, 473.42, 460.19
129.24, 137.73, 84.66, 469.64, 462.85
129.24, 137.73, 84.66, 469.64, 462.85
129.02, 137.81, 84.30, 465.57, 464.84
129.02, 137.81, 84.30, 465.57, 464.84
127.92, 138.06, 84.01, 463.02, 466.03
127.99, 138.02, 84.04, 463.02, 466.03
128.06, 138.30, 83.97, 460.57, 466.75
128.06, 138.30, 83.97, 460.57, 466.75
126.96, 138.95, 83.25, 461.49, 467.18
126.97, 138.95, 83.27, 461.49, 467.18
126.99, 139.25, 82.90, 461.49, 467.18
127.13, 139.64, 82.67, 461.63, 467.18
127.13, 139.71, 82.50, 461.57, 467.19
127.28, 139.83, 82.37, 461.57, 467.19
127.25, 139.80, 82.35, 461.64, 467.18
127.25, 139.80, 82.35, 461.64, 467.18
127.30, 139.76, 82.36, 461.74, 467.17
127.30, 139.76, 82.36, 461.74, 467.17
127.88, 138.73, 83.73, 462.52, 467.30
127.88, 138.73, 83.73, 462.52, 467.30
127.87, 140.14, 82.59, 464.16, 467.24
127.87, 140.14, 82.59, 464.16, 467.24
127.30, 139.87, 82.13, 464.10, 467.26
127.30, 139.87, 82.13, 464.10, 467.26
127.30, 139.87, 82.13, 464.10, 467.26
127.30, 139.87, 82.13, 464.10, 467.26
127.30, 139.87, 82.13, 464.10, 467.26
127.30, 139.87, 82.13, 464.10, 467.26
127.30, 139.87, 82.13, 464.10, 467.26
127.30, 139.87, 82.13, 464.10, 467.26
127.30, 139.87, 82.13, 464.10, 467.26
127.31, 139.89, 82.15, 464.10, 467.26
127.30, 139.89, 82.15, 464.10, 467.26
127.32, 139.90, 82.14, 464.10, 467.26
127.28, 139.86, 82.15, 464.10, 467.26
127.28, 139.86, 82.15, 464.10, 467.26
126.96, 140.09, 82.52, 464.25, 467.00
126.96, 140.09, 82.52, 464.25, 467.00
126.44, 140.46, 82.00, 465.84, 466.76
126.44, 140.46, 82.00, 465.84, 466.76
127.00, 139.35, 83.25, 468.90, 466.24
127.09, 139.35, 83.26, 468.90, 466.24
126.30, 140.04, 83.05, 472.81, 463.96
126.30, 140.04, 83.05, 472.81, 463.96
127.08, 140.09, 82.80, 474.57, 462.98
127.16, 140.48, 82.29, 474.57, 462.98
126.85, 140.05, 83.18, 475.64, 462.62
126.85, 140.05, 83.18, 475.64, 462.62
126.46, 140.38, 82.93, 476.28, 462.73
126.65, 140.34, 82.93, 476.28, 462.73
126.28, 140.46, 82.79, 476.24, 462.79
126.15, 140.68, 82.56, 476.27, 462.74
125.89, 140.54, 82.86, 476.27, 462.74
125.89, 140.54, 82.86, 476.27, 462.74
125.89, 140.54, 82.86, 476.27, 462.74
125.89, 140.54, 82.86, 476.27, 462.74
125.89, 140.54, 82.86, 476.27, 462.74
125.89, 140.54, 82.86, 476.27, 462.74
126.50, 139.63, 83.87, 475.74, 462.66
126.50, 139.63, 83.87, 475.74, 462.66
128.03, 139.89, 83.52, 474.18, 461.80
128.15, 139.91, 83.45, 474.00, 461.90
129.40, 138.41, 84.73, 471.81, 458.33
129.40, 138.41, 84.73, 471.81, 458.33
127.84, 138.73, 84.49, 467.88, 454.26
127.81, 138.75, 84.48, 467.88, 454.26
129.00, 138.66, 83.84, 462.89, 449.30
129.00, 138.66, 83.84, 462.89, 449.30
130.77, 136.57, 84.90, 455.89, 443.04
131.16, 136.62, 84.47, 456.39, 443.52
127.34, 136.96, 87.78, 441.07, 429.88
127.54, 136.91, 87.57, 441.35, 430.17
114.04, 140.11, 98.99, 416.74, 407.13
114.00, 140.10, 98.93, 416.80, 407.16
108.11, 142.04, 101.28, 403.22, 397.00
108.14, 142.03, 101.23, 403.28, 397.00
105.92, 142.54, 101.61, 397.17, 390.14
105.90, 142.54, 101.66, 397.17, 390.14
106.15, 142.78, 101.77, 390.50, 383.62
106.18, 142.92, 101.76, 390.50, 383.62
105.16, 143.52, 103.45, 387.87, 375.41
105.19, 143.51, 103.48, 387.97, 375.36
101.56, 143.85, 102.50, 381.82, 371.97
101.00, 143.97, 102.66, 380.59, 372.03
97.49, 144.62, 102.47, 368.26, 369.67
97.55, 144.62, 102.57, 369.27, 369.51
97.87, 144.30, 101.36, 367.45, 368.16
97.98, 144.29, 101.33, 367.22, 368.22
98.47, 144.71, 99.82, 366.68, 367.35
98.47, 144.69, 99.82, 366.68, 367.35
99.22, 144.74, 98.98, 369.11, 366.32
99.26, 144.71, 98.99, 369.19, 366.28
99.39, 144.78, 98.71, 372.64, 363.84
99.46, 144.77, 98.74, 372.80, 363.77
99.20, 144.90, 98.93, 374.03, 363.07
99.17, 144.88, 98.96, 374.05, 363.02
99.56, 144.49, 98.46, 374.90, 363.66
99.57, 144.51, 98.46, 374.90, 363.66
99.67, 145.14, 97.73, 374.93, 363.53
99.74, 145.15, 97.76, 374.89, 363.54
99.43, 145.11, 98.10, 375.24, 363.15
99.43, 145.13, 98.08, 375.24, 363.15
99.18, 145.31, 97.90, 375.22, 363.15
99.26, 145.35, 98.16, 375.38, 363.09
99.24, 145.31, 98.20, 375.40, 363.10
99.24, 145.44, 98.13, 375.40, 363.10
99.22, 145.45, 98.14, 375.40, 363.10
99.40, 145.11, 98.44, 375.67, 362.96
99.41, 144.86, 98.57, 375.67, 363.12
99.34, 144.81, 98.64, 375.76, 363.09
99.36, 144.81, 98.65, 375.76, 363.09
99.30, 145.24, 98.49, 375.70, 363.09
99.18, 145.07, 98.63, 375.90, 363.18
99.18, 145.07, 98.63, 375.90, 363.18
99.18, 145.07, 98.63, 375.90, 363.18
99.13, 145.21, 98.60, 375.41, 363.19
99.12, 145.21, 98.60, 375.41, 363.19
99.11, 145.28, 98.53, 375.24, 363.14
99.01, 145.26, 98.57, 375.37, 363.17
99.11, 145.38, 98.36, 375.32, 363.30
99.09, 145.38, 98.36, 375.32, 363.30
99.14, 145.39, 98.38, 375.31, 363.32
99.09, 145.34, 98.40, 375.29, 363.33
99.14, 145.36, 98.65, 375.62, 363.10
99.12, 145.37, 98.65, 375.62, 363.10
99.16, 145.37, 98.59, 375.46, 363.15
99.12, 145.36, 98.62, 375.51, 363.13
99.16, 145.42, 98.53, 375.47, 363.13
99.16, 145.42, 98.50, 375.50, 363.15
99.12, 145.37, 98.57, 375.56, 363.12
99.08, 145.35, 98.57, 375.57, 363.13
99.17, 145.46, 98.53, 375.54, 363.17
99.16, 145.44, 98.57, 375.55, 363.15
99.18, 145.48, 98.56, 375.59, 363.15
99.19, 145.43, 98.57, 375.53, 363.13
99.34, 145.54, 98.57, 375.59, 363.26
99.32, 145.56, 98.62, 375.60, 363.22
99.38, 145.53, 98.62, 375.67, 363.25
99.28, 145.49, 98.71, 375.69, 363.16
99.26, 145.56, 98.76, 375.89, 363.11
99.25, 145.57, 98.77, 375.89, 363.11
99.40, 145.52, 98.57, 375.77, 363.16
99.18, 145.07, 99.10, 375.11, 363.27
99.18, 145.07, 99.10, 375.11, 363.27
99.18, 145.07, 99.10, 375.11, 363.27
99.18, 145.07, 99.10, 375.11, 363.27
99.18, 145.07, 99.10, 375.11, 363.27
99.18, 145.07, 99.10, 375.11, 363.27
99.18, 145.07, 99.10, 375.11, 363.27
99.18, 145.07, 99.10, 375.11, 363.27
99.18, 145.07, 99.10, 375.11, 363.27
99.31, 144.99, 99.12, 375.13, 363.33
99.20, 145.07, 99.10, 375.11, 363.27
99.20, 145.07, 99.10, 375.11, 363.27
99.17, 145.07, 99.11, 375.11, 363.27
99.17, 145.05, 99.11, 375.11, 363.27
99.18, 145.06, 99.11, 375.11, 363.27
99.18, 145.07, 99.09, 375.11, 363.27
99.18, 145.02, 99.11, 375.11, 363.27
99.34, 144.93, 99.24, 375.31, 363.23
99.24, 145.01, 99.14, 375.24, 363.27
99.29, 145.03, 99.13, 375.24, 363.27
99.28, 145.03, 99.07, 375.15, 363.30
99.39, 144.97, 99.11, 375.14, 363.25
99.38, 144.96, 99.11, 375.14, 363.25
99.38, 144.96, 99.11, 375.14, 363.25
99.35, 144.96, 99.12, 375.17, 363.23
99.50, 144.91, 99.04, 375.36, 363.30
99.57, 144.85, 99.01, 375.34, 363.37
99.57, 144.85, 99.01, 375.34, 363.37
99.58, 144.91, 98.92, 375.34, 363.37
99.64, 145.05, 98.62, 375.45, 363.46
99.42, 145.00, 98.60, 375.52, 363.54
99.42, 145.00, 98.60, 375.52, 363.54
99.42, 145.00, 98.60, 375.52, 363.54
99.26, 144.96, 98.79, 375.58, 363.45
99.25, 144.96, 98.78, 375.58, 363.45
99.25, 144.91, 98.80, 375.55, 363.50
99.30, 144.92, 98.71, 375.90, 363.47
99.15, 145.02, 98.89, 375.57, 363.28
99.16, 145.01, 98.92, 375.68, 363.21
99.13, 144.97, 98.94, 375.47, 363.20
99.11, 144.82, 98.97, 375.68, 363.20
99.16, 144.79, 98.95, 375.64, 363.27
99.18, 144.77, 98.99, 375.74, 363.20
99.10, 144.82, 98.96, 375.64, 363.22
99.16, 144.78, 98.97, 375.67, 363.25
99.31, 144.75, 98.77, 375.21, 363.77
99.35, 144.76, 98.73, 375.29, 363.77
99.29, 144.79, 98.73, 375.30, 363.72
99.28, 144.77, 98.70, 375.22, 363.82
99.29, 144.75, 98.77, 375.24, 363.75
99.27, 144.75, 98.77, 375.24, 363.75
99.30, 144.75, 98.80, 375.24, 363.75
99.23, 144.76, 98.77, 375.24, 363.75
99.14, 144.88, 98.95, 376.05, 363.12
99.14, 144.89, 98.95, 376.05, 363.12
99.13, 144.91, 98.90, 376.05, 363.12
99.10, 144.86, 98.94, 376.05, 363.12
99.11, 144.98, 98.77, 375.95, 363.19
99.30, 144.92, 98.53, 375.51, 363.76
99.23, 144.97, 98.55, 375.53, 363.66
99.63, 144.94, 98.61, 375.44, 363.87
99.63, 144.94, 98.61, 375.44, 363.87
99.63, 144.94, 98.61, 375.44, 363.87
99.63, 144.94, 98.61, 375.44, 363.87
99.63, 144.94, 98.61, 375.44, 363.87
99.63, 144.94, 98.61, 375.44, 363.87
99.63, 144.94, 98.61, 375.44, 363.87
99.63, 144.94, 98.61, 375.44, 363.87
99.63, 144.94, 98.61, 375.44, 363.87
99.63, 144.94, 98.61, 375.44, 363.87
99.62, 144.94, 98.61, 375.44, 363.87
99.62, 144.94, 98.61, 375.44, 363.87
99.60, 144.87, 98.69, 375.44, 363.87
99.63, 144.87, 98.69, 375.44, 363.87
99.61, 144.86, 98.71, 375.44, 363.87
99.63, 144.87, 98.68, 375.44, 363.87
99.60, 144.87, 98.69, 375.44, 363.87
99.65, 144.88, 98.65, 375.44, 363.87
99.66, 144.83, 98.70, 375.44, 363.87
99.68, 144.89, 98.64, 375.44, 363.87
99.64, 144.87, 98.68, 375.44, 363.87
99.69, 144.93, 98.59, 375.23, 363.90
99.69, 144.96, 98.50, 375.20, 363.97
99.69, 144.96, 98.50, 375.20, 363.97
99.68, 144.96, 98.50, 375.20, 363.97
99.80, 145.05, 98.41, 375.10, 364.07
99.79, 145.00, 98.47, 375.10, 364.07
99.82, 145.00, 98.47, 375.10, 364.07
99.84, 144.96, 98.44, 375.15, 364.08
99.88, 145.23, 98.37, 375.03, 363.84
99.57, 145.20, 98.61, 375.12, 363.55
99.57, 145.20, 98.61, 375.12, 363.55
99.57, 145.20, 98.61, 375.12, 363.55
99.57, 145.30, 98.60, 375.09, 363.55
99.57, 145.26, 98.62, 375.07, 363.55
99.57, 145.24, 98.68, 375.01, 363.54
99.53, 145.17, 98.68, 375.04, 363.54
99.54, 145.26, 98.53, 375.02, 363.59
99.55, 145.28, 98.54, 375.04, 363.54
99.47, 145.35, 98.52, 375.12, 363.44
99.55, 145.22, 98.59, 375.04, 363.54
99.57, 145.11, 98.61, 375.05, 363.58
99.58, 145.12, 98.60, 375.02, 363.60
99.56, 145.13, 98.58, 375.03, 363.65
99.55, 145.08, 98.70, 375.02, 363.60
99.54, 145.16, 98.68, 374.99, 363.64
99.54, 145.19, 98.67, 374.93, 363.58
99.51, 145.09, 98.72, 375.02, 363.65
99.47, 145.10, 98.74, 375.05, 363.57
99.48, 145.21, 98.67, 375.04, 363.55
99.42, 145.21, 98.71, 375.06, 363.47
99.41, 145.20, 98.70, 375.06, 363.47
99.47, 145.13, 98.72, 375.05, 363.57
99.65, 145.16, 98.65, 375.01, 363.67
99.62, 145.12, 98.70, 374.97, 363.59
99.70, 145.17, 98.69, 375.02, 363.65
99.63, 145.13, 98.73, 375.05, 363.57
99.58, 145.23, 98.79, 375.01, 363.50
99.56, 145.30, 98.79, 375.01, 363.50
99.62, 145.35, 98.66, 374.98, 363.57
99.86, 144.57, 98.67, 375.32, 363.44
99.86, 144.57, 98.67, 375.32, 363.44
99.86, 144.57, 98.67, 375.32, 363.44
99.86, 144.57, 98.67, 375.32, 363.44
99.86, 144.57, 98.67, 375.32, 363.44
99.86, 144.57, 98.67, 375.32, 363.44
99.86, 144.57, 98.67, 375.32, 363.44
99.86, 144.57, 98.67, 375.32, 363.44
99.86, 144.57, 98.67, 375.32, 363.44
99.86, 144.57, 98.67, 375.32, 363.44
99.86, 144.57, 98.67, 375.32, 363.44
99.86, 144.57, 98.67, 375.32, 363.44
99.86, 144.57, 98.67, 375.32, 363.44
99.87, 144.57, 98.67, 375.32, 363.44
99.87, 144.57, 98.67, 375.32, 363.44
99.87, 144.57, 98.67, 375.32, 363.44
99.87, 144.57, 98.67, 375.32, 363.44
99.89, 144.63, 98.63, 375.32, 363.44
99.84, 144.59, 98.66, 375.32, 363.44
99.90, 144.63, 98.62, 375.32, 363.44
99.84, 144.59, 98.66, 375.32, 363.44
99.89, 144.61, 98.66, 375.32, 363.44
99.87, 144.54, 98.72, 375.32, 363.44
99.90, 144.55, 98.71, 375.32, 363.44
99.88, 144.54, 98.72, 375.32, 363.44
99.98, 144.58, 98.67, 375.35, 363.42
99.95, 144.61, 98.65, 375.34, 363.44
99.92, 144.62, 98.67, 375.35, 363.42
99.90, 144.47, 98.63, 376.13, 363.32
99.84, 144.74, 98.64, 376.22, 363.24
99.57, 144.82, 98.61, 376.35, 363.20
99.57, 144.82, 98.61, 376.35, 363.20
99.57, 144.82, 98.61, 376.35, 363.20
99.62, 144.81, 98.54, 376.47, 363.23
99.62, 144.84, 98.54, 376.47, 363.23
99.58, 144.86, 98.67, 376.46, 363.07
99.69, 144.84, 98.57, 376.58, 363.19
99.50, 144.71, 99.10, 375.39, 363.22
99.49, 144.67, 99.10, 375.41, 363.22
99.47, 144.67, 99.14, 375.42, 363.19
99.52, 144.65, 99.12, 375.52, 363.16
99.43, 144.62, 99.25, 375.56, 363.07
99.50, 144.65, 99.16, 375.52, 363.16
99.50, 144.66, 99.17, 375.52, 363.14
99.50, 144.63, 99.16, 375.52, 363.16
99.42, 144.64, 99.24, 375.61, 363.03
99.47, 144.64, 99.18, 375.59, 363.10
99.45, 144.62, 99.22, 375.61, 363.04
99.46, 144.64, 99.14, 375.56, 363.15
99.59, 144.69, 99.13, 375.63, 363.11
99.58, 144.69, 99.12, 375.63, 363.11
99.57, 144.63, 99.02, 375.60, 363.22
99.56, 144.66, 98.88, 376.08, 363.15
99.60, 144.67, 98.88, 376.08, 363.15
99.61, 144.63, 98.92, 376.08, 363.15
99.60, 144.68, 98.89, 376.08, 363.15
99.66, 144.58, 98.93, 376.06, 363.25
99.69, 144.70, 98.91, 376.18, 363.15
99.72, 144.73, 98.81, 376.16, 363.24
99.75, 144.74, 98.80, 376.16, 363.24
99.63, 145.10, 98.57, 375.64, 363.22
99.63, 145.10, 98.57, 375.64, 363.22
99.63, 145.10, 98.57, 375.64, 363.22
99.63, 145.10, 98.57, 375.64, 363.22
99.63, 145.10, 98.57, 375.64, 363.22
99.63, 145.10, 98.57, 375.64, 363.22
99.63, 145.10, 98.57, 375.64, 363.22
99.63, 145.10, 98.57, 375.64, 363.22
99.63, 145.10, 98.57, 375.64, 363.22
99.63, 145.10, 98.57, 375.64, 363.22
99.63, 145.10, 98.57, 375.64, 363.22
99.63, 145.10, 98.57, 375.64, 363.22
99.63, 145.10, 98.57, 375.64, 363.22
99.64, 145.10, 98.56, 375.64, 363.22
99.63, 145.10, 98.57, 375.64, 363.22
99.63, 145.10, 98.57, 375.64, 363.22
99.61, 145.10, 98.58, 375.64, 363.22
99.50, 145.19, 98.61, 375.52, 363.13
99.59, 145.08, 98.62, 375.50, 363.28
99.66, 145.10, 98.57, 375.54, 363.27
99.64, 145.09, 98.56, 375.62, 363.27
99.57, 145.17, 98.64, 375.27, 363.26
99.79, 144.98, 98.57, 375.58, 363.40
99.80, 145.00, 98.57, 375.58, 363.40
99.83, 144.99, 98.57, 375.58, 363.40
99.72, 145.30, 98.56, 374.93, 363.42
99.71, 145.30, 98.56, 374.93, 363.42
99.73, 145.35, 98.51, 374.93, 363.42
99.85, 145.25, 98.40, 374.99, 363.53
99.92, 145.40, 98.27, 374.82, 363.53
99.60, 145.28, 98.73, 375.50, 363.30
99.60, 145.28, 98.73, 375.50, 363.30
99.60, 145.28, 98.73, 375.50, 363.30
99.65, 145.33, 98.68, 375.50, 363.30
99.68, 145.35, 98.69, 375.45, 363.30
99.64, 145.37, 98.70, 375.34, 363.34
99.61, 145.17, 98.90, 375.23, 363.41
99.58, 145.18, 98.94, 375.22, 363.36
99.60, 145.21, 98.91, 375.21, 363.39
99.58, 145.24, 98.89, 375.22, 363.36
99.57, 145.20, 98.91, 375.22, 363.36
99.66, 145.43, 98.60, 375.28, 363.42
99.64, 145.40, 98.56, 375.37, 363.43
99.68, 145.52, 98.42, 375.51, 363.44
99.70, 145.39, 98.46, 375.45, 363.50
99.75, 145.38, 98.45, 375.45, 363.50
99.75, 145.39, 98.46, 375.45, 363.50
99.76, 145.37, 98.46, 375.45, 363.50
99.72, 145.39, 98.46, 375.45, 363.50
99.74, 145.40, 98.45, 375.39, 363.50
99.77, 145.40, 98.43, 375.39, 363.50
99.81, 145.40, 98.45, 375.42, 363.50
99.73, 145.40, 98.44, 375.42, 363.50
99.61, 145.46, 98.54, 375.15, 363.40
99.60, 145.44, 98.53, 375.15, 363.40
99.58, 145.48, 98.51, 375.14, 363.42
99.59, 145.36, 98.59, 375.17, 363.42
99.66, 145.41, 98.57, 375.30, 363.41
99.65, 145.40, 98.55, 375.32, 363.45
99.58, 145.30, 98.76, 375.37, 363.37
99.27, 144.77, 99.13, 374.59, 363.30
99.27, 144.77, 99.13, 374.59, 363.30
99.27, 144.77, 99.13, 374.59, 363.30
99.27, 144.77, 99.13, 374.59, 363.30
99.27, 144.77, 99.13, 374.59, 363.30
99.27, 144.77, 99.13, 374.59, 363.30
99.27, 144.77, 99.13, 374.59, 363.30
99.27, 144.77, 99.13, 374.59, 363.30
99.27, 144.77, 99.13, 374.59, 363.30
99.27, 144.76, 99.13, 374.59, 363.30
99.27, 144.76, 99.13, 374.59, 363.30
99.27, 144.76, 99.13, 374.59, 363.30
99.26, 144.77, 99.13, 374.59, 363.30
99.43, 144.66, 99.12, 374.59, 363.47
99.40, 144.66, 99.11, 374.59, 363.47
99.42, 144.67, 99.11, 374.59, 363.47
99.36, 144.67, 99.18, 374.63, 363.34
99.38, 144.70, 99.18, 374.61, 363.32
99.41, 144.60, 99.33, 375.25, 363.20
99.39, 144.64, 99.31, 375.25, 363.20
99.31, 144.60, 99.21, 373.40, 364.59
99.35, 144.65, 99.40, 372.82, 364.70
100.17, 144.05, 99.82, 368.73, 367.78
100.21, 144.08, 99.74, 368.81, 367.79
98.58, 144.85, 101.48, 365.30, 368.85
98.55, 144.99, 101.58, 364.83, 368.88
98.25, 144.76, 103.60, 368.87, 370.32
98.44, 144.87, 103.51, 368.50, 370.16
102.13, 144.57, 103.62, 380.32, 373.96
102.08, 144.70, 103.50, 380.10, 373.90
106.99, 143.15, 101.94, 385.99, 381.46
106.96, 143.16, 101.96, 385.83, 381.44
109.32, 142.52, 101.37, 397.94, 387.79
109.39, 142.52, 101.16, 397.03, 388.01
107.95, 141.83, 102.64, 401.00, 393.06
107.42, 141.77, 102.98, 400.52, 392.81
112.87, 140.22, 99.31, 413.65, 401.75
112.69, 140.29, 99.44, 413.52, 401.60
125.62, 138.72, 89.57, 436.57, 421.18
125.47, 138.92, 89.35, 436.48, 421.21
133.11, 137.67, 83.17, 456.73, 436.19
133.11, 137.67, 83.17, 456.73, 436.19
134.07, 136.34, 84.51, 466.24, 441.57
134.07, 136.34, 84.51, 466.24, 441.57
132.95, 137.45, 83.74, 473.34, 447.27
132.95, 137.45, 83.74, 473.34, 447.27
132.14, 137.69, 83.98, 480.81, 451.43
132.14, 137.69, 83.98, 480.81, 451.43
130.14, 140.31, 81.79, 485.48, 456.95
130.14, 140.31, 81.79, 485.48, 456.95
130.01, 139.62, 82.87, 489.48, 460.76
130.00, 139.93, 82.48, 489.48, 460.76
129.20, 140.78, 81.82, 492.18, 463.60
129.20, 140.78, 81.82, 492.18, 463.60
129.24, 139.14, 83.82, 494.06, 465.99
129.08, 139.20, 83.80, 494.06, 465.99
128.63, 140.50, 82.25, 495.23, 467.34
128.68, 140.28, 82.64, 495.23, 467.34
128.00, 141.35, 82.03, 495.32, 467.97
128.00, 141.36, 82.03, 495.32, 467.97
127.42, 140.54, 82.83, 495.89, 467.65
127.39, 140.60, 82.79, 495.89, 467.65
127.44, 140.52, 82.93, 495.76, 467.66
127.46, 140.54, 82.92, 495.76, 467.66
127.50, 140.52, 82.94, 495.76, 467.66
127.50, 140.52, 82.94, 495.76, 467.66
127.93, 139.26, 84.33, 497.25, 467.76
127.93, 139.26, 84.33, 497.25, 467.76
129.50, 139.38, 83.99, 498.22, 470.37
129.50, 139.38, 83.99, 498.22, 470.37
129.85, 139.11, 84.46, 500.85, 474.16
129.85, 139.11, 84.46, 500.85, 474.16
128.24, 139.82, 84.14, 505.18, 479.13
128.24, 139.82, 84.14, 505.18, 479.13
127.81, 139.40, 84.83, 510.27, 485.50
127.91, 139.33, 84.90, 510.27, 485.50
128.27, 140.03, 84.04, 515.98, 493.46
128.27, 140.03, 84.04, 515.98, 493.46
123.41, 139.31, 85.64, 522.40, 501.52
123.41, 139.31, 85.64, 522.40, 501.52
120.68, 139.51, 85.78, 528.23, 509.65
120.66, 139.47, 85.80, 528.23, 509.65
118.17, 140.24, 85.15, 534.67, 516.30
118.17, 140.24, 85.15, 534.67, 516.30
116.07, 140.78, 84.63, 539.01, 522.38
116.07, 140.78, 84.63, 539.01, 522.38
114.48, 140.34, 85.14, 542.83, 527.42
114.50, 140.52, 84.93, 542.83, 527.42
112.44, 141.38, 83.82, 545.90, 531.62
112.44, 141.38, 83.82, 545.90, 531.62
110.15, 141.56, 83.18, 548.22, 534.69
110.15, 141.56, 83.18, 548.22, 534.69
110.02, 141.69, 83.47, 550.41, 536.64
110.02, 141.69, 83.47, 550.41, 536.64
109.07, 140.85, 84.01, 551.04, 538.30
109.07, 141.07, 83.80, 551.04, 538.30
109.57, 141.32, 83.47, 551.33, 538.94
109.57, 141.32, 83.47, 551.33, 538.94
109.13, 141.40, 83.45, 551.98, 539.26
109.09, 141.40, 83.45, 551.98, 539.26
109.04, 141.13, 83.62, 553.10, 540.82
109.04, 141.13, 83.62, 553.10, 540.82
108.11, 140.71, 84.30, 556.07, 542.98
108.13, 140.68, 84.34, 556.07, 542.98
106.87, 140.52, 84.15, 559.22, 546.97
106.69, 140.67, 84.04, 558.99, 547.06
104.94, 139.40, 85.29, 563.95, 551.96
104.95, 139.54, 85.10, 563.95, 551.96
104.21, 138.58, 85.75, 569.64, 557.60
104.23, 138.56, 85.79, 569.64, 557.60
103.03, 138.43, 85.54, 575.86, 564.34
103.14, 138.42, 85.56, 575.86, 564.34
99.72, 139.85, 84.06, 581.50, 571.19
99.72, 139.85, 84.06, 581.50, 571.19
98.04, 138.77, 85.37, 587.20, 576.92
98.15, 138.70, 85.41, 587.05, 577.02
94.92, 140.21, 84.10, 591.68, 581.64
94.92, 140.21, 84.10, 591.68, 581.64
91.85, 140.57, 83.57, 595.40, 585.34
91.85, 140.57, 83.57, 595.40, 585.34
90.98, 141.37, 82.91, 597.54, 588.73
90.98, 141.37, 82.91, 597.54, 588.73
91.23, 141.30, 83.29, 599.85, 590.88
91.23, 141.30, 83.29, 599.85, 590.88
90.23, 141.22, 83.40, 601.91, 591.65
90.23, 141.22, 83.40, 601.91, 591.65
90.42, 140.65, 84.13, 604.50, 591.87
90.42, 140.65, 84.13, 604.50, 591.87
89.74, 140.80, 83.74, 607.24, 591.14
89.74, 140.80, 83.74, 607.24, 591.14
90.35, 140.46, 84.29, 610.05, 590.64
90.41, 140.45, 84.30, 610.05, 590.64
90.15, 141.10, 83.57, 612.18, 589.94
90.46, 140.94, 83.68, 612.14, 589.97
90.10, 140.76, 83.80, 613.21, 590.17
90.12, 140.81, 83.73, 613.24, 590.14
89.88, 140.72, 83.86, 613.21, 590.17
90.15, 140.83, 83.75, 613.22, 590.11
89.80, 141.20, 83.39, 613.12, 590.37
89.82, 141.25, 83.32, 613.09, 590.43
89.94, 141.26, 83.28, 613.05, 590.49
90.08, 141.51, 83.10, 613.09, 590.37
89.98, 141.34, 83.28, 613.13, 590.31
90.10, 141.48, 83.17, 613.13, 590.31
90.21, 141.43, 83.14, 613.07, 590.49
90.21, 141.43, 83.14, 613.07, 590.49
89.43, 141.45, 83.28, 612.70, 590.56
89.44, 141.43, 83.31, 612.70, 590.56
89.99, 140.70, 84.14, 611.48, 592.93
89.99, 140.70, 84.14, 611.48, 592.93
89.94, 140.52, 84.17, 610.92, 594.11
89.94, 140.52, 84.17, 610.92, 594.11
90.20, 140.77, 83.78, 610.79, 594.44
90.37, 140.96, 83.57, 610.79, 594.44
90.17, 141.22, 83.24, 610.73, 594.41
90.14, 141.20, 83.28, 610.78, 594.36
90.20, 141.16, 83.30, 610.78, 594.36
90.02, 141.67, 82.87, 610.78, 594.39
90.05, 141.40, 83.06, 610.80, 594.34
90.01, 141.48, 83.03, 610.80, 594.34
90.02, 141.40, 83.07, 610.80, 594.34
89.92, 141.62, 82.88, 610.78, 594.42
89.92, 141.62, 82.88, 610.78, 594.42
89.89, 141.54, 83.00, 610.80, 594.37
89.79, 141.54, 83.01, 610.78, 594.38
89.76, 141.84, 82.73, 610.77, 594.43
89.70, 141.77, 82.81, 610.77, 594.43
89.53, 141.78, 82.78, 610.82, 594.38
89.68, 141.72, 82.84, 610.77, 594.43
89.50, 142.26, 82.25, 610.78, 594.33
89.51, 142.27, 82.25, 610.78, 594.33
89.52, 142.35, 82.19, 610.78, 594.33
89.29, 142.31, 82.24, 610.77, 594.37
89.43, 142.35, 82.15, 610.77, 594.37
89.43, 142.34, 82.14, 610.77, 594.37
89.46, 142.35, 82.13, 610.77, 594.37
89.45, 142.34, 82.14, 610.77, 594.37
89.29, 142.23, 82.22, 610.67, 594.43
89.32, 142.07, 82.31, 610.67, 594.43
89.27, 142.06, 82.33, 610.67, 594.43
88.71, 141.67, 82.98, 610.74, 594.47
88.65, 141.64, 83.03, 610.78, 594.42
88.64, 141.64, 83.03, 610.78, 594.42
88.63, 141.64, 83.02, 610.78, 594.42
88.71, 141.68, 82.96, 610.74, 594.47
88.71, 141.68, 82.96, 610.74, 594.47
88.76, 141.05, 83.78, 610.48, 594.93
88.76, 141.05, 83.78, 610.48, 594.93
88.52, 141.25, 83.46, 610.18, 596.01
88.52, 141.25, 83.46, 610.18, 596.01
88.14, 141.59, 83.36, 609.73, 597.06
88.14, 141.59, 83.36, 609.73, 597.06
87.86, 141.81, 83.04, 609.97, 597.01
87.87, 141.87, 82.97, 609.97, 597.01
88.13, 141.62, 83.20, 609.81, 597.12
88.16, 141.67, 83.16, 609.83, 597.11
88.06, 141.60, 83.24, 609.81, 597.12
88.37, 141.62, 83.23, 609.84, 597.10
88.22, 141.66, 83.19, 609.84, 597.10
88.26, 141.64, 83.21, 609.84, 597.10
88.07, 141.68, 83.19, 609.80, 597.12
88.37, 141.84, 82.99, 609.83, 597.12
88.23, 141.78, 83.02, 609.87, 597.06
88.24, 141.83, 83.02, 609.87, 597.06
88.08, 141.90, 82.96, 609.83, 597.07
88.20, 141.85, 82.98, 609.87, 597.06
87.76, 142.07, 82.84, 609.65, 597.28
87.77, 142.08, 82.84, 609.65, 597.28
87.49, 141.84, 82.70, 608.41, 598.76
87.49, 141.84, 82.70, 608.41, 598.76
86.71, 141.00, 83.88, 607.66, 599.70
86.71, 141.00, 83.88, 607.66, 599.70
86.40, 141.78, 82.97, 607.62, 600.32
86.44, 141.81, 82.92, 607.62, 600.32
86.92, 141.12, 83.60, 607.54, 600.53
86.87, 141.19, 83.50, 607.57, 600.49
86.60, 141.55, 83.14, 607.50, 600.45
86.80, 141.46, 83.20, 607.51, 600.48
86.75, 141.49, 83.17, 607.51, 600.48
86.88, 141.38, 83.26, 607.58, 600.46
86.85, 141.38, 83.25, 607.58, 600.46
86.91, 141.50, 83.15, 607.58, 600.46
86.91, 141.47, 83.15, 607.58, 600.46
86.93, 141.47, 83.14, 607.58, 600.46
86.86, 141.46, 83.14, 607.58, 600.46
86.89, 141.63, 82.99, 607.58, 600.46
86.88, 141.59, 83.05, 607.58, 600.46
86.95, 141.49, 83.14, 607.58, 600.43
86.92, 141.10, 83.51, 607.48, 600.62
86.92, 141.10, 83.51, 607.48, 600.62
87.01, 141.36, 83.38, 608.69, 601.41
87.01, 141.36, 83.38, 608.69, 601.41
87.64, 141.59, 83.07, 610.59, 603.52
87.64, 141.59, 83.07, 610.59, 603.52
86.77, 141.71, 82.94, 613.67, 606.40
86.74, 141.71, 82.94, 613.67, 606.40
86.56, 141.62, 82.97, 617.04, 611.11
86.56, 141.62, 82.97, 617.04, 611.11
86.36, 141.23, 83.51, 621.81, 615.54
86.36, 141.23, 83.51, 621.81, 615.54
82.84, 141.80, 83.45, 625.63, 619.90
82.84, 141.80, 83.45, 625.63, 619.90
82.80, 141.33, 83.93, 628.83, 623.13
82.80, 141.33, 83.93, 628.83, 623.13
81.01, 141.31, 83.99, 630.63, 625.72
81.01, 141.31, 83.99, 630.63, 625.72
81.08, 140.97, 84.22, 631.53, 627.48
81.02, 141.03, 84.15, 631.58, 627.42
80.71, 141.25, 83.73, 632.21, 627.73
80.86, 141.50, 83.43, 632.14, 627.77
80.77, 141.80, 83.11, 632.07, 627.77
80.64, 142.00, 82.92, 631.98, 627.80
80.60, 141.80, 83.05, 632.01, 627.72
80.44, 142.17, 82.84, 632.01, 627.69
80.08, 142.31, 82.79, 632.10, 627.59
80.07, 142.36, 82.76, 632.10, 627.59
80.02, 142.38, 82.75, 632.10, 627.59
79.88, 142.60, 82.79, 632.08, 627.67
79.85, 142.53, 82.90, 632.16, 627.60
79.88, 142.61, 82.81, 632.16, 627.60
79.82, 142.59, 82.82, 632.16, 627.60
79.91, 142.51, 82.98, 632.13, 627.60
79.78, 142.23, 83.27, 632.12, 627.61
79.79, 142.22, 83.27, 632.12, 627.61
79.78, 142.23, 83.27, 632.12, 627.61
79.72, 142.66, 82.96, 632.20, 627.53
79.54, 142.67, 82.94, 632.16, 627.61
79.54, 142.66, 82.92, 632.16, 627.61
79.52, 142.57, 83.05, 632.16, 627.61
79.47, 142.89, 82.88, 632.09, 627.64
79.18, 142.93, 82.76, 632.11, 627.60
79.18, 142.93, 82.77, 632.11, 627.60
79.18, 142.93, 82.76, 632.11, 627.60
79.14, 143.08, 82.66, 632.11, 627.60
79.14, 143.08, 82.66, 632.11, 627.60
79.08, 143.18, 82.58, 632.10, 627.60
79.10, 143.01, 82.68, 632.03, 627.64
79.11, 143.01, 82.70, 632.03, 627.64
79.12, 143.00, 82.69, 632.03, 627.64
79.15, 142.92, 82.80, 631.98, 627.73
79.30, 142.44, 83.35, 632.74, 627.13
79.08, 142.73, 83.16, 632.77, 627.07
79.00, 142.50, 83.29, 632.77, 627.06
79.01, 142.50, 83.29, 632.77, 627.06
78.96, 142.51, 83.29, 632.77, 627.06
79.15, 142.73, 83.08, 632.77, 627.10
79.16, 142.75, 83.09, 632.77, 627.10
79.24, 142.59, 83.20, 632.79, 627.08
79.04, 142.38, 83.46, 632.91, 627.00
79.09, 142.46, 83.37, 632.91, 627.00
79.01, 142.46, 83.37, 632.91, 627.00
78.97, 142.54, 83.34, 632.91, 627.00
78.85, 142.46, 83.42, 632.91, 627.00
78.92, 142.49, 83.38, 632.85, 627.02
78.86, 142.52, 83.38, 632.85, 627.02
78.83, 142.61, 83.32, 632.85, 627.02
78.92, 142.53, 83.34, 632.79, 627.06
78.99, 142.71, 83.24, 632.79, 627.06
78.96, 142.71, 83.24, 632.79, 627.06
78.95, 142.71, 83.24, 632.79, 627.06
78.74, 142.88, 83.00, 632.95, 626.98
78.75, 142.88, 82.99, 632.95, 626.98
78.87, 142.79, 83.08, 632.92, 627.03
78.87, 142.79, 83.08, 632.92, 627.03
78.78, 142.87, 83.00, 632.95, 626.98
78.78, 142.87, 83.00, 632.95, 626.98
78.97, 142.59, 83.32, 633.50, 626.47
78.97, 142.59, 83.32, 633.50, 626.47
79.22, 143.07, 82.70, 634.82, 624.83
79.22, 143.07, 82.70, 634.82, 624.83
79.74, 142.21, 83.44, 636.76, 622.24
79.72, 142.12, 83.56, 636.71, 622.29
79.65, 142.77, 82.87, 638.06, 620.51
79.78, 142.73, 82.86, 638.06, 620.51
80.41, 140.98, 84.42, 638.42, 620.06
80.34, 141.06, 84.38, 638.42, 620.06
79.83, 141.60, 83.92, 638.36, 620.27
79.84, 142.00, 83.46, 638.41, 620.13
79.93, 142.08, 83.30, 638.29, 620.41
80.11, 142.12, 83.26, 638.30, 620.40
80.06, 142.02, 83.38, 638.30, 620.40
80.33, 141.74, 83.59, 638.39, 620.11
80.25, 141.82, 83.46, 638.39, 620.11
80.25, 141.84, 83.44, 638.39, 620.11
80.20, 141.80, 83.52, 638.39, 620.11
80.59, 142.21, 83.12, 638.34, 620.30
80.60, 142.18, 83.18, 638.38, 620.31
80.66, 142.31, 83.07, 638.33, 620.36
80.57, 142.20, 83.16, 638.33, 620.36
80.89, 142.48, 82.87, 638.35, 620.42
80.83, 142.15, 83.19, 638.33, 620.48
80.83, 142.15, 83.20, 638.33, 620.48
80.86, 142.29, 83.19, 638.18, 620.65
80.86, 142.29, 83.19, 638.18, 620.65
81.68, 142.02, 83.35, 637.34, 621.89
81.47, 142.18, 83.24, 637.21, 622.00
81.11, 142.14, 83.07, 636.43, 623.25
81.08, 142.22, 83.01, 636.48, 623.20
81.03, 140.83, 84.38, 634.86, 625.86
81.02, 141.17, 84.05, 634.92, 625.83
80.41, 141.90, 83.40, 633.28, 627.82
80.41, 141.90, 83.40, 633.28, 627.82
80.78, 141.37, 83.78, 633.14, 628.29
80.65, 141.48, 83.70, 633.19, 628.25
80.43, 142.07, 83.04, 633.25, 628.33
80.42, 142.33, 82.75, 633.27, 628.33
80.34, 142.32, 82.77, 633.27, 628.33
80.14, 142.24, 82.83, 633.23, 628.33
79.95, 142.19, 82.92, 633.25, 628.30
80.23, 142.19, 82.96, 633.25, 628.31
80.23, 142.16, 82.98, 633.25, 628.31
80.29, 142.14, 83.03, 633.28, 628.27
80.21, 142.18, 82.99, 633.20, 628.32
80.24, 142.41, 82.79, 633.20, 628.32
80.17, 142.42, 82.77, 633.20, 628.32
80.21, 142.41, 82.77, 633.20, 628.32
80.10, 142.41, 82.75, 633.20, 628.32
80.01, 142.67, 82.63, 633.20, 628.32
80.00, 142.45, 82.87, 633.20, 628.32
79.95, 142.42, 82.91, 633.20, 628.32
79.48, 142.33, 82.87, 633.21, 628.31
79.48, 142.33, 82.87, 633.21, 628.31
79.48, 142.33, 82.87, 633.21, 628.31
79.48, 142.33, 82.87, 633.21, 628.31
79.48, 142.33, 82.87, 633.21, 628.31
79.46, 142.35, 82.86, 633.21, 628.31
79.45, 142.34, 82.87, 633.21, 628.31
79.47, 142.34, 82.86, 633.21, 628.31
79.45, 142.34, 82.86, 633.21, 628.31
79.39, 142.45, 82.80, 633.21, 628.31
79.38, 142.43, 82.81, 633.21, 628.31
79.40, 142.43, 82.81, 633.21, 628.31
79.37, 142.42, 82.81, 633.21, 628.31
79.40, 142.77, 82.58, 633.21, 628.31
79.40, 142.75, 82.62, 633.21, 628.31
79.45, 142.76, 82.59, 633.21, 628.31
79.41, 142.68, 82.67, 633.21, 628.31
79.43, 142.61, 82.74, 633.15, 628.33
79.37, 142.63, 82.74, 633.15, 628.33
79.36, 142.69, 82.68, 633.15, 628.33
79.31, 142.66, 82.72, 633.15, 628.33
79.35, 142.60, 82.74, 633.19, 628.29
78.96, 142.56, 82.90, 633.21, 628.28
78.95, 142.54, 82.90, 633.21, 628.28
78.95, 142.55, 82.89, 633.21, 628.28
79.05, 142.64, 82.82, 633.11, 628.34
79.04, 142.62, 82.85, 633.11, 628.34
79.08, 142.60, 82.86, 633.11, 628.34
79.04, 142.62, 82.81, 633.11, 628.31
78.97, 142.62, 82.88, 633.17, 628.26
78.77, 142.52, 83.00, 633.32, 628.24
78.77, 142.52, 83.00, 633.32, 628.24
78.77, 142.52, 83.00, 633.32, 628.24
78.72, 142.53, 82.98, 633.32, 628.24
78.71, 142.42, 83.10, 633.32, 628.24
78.71, 142.42, 83.10, 633.32, 628.24
78.71, 142.42, 83.10, 633.32, 628.24
78.74, 142.46, 83.06, 633.26, 628.31
78.57, 142.33, 83.22, 633.26, 628.31
78.58, 142.39, 83.18, 633.26, 628.31
78.52, 142.37, 83.20, 633.27, 628.29
78.45, 142.40, 83.20, 633.29, 628.30
78.45, 142.40, 83.20, 633.29, 628.30
78.48, 142.43, 83.21, 633.29, 628.30
78.44, 142.13, 83.46, 633.29, 628.30
78.50, 142.29, 83.36, 633.30, 628.29
78.49, 142.29, 83.36, 633.30, 628.29
78.41, 142.29, 83.37, 633.29, 628.30
78.38, 142.24, 83.41, 633.34, 628.27
78.44, 142.31, 83.33, 633.18, 628.30
78.43, 142.31, 83.33, 633.18, 628.30
78.44, 142.23, 83.41, 633.14, 628.33
78.42, 142.24, 83.40, 633.14, 628.33
78.40, 142.45, 83.21, 633.14, 628.33
78.51, 142.50, 83.11, 633.08, 628.37
78.41, 142.60, 83.05, 633.12, 628.37
78.46, 142.48, 83.10, 633.16, 628.36
78.51, 142.86, 82.71, 633.14, 628.37
78.43, 142.88, 82.70, 633.14, 628.37
78.50, 142.84, 82.72, 633.10, 628.42
77.92, 143.29, 82.52, 633.30, 628.27
77.92, 143.29, 82.52, 633.30, 628.27
77.92, 143.29, 82.52, 633.30, 628.27
77.92, 143.29, 82.52, 633.30, 628.27
77.92, 143.29, 82.52, 633.30, 628.27
77.93, 143.39, 82.42, 633.36, 628.23
77.88, 143.34, 82.44, 633.36, 628.23
77.93, 143.28, 82.50, 633.30, 628.27
77.89, 143.28, 82.51, 633.30, 628.27
77.90, 143.27, 82.54, 633.32, 628.23
77.92, 143.23, 82.54, 633.40, 628.18
77.94, 143.19, 82.60, 633.34, 628.22
77.96, 143.08, 82.65, 633.34, 628.22
77.98, 142.98, 82.71, 633.39, 628.18
77.96, 142.90, 82.78, 633.33, 628.22
78.00, 142.92, 82.77, 633.33, 628.22
77.93, 142.91, 82.81, 633.33, 628.22
78.15, 142.95, 82.73, 633.35, 628.15
78.27, 142.96, 82.71, 633.29, 628.20
78.35, 142.96, 82.68, 633.29, 628.20
78.29, 142.95, 82.68, 633.34, 628.19
78.40, 143.15, 82.53, 633.28, 628.21
78.40, 143.15, 82.53, 633.28, 628.21
78.41, 143.14, 82.57, 633.28, 628.21
78.48, 143.06, 82.57, 633.28, 628.21
78.51, 142.94, 82.72, 633.26, 628.21
78.51, 142.94, 82.72, 633.26, 628.21
78.43, 142.98, 82.71, 633.23, 628.22
78.46, 142.81, 82.84, 633.23, 628.22
78.57, 142.77, 82.87, 633.22, 628.22
78.67, 142.54, 83.09, 633.29, 628.20
78.67, 142.54, 83.09, 633.29, 628.20
78.67, 142.54, 83.09, 633.29, 628.20
78.76, 142.37, 83.39, 633.31, 628.16
78.46, 142.42, 83.36, 633.25, 628.18
78.49, 142.34, 83.43, 633.19, 628.20
78.48, 142.33, 83.45, 633.19, 628.20
78.42, 142.54, 83.29, 633.19, 628.20
78.42, 142.54, 83.29, 633.19, 628.20
78.44, 142.62, 83.22, 633.19, 628.20
78.43, 142.53, 83.32, 633.19, 628.20
78.45, 142.60, 83.25, 633.19, 628.20
78.44, 142.54, 83.27, 633.19, 628.20
78.53, 142.46, 83.35, 633.15, 628.23
78.53, 142.41, 83.40, 633.15, 628.23
78.71, 142.46, 83.30, 633.15, 628.23
78.68, 142.41, 83.33, 633.15, 628.23
78.65, 142.43, 83.41, 633.12, 628.23
78.63, 142.34, 83.46, 633.12, 628.23
78.67, 142.50, 83.27, 633.12, 628.23
78.66, 142.46, 83.31, 633.12, 628.23
78.62, 142.56, 83.18, 633.10, 628.20
78.54, 142.56, 83.20, 633.10, 628.20
78.46, 142.71, 83.21, 632.59, 628.11
78.38, 142.77, 83.15, 632.62, 628.11
78.36, 142.29, 83.62, 631.49, 627.02
78.36, 142.29, 83.62, 631.49, 627.02
78.58, 142.11, 83.87, 630.28, 624.94
78.58, 142.11, 83.87, 630.28, 624.94
80.07, 142.19, 83.44, 628.18, 622.37
79.71, 142.40, 83.10, 628.49, 622.15
80.65, 141.22, 84.13, 625.45, 619.48
80.65, 141.20, 84.14, 625.45, 619.48
83.38, 140.23, 84.83, 622.29, 615.80
83.38, 140.23, 84.83, 622.29, 615.80
85.80, 140.29, 84.19, 618.58, 611.62
85.80, 140.29, 84.19, 618.58, 611.62
87.69, 139.77, 84.16, 614.43, 606.11
87.69, 139.77, 84.16, 614.43, 606.11
91.97, 139.48, 84.28, 609.00, 600.57
91.97, 139.48, 84.28, 609.00, 600.57
92.05, 139.11, 84.54, 603.21, 593.68
92.05, 139.11, 84.54, 603.21, 593.68
98.26, 137.15, 86.10, 597.04, 585.93
98.26, 137.15, 86.10, 597.04, 585.93
100.17, 136.11, 87.27, 590.20, 577.86
100.17, 136.11, 87.27, 590.20, 577.86
103.30, 136.25, 87.05, 582.11, 569.05
103.30, 136.25, 87.05, 582.11, 569.05
105.78, 134.91, 88.76, 573.48, 560.17
105.78, 134.91, 88.76, 573.48, 560.17
109.41, 135.48, 88.18, 564.54, 550.67
109.41, 135.48, 88.18, 564.54, 550.67
111.95, 136.38, 87.07, 556.24, 540.88
111.95, 136.38, 87.07, 556.24, 540.88
113.75, 136.44, 87.66, 548.73, 531.44
113.83, 136.40, 87.70, 548.73, 531.44
115.64, 137.20, 86.68, 541.28, 523.08
115.64, 137.20, 86.68, 541.28, 523.08
118.49, 139.16, 86.17, 535.10, 515.18
118.49, 139.16, 86.17, 535.10, 515.18
118.05, 139.97, 85.40, 529.07, 509.28
118.05, 139.97, 85.40, 529.07, 509.28
119.26, 139.70, 85.62, 523.03, 502.69
119.26, 139.70, 85.62, 523.03, 502.69
122.29, 137.55, 87.95, 515.84, 495.77
122.29, 137.55, 87.95, 515.84, 495.77
125.64, 137.25, 87.14, 508.57, 486.87
125.64, 137.25, 87.14, 508.57, 486.87
128.29, 134.20, 89.41, 500.05, 477.95
128.30, 134.20, 89.41, 500.05, 477.95
130.61, 133.93, 88.61, 490.39, 468.39
130.61, 133.93, 88.61, 490.39, 468.39
131.67, 131.78, 90.03, 479.85, 458.96
131.67, 131.78, 90.03, 479.85, 458.96
131.46, 132.35, 88.58, 469.45, 448.54
131.46, 132.35, 88.58, 469.45, 448.54
131.37, 133.17, 89.63, 455.56, 434.22
131.37, 133.17, 89.63, 455.56, 434.22
120.98, 137.04, 97.28, 429.60, 408.14
120.78, 137.08, 97.31, 429.00, 408.46
107.20, 142.00, 103.54, 408.87, 388.70
107.18, 142.04, 103.53, 408.85, 388.71
103.59, 143.04, 104.31, 397.60, 374.32
103.47, 143.13, 104.35, 397.47, 374.24
103.19, 143.68, 104.19, 388.30, 362.34
103.15, 143.66, 104.23, 388.34, 362.30
100.46, 143.32, 103.08, 378.79, 356.12
100.39, 143.28, 103.06, 378.45, 356.59
91.09, 145.37, 102.64, 362.32, 348.75
91.33, 144.71, 102.24, 362.03, 349.63
98.06, 140.58, 100.44, 358.71, 353.05
98.17, 140.74, 100.21, 358.70, 353.23
98.42, 141.66, 101.98, 374.50, 351.36
98.29, 141.59, 101.83, 374.52, 352.14
94.64, 142.51, 101.78, 348.46, 326.63
94.47, 142.66, 101.63, 348.42, 326.42
102.48, 142.54, 98.07, 348.62, 300.53
102.60, 142.40, 98.14, 348.62, 300.53
95.26, 146.05, 101.18, 340.76, 283.83
95.27, 146.10, 101.14, 340.80, 283.81
94.07, 145.12, 101.32, 340.67, 268.21
94.03, 145.09, 101.39, 340.26, 267.99
91.48, 143.01, 102.23, 330.25, 289.79
91.49, 142.98, 102.28, 330.16, 289.87
91.11, 141.95, 102.21, 318.05, 291.12
91.06, 141.94, 102.24, 318.05, 291.12
90.10, 141.56, 102.18, 319.72, 288.27
89.97, 141.60, 102.24, 319.52, 288.25
93.18, 139.04, 99.85, 313.63, 271.70
93.10, 139.08, 99.88, 313.86, 271.82
101.34, 135.45, 92.39, 317.22, 254.50
101.34, 135.45, 92.39, 317.22, 254.50
97.33, 139.08, 96.13, 320.82, 258.69
97.44, 139.14, 96.01, 320.98, 258.48
88.92, 143.13, 102.88, 331.18, 264.51
89.01, 142.97, 102.78, 332.22, 264.27
97.23, 138.21, 97.29, 326.52, 240.79
97.23, 138.21, 97.29, 326.52, 240.79
94.55, 140.70, 94.58, 334.45, 237.12
94.79, 140.59, 94.68, 334.45, 237.12
95.53, 138.24, 95.48, 344.13, 233.45
95.52, 138.30, 95.44, 344.13, 233.45
106.30, 135.46, 84.66, 365.63, 213.60
106.30, 135.46, 84.66, 365.63, 213.60
104.35, 137.88, 82.24, 371.55, 218.00
104.35, 137.88, 82.24, 371.55, 218.00
106.10, 137.69, 84.31, 371.91, 222.71
106.10, 137.69, 84.31, 371.91, 222.71
106.00, 138.59, 86.31, 370.31, 232.97
106.00, 138.59, 86.31, 370.31, 232.97
101.61, 141.70, 84.57, 368.34, 240.57
101.57, 141.70, 84.58, 368.34, 240.57
109.48, 136.90, 86.63, 369.36, 240.50
109.48, 136.90, 86.63, 369.36, 240.50
101.03, 139.82, 89.58, 358.98, 254.90
101.03, 139.82, 89.58, 358.98, 254.90
98.36, 142.31, 89.16, 351.69, 265.02
98.37, 142.31, 89.15, 351.69, 265.02
91.15, 143.72, 95.84, 338.44, 275.09
91.15, 143.73, 95.84, 338.44, 275.09
91.93, 143.07, 97.93, 340.08, 275.72
91.91, 143.01, 98.04, 340.35, 275.45
89.65, 144.22, 102.40, 342.60, 280.20
89.67, 144.15, 102.46, 342.42, 280.50
90.63, 144.89, 102.78, 341.93, 275.46
90.66, 144.88, 102.79, 341.97, 275.47
90.50, 144.90, 103.00, 341.34, 275.66
90.49, 144.90, 103.00, 341.34, 275.66
91.34, 145.62, 102.79, 346.05, 282.33
91.74, 146.42, 102.55, 346.02, 280.97
93.33, 144.74, 102.38, 344.87, 292.16
93.32, 144.81, 102.58, 345.86, 292.73
93.51, 143.46, 99.63, 339.05, 307.68
93.64, 143.43, 99.61, 339.09, 307.71
101.56, 140.64, 93.03, 318.84, 310.34
101.57, 140.64, 93.02, 318.84, 310.34
96.85, 144.15, 98.36, 306.34, 312.78
96.84, 144.15, 98.35, 306.38, 312.77
95.84, 146.26, 98.55, 292.78, 310.11
95.88, 146.26, 98.55, 292.78, 310.11
94.19, 147.80, 98.26, 287.25, 308.96
94.12, 147.83, 98.18, 287.30, 308.90
96.08, 146.42, 98.60, 286.07, 311.01
95.70, 146.58, 98.95, 285.80, 310.03
99.16, 145.54, 96.43, 279.83, 313.28
99.17, 145.52, 96.39, 279.80, 313.30
102.62, 143.64, 95.21, 275.93, 315.18
102.90, 143.58, 95.21, 275.76, 315.23
107.43, 142.37, 93.03, 266.17, 310.93
107.91, 142.18, 92.56, 266.30, 311.51
101.68, 145.75, 94.34, 265.96, 298.51
101.65, 145.74, 94.35, 265.96, 298.51
98.17, 146.68, 97.14, 265.11, 285.55
98.11, 146.70, 97.06, 265.32, 285.61
95.86, 146.57, 98.74, 265.53, 275.41
95.83, 146.57, 98.68, 265.71, 275.48
95.26, 146.18, 99.75, 265.06, 266.64
80.59, 149.05, 106.95, 336.49, 298.98
95.19, 146.14, 99.51, 266.31, 266.66
81.13, 148.96, 106.97, 335.80, 298.11
95.65, 144.22, 97.25, 270.79, 274.15
86.50, 147.99, 106.82, 349.89, 284.05
95.67, 144.08, 97.64, 270.00, 273.47
86.66, 147.97, 106.83, 350.03, 283.83
93.37, 142.26, 100.58, 259.84, 286.03
83.53, 147.80, 105.89, 345.54, 275.13
93.36, 142.26, 100.58, 259.84, 286.03
83.99, 147.81, 105.93, 346.95, 275.71
89.51, 142.68, 99.83, 259.02, 289.38
81.15, 149.46, 108.00, 303.19, 293.12
89.51, 142.68, 99.83, 259.02, 289.38
81.15, 149.46, 108.00, 303.19, 293.12
93.24, 142.73, 101.14, 258.11, 282.01
85.78, 146.11, 106.27, 292.80, 320.76
94.02, 142.70, 101.17, 258.11, 282.01
86.09, 146.09, 106.28, 292.80, 320.76
93.05, 143.66, 101.92, 261.57, 280.19
89.34, 145.37, 106.74, 286.25, 316.32
93.05, 143.66, 101.92, 261.57, 280.19
89.36, 145.36, 106.76, 286.31, 316.38
92.74, 143.05, 101.69, 272.50, 272.27
93.07, 142.99, 101.70, 272.52, 272.26
88.05, 143.39, 101.89, 279.06, 264.71
88.05, 143.39, 101.89, 279.06, 264.71
89.28, 142.81, 100.95, 282.87, 256.35
89.26, 142.76, 100.90, 282.85, 256.31
92.85, 141.40, 96.42, 290.67, 242.26
92.85, 141.40, 96.42, 290.67, 242.26
99.18, 136.95, 91.39, 303.75, 224.36
99.18, 136.95, 91.39, 303.75, 224.36
106.94, 133.11, 84.79, 316.41, 200.62
106.94, 133.11, 84.79, 316.41, 200.62
111.11, 129.63, 88.15, 325.48, 195.46
102.57, 135.47, 84.20, 336.12, 191.61
102.57, 135.47, 84.20, 336.12, 191.61
112.61, 132.77, 87.52, 347.54, 188.78
112.61, 132.77, 87.52, 347.54, 188.78
112.61, 132.77, 87.52, 347.54, 188.78
105.31, 134.97, 87.59, 357.39, 193.31
105.31, 134.97, 87.59, 357.39, 193.31
110.80, 135.86, 83.14, 369.12, 194.00
109.60, 139.22, 80.41, 368.84, 193.67
109.26, 135.78, 84.60, 374.87, 200.65
109.26, 135.78, 84.60, 374.87, 200.65
98.68, 139.65, 91.45, 373.49, 224.26
98.68, 139.65, 91.45, 373.49, 224.26
112.14, 133.57, 85.68, 381.34, 212.81
86.13, 145.35, 108.13, 321.59, 295.87
112.14, 133.57, 85.68, 381.34, 212.81
86.13, 145.35, 108.13, 321.59, 295.87
80.39, 151.33, 108.00, 352.81, 294.51
112.85, 133.36, 86.79, 387.25, 216.52
80.39, 151.33, 108.00, 352.81, 294.51
112.85, 133.36, 86.79, 387.25, 216.52
76.20, 148.05, 106.40, 322.53, 292.82
117.10, 122.42, 99.90, 394.71, 216.74
76.03, 148.02, 106.41, 322.54, 292.65
117.10, 122.42, 99.90, 394.71, 216.74
67.52, 135.84, 97.26, 404.91, 204.45
67.52, 135.84, 97.26, 404.91, 204.45
95.78, 137.31, 89.37, 420.64, 191.08
95.78, 137.31, 89.37, 420.64, 191.08
129.60, 129.79, 94.10, 439.38, 173.77
129.58, 129.85, 94.03, 439.60, 173.77
128.68, 126.28, 92.87, 468.70, 162.47
128.68, 126.28, 92.87, 468.70, 162.47
87.38, 130.78, 91.36, 506.51, 152.35
87.38, 130.78, 91.36, 506.51, 152.35
98.50, 136.21, 85.70, 524.44, 153.22
98.50, 136.21, 85.70, 524.44, 153.22
107.42, 134.37, 89.34, 533.28, 170.85
107.61, 134.55, 89.18, 533.45, 170.66
99.37, 129.52, 93.17, 536.72, 191.86
99.37, 129.52, 93.17, 536.72, 191.86
94.79, 120.93, 100.57, 542.21, 192.00
94.79, 120.93, 100.57, 542.21, 192.00
88.83, 127.50, 100.00, 562.83, 170.00
88.83, 127.50, 100.00, 562.83, 170.00
125.05, 126.96, 90.61, 571.60, 170.88
125.05, 126.96, 90.61, 571.60, 170.88
123.99, 131.26, 86.45, 574.35, 169.59
123.99, 131.26, 86.45, 574.35, 169.59
128.32, 130.48, 86.26, 578.16, 179.56
128.32, 130.48, 86.26, 578.16, 179.56
118.53, 132.69, 86.40, 578.65, 191.74
118.53, 132.69, 86.40, 578.65, 191.74
121.78, 131.63, 86.28, 581.98, 187.68
121.78, 131.63, 86.28, 581.98, 187.68
122.66, 130.15, 87.50, 584.09, 183.80
122.66, 130.15, 87.50, 584.09, 183.80
123.32, 132.45, 85.16, 583.27, 183.13
123.32, 132.45, 85.16, 583.27, 183.13
113.79, 133.13, 86.22, 579.29, 180.85
113.79, 133.13, 86.22, 579.29, 180.85
115.96, 133.35, 88.28, 577.88, 177.45
115.96, 133.35, 88.28, 577.88, 177.45
115.81, 133.33, 85.21, 572.30, 174.83
115.81, 133.33, 85.21, 572.30, 174.83
116.60, 131.10, 86.92, 565.91, 175.07
115.97, 131.57, 86.56, 566.76, 174.97
118.65, 130.89, 87.36, 562.97, 177.23
118.66, 131.00, 87.32, 562.97, 177.23
116.51, 132.72, 86.59, 563.05, 179.03
116.51, 132.72, 86.59, 563.05, 179.03
117.69, 131.70, 87.30, 564.82, 181.98
117.69, 131.70, 87.30, 564.82, 181.98
119.35, 131.45, 86.62, 569.36, 183.98
119.35, 131.45, 86.62, 569.36, 183.98
118.11, 131.88, 86.82, 572.64, 187.35
118.11, 131.88, 86.82, 572.64, 187.35
119.88, 132.82, 85.38, 574.68, 187.81
119.88, 132.82, 85.38, 574.68, 187.81
116.59, 133.30, 84.74, 578.85, 188.34
116.59, 133.30, 84.74, 578.85, 188.34
118.96, 131.89, 85.03, 586.22, 186.78
123.20, 126.40, 88.00, 583.00, 198.00
118.96, 131.89, 85.03, 586.22, 186.78
123.20, 126.40, 88.00, 583.00, 198.00
116.12, 130.49, 87.12, 595.94, 179.76
116.12, 130.49, 87.12, 595.94, 179.76
118.80, 129.35, 88.94, 597.62, 178.72
118.80, 129.35, 88.94, 597.62, 178.72
115.49, 128.33, 90.49, 600.39, 175.36
115.49, 128.33, 90.49, 600.39, 175.36
117.15, 129.90, 87.89, 599.89, 175.59
117.15, 129.90, 87.89, 599.89, 175.59
117.90, 128.40, 89.74, 598.51, 176.05
117.95, 127.73, 90.57, 598.51, 176.05
115.63, 130.70, 86.79, 598.02, 177.51
115.63, 130.70, 86.79, 598.02, 177.51
114.62, 130.25, 87.34, 598.42, 178.36
114.62, 130.25, 87.34, 598.42, 178.36
114.20, 132.05, 85.56, 598.41, 180.89
114.20, 132.05, 85.56, 598.41, 180.89
116.65, 128.61, 88.91, 596.13, 184.12
116.65, 128.61, 88.91, 596.13, 184.12
116.00, 130.40, 87.80, 595.51, 188.05
128.50, 113.50, 105.00, 602.50, 188.00
116.00, 130.40, 87.80, 595.51, 188.05
128.50, 113.50, 105.00, 602.50, 188.00
115.76, 131.54, 85.71, 599.56, 192.44
111.00, 135.20, 82.27, 607.59, 187.45
115.76, 131.54, 85.71, 599.56, 192.44
111.00, 135.20, 82.27, 607.59, 187.45
118.62, 130.66, 86.45, 605.30, 199.34
114.58, 133.25, 83.62, 613.94, 191.65
118.43, 130.68, 86.45, 605.30, 199.34
114.58, 133.25, 83.62, 613.94, 191.65
116.11, 132.50, 85.81, 610.34, 204.17
113.68, 137.07, 81.83, 618.49, 195.94
116.11, 132.50, 85.81, 610.34, 204.17
113.68, 137.07, 81.83, 618.49, 195.94
114.93, 134.17, 84.12, 608.78, 206.57
114.47, 135.34, 82.94, 615.29, 198.49
114.93, 134.17, 84.12, 608.78, 206.57
114.47, 135.34, 82.94, 615.29, 198.49
116.11, 131.20, 86.64, 606.92, 210.52
115.92, 132.58, 85.30, 613.42, 201.82
114.71, 132.35, 85.65, 606.87, 210.58
113.43, 134.65, 83.50, 613.56, 201.62
112.40, 134.51, 84.10, 607.03, 209.86
110.87, 137.27, 81.66, 614.15, 200.61
112.40, 134.51, 84.10, 607.03, 209.86
110.87, 137.27, 81.66, 614.15, 200.61
112.37, 133.45, 85.05, 608.34, 208.08
111.51, 133.37, 86.05, 614.45, 200.11
112.37, 133.45, 85.05, 608.34, 208.08
111.51, 133.37, 86.05, 614.45, 200.11
112.54, 134.30, 84.14, 606.67, 210.18
110.73, 137.00, 81.82, 614.15, 200.61
112.54, 134.30, 84.14, 606.67, 210.18
110.73, 137.00, 81.82, 614.15, 200.61
112.89, 134.62, 83.80, 606.67, 210.18
110.94, 137.64, 81.15, 614.15, 200.61
112.94, 134.62, 83.80, 606.67, 210.18
110.94, 137.64, 81.15, 614.15, 200.61
112.52, 134.49, 83.89, 606.63, 210.26
110.18, 137.63, 81.08, 614.15, 200.67
112.52, 134.49, 83.89, 606.63, 210.26
110.18, 137.63, 81.08, 614.15, 200.67
112.86, 134.86, 83.53, 606.65, 210.38
110.72, 137.48, 81.13, 614.01, 201.14
113.26, 134.63, 83.97, 606.32, 210.72
110.72, 137.48, 81.13, 614.01, 201.14
113.45, 134.59, 83.94, 606.28, 210.86
111.37, 137.22, 81.25, 613.94, 201.41
111.89, 134.67, 83.78, 606.86, 210.00
109.83, 135.84, 83.03, 614.05, 200.86
112.23, 134.62, 83.72, 606.82, 210.08
109.96, 135.77, 82.96, 614.04, 200.92
112.23, 134.62, 83.72, 606.82, 210.08
109.96, 135.77, 82.96, 614.04, 200.92
112.45, 134.77, 83.63, 606.86, 210.00
110.19, 136.04, 82.79, 614.05, 200.86
112.50, 134.49, 83.83, 606.86, 210.00
110.21, 135.83, 82.97, 613.95, 200.91
112.75, 134.39, 83.98, 606.96, 209.87
110.66, 135.76, 83.09, 614.02, 200.82
112.72, 134.43, 83.95, 606.96, 209.87
110.56, 135.78, 83.15, 614.12, 200.77
112.74, 134.38, 84.01, 606.96, 209.87
110.67, 135.77, 83.16, 614.12, 200.77
112.65, 134.00, 84.34, 606.96, 209.87
110.62, 135.28, 83.51, 614.12, 200.77
113.47, 134.27, 83.81, 606.76, 210.27
111.75, 135.85, 82.45, 614.06, 201.12
113.46, 134.25, 83.84, 606.76, 210.27
111.75, 135.85, 82.45, 614.06, 201.12
113.27, 133.82, 84.46, 607.00, 209.85
111.66, 134.93, 83.74, 614.07, 200.88
113.27, 133.82, 84.46, 607.00, 209.85
111.66, 134.93, 83.74, 614.07, 200.88
114.25, 133.78, 84.18, 606.98, 210.07
113.16, 134.94, 83.09, 614.15, 201.14
114.19, 133.77, 84.19, 606.98, 210.07
113.16, 134.94, 83.09, 614.15, 201.14
114.22, 133.70, 84.26, 606.98, 210.07
113.16, 134.94, 83.09, 614.15, 201.14
114.09, 133.70, 84.26, 606.98, 210.07
113.16, 134.94, 83.09, 614.15, 201.14
114.63, 133.21, 85.09, 607.45, 209.16
113.79, 134.38, 84.23, 614.31, 200.38
114.74, 133.04, 85.26, 607.25, 209.29
113.79, 134.38, 84.23, 614.31, 200.38
114.95, 132.89, 85.23, 607.79, 208.59
113.87, 134.14, 84.33, 614.35, 200.26
114.95, 132.89, 85.23, 607.79, 208.59
113.87, 134.14, 84.33, 614.35, 200.26
114.83, 133.36, 85.07, 607.90, 208.13
113.22, 134.62, 84.41, 614.42, 200.09
114.83, 133.36, 85.07, 607.90, 208.13
113.22, 134.62, 84.41, 614.42, 200.09
114.66, 133.00, 85.40, 607.51, 208.42
112.69, 135.59, 83.27, 614.42, 200.09
114.66, 133.00, 85.40, 607.51, 208.42
112.69, 135.59, 83.27, 614.42, 200.09
113.83, 133.59, 84.89, 607.67, 208.11
111.58, 135.75, 83.26, 614.42, 200.09
113.83, 133.59, 84.89, 607.67, 208.11
111.58, 135.75, 83.26, 614.42, 200.09
113.83, 133.59, 84.89, 607.67, 208.11
111.58, 135.75, 83.26, 614.42, 200.09
113.83, 133.59, 84.89, 607.67, 208.11
111.58, 135.75, 83.26, 614.42, 200.09
112.95, 134.83, 83.84, 608.12, 207.73
111.36, 136.12, 83.17, 614.42, 200.09
112.61, 134.52, 84.08, 607.99, 207.99
111.21, 136.33, 82.79, 614.42, 200.09
112.57, 134.57, 84.10, 607.99, 207.99
111.13, 136.41, 82.82, 614.42, 200.09
112.61, 134.52, 84.08, 607.99, 207.99
111.21, 136.33, 82.79, 614.42, 200.09
113.05, 134.02, 84.52, 607.46, 208.50
111.66, 135.75, 83.32, 614.35, 200.26
113.05, 134.02, 84.52, 607.46, 208.50
111.66, 135.75, 83.32, 614.35, 200.26
113.14, 134.02, 84.47, 607.46, 208.50
111.82, 135.75, 83.24, 614.35, 200.26
113.09, 134.00, 84.53, 607.46, 208.50
111.72, 135.71, 83.34, 614.35, 200.26
112.99, 135.12, 83.27, 607.45, 208.53
112.07, 135.65, 83.43, 614.31, 200.38
113.01, 134.95, 83.32, 607.45, 208.53
112.12, 135.34, 83.53, 614.31, 200.38
113.01, 134.95, 83.32, 607.45, 208.53
112.12, 135.34, 83.53, 614.31, 200.38
113.01, 134.95, 83.32, 607.45, 208.53
112.12, 135.34, 83.53, 614.31, 200.38
112.93, 134.94, 83.31, 607.45, 208.53
112.05, 135.34, 83.49, 614.31, 200.38
113.11, 134.93, 83.31, 607.45, 208.53
112.29, 135.31, 83.51, 614.31, 200.38
113.54, 135.19, 83.13, 607.29, 208.78
111.91, 135.84, 83.25, 614.31, 200.38
113.61, 134.91, 83.28, 607.29, 208.78
112.04, 135.35, 83.53, 614.31, 200.38
113.94, 135.37, 82.61, 607.29, 208.78
112.44, 135.98, 82.61, 614.31, 200.38
113.87, 135.39, 82.61, 607.29, 208.78
112.44, 135.98, 82.61, 614.31, 200.38
113.64, 135.68, 82.36, 607.33, 208.70
112.05, 136.49, 82.16, 614.33, 200.31
113.64, 135.67, 82.36, 607.33, 208.70
112.05, 136.47, 82.15, 614.33, 200.31
113.89, 135.59, 82.40, 607.33, 208.70
112.35, 136.63, 81.88, 614.33, 200.31
114.43, 135.57, 82.38, 607.29, 208.78
113.06, 137.06, 81.40, 614.31, 200.38
114.43, 135.57, 82.38, 607.29, 208.78
113.06, 137.06, 81.40, 614.31, 200.38
114.43, 135.57, 82.38, 607.29, 208.78
113.06, 137.06, 81.40, 614.31, 200.38
114.88, 135.17, 82.93, 607.29, 208.78
113.09, 137.02, 81.44, 614.31, 200.38
114.87, 135.19, 82.90, 607.29, 208.78
113.06, 137.06, 81.40, 614.31, 200.38
112.78, 135.99, 82.80, 606.98, 209.85
111.20, 137.49, 81.45, 613.86, 201.16
112.78, 135.99, 82.80, 606.98, 209.85
111.20, 137.49, 81.45, 613.86, 201.16
113.01, 135.96, 83.01, 606.28, 210.71
111.40, 137.37, 81.97, 613.94, 201.41
113.01, 135.96, 83.01, 606.28, 210.71
111.40, 137.37, 81.97, 613.94, 201.41
111.05, 136.32, 83.26, 613.16, 201.32
113.70, 135.99, 82.69, 606.02, 210.34
111.78, 138.45, 79.61, 613.19, 201.78
114.31, 136.68, 80.91, 605.97, 210.67
112.98, 134.52, 83.63, 612.82, 201.29
114.48, 133.06, 85.00, 605.43, 210.16
112.98, 134.52, 83.63, 612.82, 201.29
114.48, 133.06, 85.00, 605.43, 210.16
111.61, 134.32, 83.55, 612.70, 201.01
114.63, 132.24, 85.51, 604.80, 210.49
111.61, 134.32, 83.55, 612.70, 201.01
114.63, 132.24, 85.51, 604.80, 210.49
110.87, 137.25, 81.74, 611.96, 199.45
114.57, 132.19, 86.25, 603.57, 210.12
110.87, 137.25, 81.74, 611.96, 199.45
114.57, 132.19, 86.25, 603.57, 210.12
112.52, 137.30, 81.52, 611.39, 198.95
113.75, 134.21, 84.34, 604.10, 208.11
112.52, 137.30, 81.52, 611.39, 198.95
113.75, 134.21, 84.34, 604.10, 208.11
114.29, 132.19, 86.51, 603.05, 208.33
112.10, 134.95, 84.34, 611.02, 198.83
114.29, 132.19, 86.51, 603.05, 208.33
112.10, 134.95, 84.34, 611.02, 198.83
114.64, 134.06, 83.92, 603.26, 207.28
112.71, 135.90, 82.82, 610.57, 198.21
114.64, 134.06, 83.92, 603.26, 207.28
112.71, 135.90, 82.82, 610.57, 198.21
115.05, 135.63, 82.89, 603.04, 207.12
113.85, 137.07, 81.60, 610.20, 198.33
115.19, 135.63, 82.94, 603.04, 207.12
114.12, 137.07, 81.69, 610.20, 198.33
115.19, 135.63, 82.94, 603.04, 207.12
114.12, 137.07, 81.69, 610.20, 198.33
115.19, 135.63, 82.94, 603.04, 207.12
114.12, 137.07, 81.69, 610.20, 198.33
115.41, 135.60, 82.94, 603.04, 207.12
114.04, 137.12, 81.85, 610.57, 198.21
115.41, 135.60, 82.94, 603.04, 207.12
114.04, 137.12, 81.85, 610.57, 198.21
115.41, 135.60, 82.94, 603.04, 207.12
114.04, 137.12, 81.85, 610.57, 198.21
115.41, 135.60, 82.94, 603.04, 207.12
114.04, 137.12, 81.85, 610.57, 198.21
114.54, 135.65, 82.86, 603.29, 206.97
113.41, 137.05, 81.76, 610.75, 198.27
114.54, 135.65, 82.86, 603.29, 206.97
113.41, 137.05, 81.76, 610.75, 198.27
114.54, 135.65, 82.86, 603.29, 206.97
113.41, 137.05, 81.76, 610.75, 198.27
114.54, 135.65, 82.86, 603.29, 206.97
113.41, 137.05, 81.76, 610.75, 198.27
115.10, 135.48, 82.74, 603.75, 206.78
114.86, 137.05, 81.69, 610.91, 198.26
115.10, 135.48, 82.74, 603.75, 206.78
114.86, 137.05, 81.69, 610.91, 198.26
115.10, 135.48, 82.74, 603.75, 206.78
114.86, 137.05, 81.69, 610.91, 198.26
115.10, 135.48, 82.74, 603.75, 206.78
114.86, 137.05, 81.69, 610.91, 198.26
114.72, 136.36, 82.02, 603.54, 207.01
113.93, 138.09, 80.79, 610.91, 198.26
113.88, 136.69, 81.55, 603.70, 206.86
112.72, 138.11, 80.85, 610.91, 198.26
113.88, 136.69, 81.55, 603.70, 206.86
112.72, 138.11, 80.85, 610.91, 198.26
113.88, 136.69, 81.55, 603.70, 206.86
112.72, 138.11, 80.85, 610.91, 198.26
113.74, 136.93, 81.51, 603.70, 206.86
113.46, 137.98, 81.01, 611.30, 198.09
113.73, 136.92, 81.51, 603.70, 206.86
113.48, 137.96, 81.01, 611.30, 198.09
113.75, 136.91, 81.51, 603.70, 206.86
113.59, 137.95, 81.01, 611.30, 198.09
113.57, 136.93, 81.52, 603.70, 206.86
113.59, 137.95, 81.01, 611.30, 198.09
113.49, 137.26, 81.07, 603.44, 207.05
113.67, 137.77, 81.13, 611.30, 198.09
113.55, 137.34, 81.00, 603.44, 207.05
113.67, 137.77, 81.13, 611.30, 198.09
113.55, 137.34, 81.00, 603.44, 207.05
113.67, 137.77, 81.13, 611.30, 198.09
113.55, 137.34, 81.00, 603.44, 207.05
113.67, 137.77, 81.13, 611.30, 198.09
113.62, 137.33, 81.00, 603.44, 207.05
113.86, 137.74, 81.13, 611.30, 198.09
113.62, 137.33, 81.00, 603.44, 207.05
113.86, 137.74, 81.13, 611.30, 198.09
113.66, 137.33, 81.00, 603.44, 207.05
113.98, 137.74, 81.13, 611.30, 198.09
113.66, 137.33, 81.00, 603.44, 207.05
113.98, 137.74, 81.13, 611.30, 198.09
113.69, 137.75, 80.56, 603.44, 207.05
113.64, 138.40, 80.65, 611.30, 198.09
113.69, 137.75, 80.56, 603.44, 207.05
113.64, 138.40, 80.65, 611.30, 198.09
113.89, 137.76, 80.55, 603.44, 207.05
113.98, 138.40, 80.65, 611.30, 198.09
113.62, 137.78, 80.55, 603.44, 207.05
113.64, 138.40, 80.65, 611.30, 198.09
113.73, 138.06, 80.25, 603.70, 206.86
113.86, 138.44, 80.65, 611.30, 198.09
113.73, 138.06, 80.25, 603.70, 206.86
113.86, 138.44, 80.65, 611.30, 198.09
113.73, 138.03, 80.26, 603.70, 206.86
113.95, 138.37, 80.64, 611.30, 198.09
113.69, 138.07, 80.24, 603.70, 206.86
113.95, 138.37, 80.64, 611.30, 198.09
114.49, 137.31, 80.99, 603.48, 206.94
114.63, 138.84, 80.13, 611.30, 198.09
114.47, 137.36, 80.95, 603.48, 206.94
114.63, 138.84, 80.13, 611.30, 198.09
114.45, 136.78, 81.53, 603.24, 207.12
114.88, 138.29, 80.69, 611.30, 198.09
114.40, 136.79, 81.57, 603.24, 207.12
114.86, 138.35, 80.69, 611.30, 198.09
114.53, 136.87, 81.43, 603.24, 207.12
115.19, 138.20, 80.80, 611.30, 198.09
114.53, 136.87, 81.43, 603.24, 207.12
115.19, 138.20, 80.80, 611.30, 198.09
114.44, 136.64, 81.76, 603.24, 207.12
114.95, 137.69, 81.57, 611.30, 198.09
114.84, 135.97, 82.43, 603.23, 207.31
115.20, 136.92, 82.66, 611.16, 198.45
114.84, 135.97, 82.43, 603.23, 207.31
115.20, 136.92, 82.66, 611.16, 198.45
114.84, 135.97, 82.43, 603.23, 207.31
115.20, 136.92, 82.66, 611.16, 198.45
114.84, 135.97, 82.43, 603.23, 207.31
115.20, 136.92, 82.66, 611.16, 198.45
114.84, 135.97, 82.43, 603.23, 207.31
115.20, 136.92, 82.66, 611.16, 198.45
114.84, 135.97, 82.43, 603.23, 207.31
115.20, 136.92, 82.66, 611.16, 198.45
114.84, 135.97, 82.43, 603.23, 207.31
115.20, 136.92, 82.66, 611.16, 198.45
114.84, 135.97, 82.43, 603.23, 207.31
115.20, 136.92, 82.66, 611.16, 198.45
114.84, 135.97, 82.43, 603.23, 207.31
115.20, 136.92, 82.66, 611.16, 198.45
114.84, 135.97, 82.43, 603.23, 207.31
115.20, 136.92, 82.66, 611.16, 198.45
114.84, 135.97, 82.43, 603.23, 207.31
115.20, 136.92, 82.66, 611.16, 198.45
114.84, 135.97, 82.43, 603.23, 207.31
115.20, 136.92, 82.66, 611.16, 198.45
114.84, 135.97, 82.43, 603.23, 207.31
115.20, 136.92, 82.66, 611.16, 198.45
114.87, 136.00, 82.44, 603.23, 207.31
115.26, 137.01, 82.67, 611.16, 198.45
114.72, 135.99, 82.45, 603.23, 207.31
114.89, 136.96, 82.69, 611.16, 198.45
114.71, 136.00, 82.43, 603.23, 207.31
114.88, 137.01, 82.66, 611.16, 198.45
114.47, 135.90, 82.56, 603.23, 207.31
114.40, 137.00, 82.66, 611.16, 198.45
114.41, 135.86, 82.57, 603.23, 207.31
114.40, 137.00, 82.66, 611.16, 198.45
114.32, 135.90, 82.55, 603.23, 207.31
114.40, 137.00, 82.66, 611.16, 198.45
114.32, 135.90, 82.55, 603.23, 207.31
114.40, 137.00, 82.66, 611.16, 198.45
114.32, 135.90, 82.55, 603.23, 207.31
114.40, 137.00, 82.66, 611.16, 198.45
114.52, 135.84, 82.59, 603.23, 207.31
114.64, 136.93, 82.67, 611.16, 198.45
114.50, 135.86, 82.57, 603.23, 207.31
114.64, 136.93, 82.67, 611.16, 198.45
114.50, 135.86, 82.57, 603.23, 207.31
114.64, 136.93, 82.67, 611.16, 198.45
114.50, 135.86, 82.57, 603.23, 207.31
114.64, 136.93, 82.67, 611.16, 198.45
114.08, 135.15, 83.24, 603.08, 207.45
113.39, 136.42, 82.80, 611.16, 198.45
114.08, 135.15, 83.24, 603.08, 207.45
113.39, 136.42, 82.80, 611.16, 198.45
114.08, 135.15, 83.24, 603.08, 207.45
113.39, 136.42, 82.80, 611.16, 198.45
114.08, 135.15, 83.24, 603.08, 207.45
113.39, 136.42, 82.80, 611.16, 198.45
114.31, 135.10, 83.28, 603.08, 207.45
113.45, 136.38, 82.85, 611.16, 198.45
114.30, 135.13, 83.29, 603.08, 207.45
113.29, 136.39, 82.85, 611.16, 198.45
110.30, 136.07, 82.65, 611.44, 197.95
111.12, 135.20, 83.23, 603.86, 205.97
110.30, 136.07, 82.65, 611.44, 197.95
111.12, 135.20, 83.23, 603.86, 205.97
111.79, 132.24, 86.95, 604.58, 202.86
111.32, 134.78, 84.47, 612.36, 195.35
111.79, 132.24, 86.95, 604.58, 202.86
111.32, 134.78, 84.47, 612.36, 195.35
113.68, 134.26, 84.10, 604.91, 200.30
112.39, 136.88, 81.68, 612.65, 194.31
113.68, 134.26, 84.10, 604.91, 200.30
112.39, 136.88, 81.68, 612.65, 194.31
112.83, 131.97, 86.31, 605.07, 195.27
110.06, 138.70, 79.32, 613.77, 191.51
112.80, 131.98, 86.31, 605.07, 195.27
110.06, 138.70, 79.32, 613.77, 191.51
114.69, 133.07, 84.77, 607.53, 189.02
114.33, 130.42, 86.00, 615.50, 190.50
114.63, 133.08, 84.76, 607.53, 189.02
114.33, 130.42, 86.00, 615.50, 190.50
117.08, 129.36, 89.53, 609.46, 182.26
117.01, 128.32, 90.84, 609.46, 182.26
114.65, 130.64, 87.59, 618.35, 176.99
114.65, 130.64, 87.59, 618.35, 176.99
113.14, 130.58, 89.31, 625.28, 171.74
113.14, 130.58, 89.31, 625.28, 171.74
116.09, 132.14, 86.45, 631.71, 167.93
116.09, 132.14, 86.45, 631.71, 167.93
108.97, 132.27, 88.47, 637.09, 164.03
109.11, 132.21, 88.45, 637.09, 164.03
107.56, 133.07, 88.19, 638.22, 161.49
107.56, 133.07, 88.19, 638.22, 161.49
105.67, 133.41, 88.10, 638.33, 160.85
106.87, 136.49, 85.20, 638.39, 163.53
106.87, 136.49, 85.20, 638.39, 163.53
106.87, 136.49, 85.20, 638.39, 163.53
105.23, 136.30, 85.43, 637.03, 163.46
105.23, 136.30, 85.43, 637.03, 163.46
106.99, 135.55, 85.55, 635.20, 163.78
107.71, 135.73, 84.77, 636.64, 165.14
107.36, 136.60, 83.93, 637.10, 165.08
107.36, 136.60, 83.93, 637.10, 165.08
107.74, 135.92, 84.57, 636.59, 164.89
107.12, 136.33, 84.36, 637.10, 165.17
106.77, 137.23, 83.45, 637.59, 165.24
106.96, 136.37, 84.29, 637.10, 165.17
106.96, 136.37, 84.29, 637.10, 165.17
106.96, 136.37, 84.29, 637.10, 165.17
107.53, 137.31, 83.34, 637.10, 165.03
107.45, 137.04, 83.63, 637.15, 165.16
107.68, 137.06, 83.53, 637.15, 165.16
107.47, 137.00, 83.64, 637.15, 165.16
107.73, 136.98, 83.67, 637.15, 165.16
107.73, 136.98, 83.65, 637.15, 165.16
107.88, 136.97, 83.65, 637.15, 165.16
107.75, 136.97, 83.64, 637.15, 165.16
107.76, 136.97, 83.70, 637.15, 165.16
107.81, 136.97, 83.69, 637.15, 165.16
107.83, 136.97, 83.70, 637.15, 165.16
107.81, 136.98, 83.69, 637.15, 165.16
107.69, 137.42, 83.42, 637.12, 165.09
107.65, 137.41, 83.44, 637.12, 165.09
107.66, 137.41, 83.44, 637.12, 165.09
107.63, 137.41, 83.42, 637.12, 165.09
107.08, 137.10, 83.56, 637.01, 165.12
107.02, 137.15, 83.52, 637.01, 165.12
107.04, 137.14, 83.52, 637.01, 165.12
106.95, 137.15, 83.51, 637.01, 165.12
107.06, 137.95, 82.87, 637.01, 165.12
106.20, 139.07, 82.05, 636.64, 164.74
106.20, 139.07, 82.05, 636.64, 164.74
106.20, 139.07, 82.05, 636.64, 164.74
106.36, 139.39, 81.74, 636.64, 164.74
106.36, 139.39, 81.74, 636.64, 164.74
106.53, 139.56, 81.62, 636.64, 164.74
106.36, 139.56, 81.58, 636.64, 164.74
105.61, 140.26, 81.00, 637.18, 164.95
105.54, 140.22, 81.08, 637.18, 164.95
105.57, 140.22, 81.06, 637.18, 164.95
105.52, 140.22, 81.06, 637.18, 164.95
105.54, 140.38, 80.96, 637.18, 164.95
105.50, 140.38, 80.93, 637.18, 164.95
105.40, 140.43, 80.89, 637.18, 164.95
105.39, 140.42, 80.96, 637.18, 164.95
105.38, 140.54, 80.79, 637.18, 164.95
105.31, 140.38, 81.02, 637.18, 164.95
105.39, 140.52, 80.84, 637.18, 164.95
105.10, 140.30, 81.11, 637.18, 164.95
105.22, 140.33, 81.11, 637.18, 164.95
105.26, 140.29, 81.11, 637.18, 164.95
104.80, 139.60, 81.82, 636.25, 163.29
104.80, 139.60, 81.82, 636.25, 163.29
106.02, 135.98, 84.92, 637.28, 163.21
106.02, 135.98, 84.92, 637.28, 163.21
105.73, 136.19, 85.04, 636.58, 161.33
105.73, 136.19, 85.04, 636.58, 161.33
104.79, 135.20, 85.93, 637.43, 160.97
104.79, 135.20, 85.93, 637.43, 160.97
106.95, 134.53, 85.90, 639.28, 160.15
107.19, 134.47, 86.08, 639.07, 159.82
107.20, 132.79, 87.79, 640.15, 158.12
107.20, 132.79, 87.79, 640.15, 158.12
106.69, 134.79, 84.88, 641.24, 157.19
106.69, 134.79, 84.88, 641.24, 157.19
106.73, 133.71, 86.18, 642.27, 155.64
106.73, 133.71, 86.18, 642.27, 155.64
107.64, 132.58, 86.88, 643.07, 152.99
107.64, 132.58, 86.88, 643.07, 152.99
106.71, 133.69, 84.85, 645.89, 152.58
106.71, 133.69, 84.85, 645.89, 152.58
107.10, 134.26, 84.30, 647.43, 149.26
107.10, 134.26, 84.30, 647.43, 149.26
107.50, 130.23, 88.79, 649.19, 147.16
107.50, 130.23, 88.79, 649.19, 147.16
107.10, 127.39, 91.46, 649.44, 146.57
108.15, 130.47, 87.72, 650.32, 144.99
108.24, 130.65, 87.48, 650.32, 144.99
108.74, 130.76, 87.24, 650.27, 145.14
104.81, 133.36, 85.38, 651.04, 146.30
104.81, 133.36, 85.38, 651.04, 146.30
108.83, 129.83, 88.65, 653.66, 142.78
108.83, 129.83, 88.65, 653.66, 142.78
103.95, 136.49, 81.89, 654.83, 137.53
103.95, 136.49, 81.89, 654.83, 137.53
107.05, 135.41, 83.39, 654.40, 140.29
107.05, 135.41, 83.39, 654.40, 140.29
104.35, 132.00, 87.52, 652.93, 140.91
110.85, 134.10, 84.72, 653.41, 140.38
111.04, 133.98, 84.87, 653.41, 140.38
110.80, 134.24, 84.53, 653.41, 139.88
103.56, 136.80, 82.54, 654.28, 137.44
103.56, 136.80, 82.54, 654.28, 137.44
110.70, 133.53, 84.46, 657.86, 132.18
110.70, 133.53, 84.46, 657.86, 132.18
111.24, 134.66, 84.04, 661.42, 130.03
111.24, 134.66, 84.04, 661.42, 130.03
113.27, 137.07, 80.88, 663.93, 130.32
113.27, 137.07, 80.88, 663.93, 130.32
120.03, 136.85, 79.72, 668.69, 124.90
120.03, 136.85, 79.72, 668.69, 124.90
124.09, 132.02, 84.92, 674.23, 112.80
123.19, 135.21, 82.49, 682.24, 97.32
123.21, 135.19, 82.51, 682.24, 97.32
123.22, 135.21, 82.49, 682.24, 97.32
124.05, 132.31, 84.99, 686.27, 82.81
124.05, 132.31, 84.99, 686.27, 82.81
119.85, 129.02, 88.61, 686.77, 75.15
119.85, 129.02, 88.61, 686.77, 75.15
116.86, 129.71, 88.38, 685.29, 71.71
116.87, 129.70, 88.38, 685.29, 71.71
117.89, 128.64, 89.65, 683.67, 74.25
117.89, 128.64, 89.65, 683.67, 74.25
115.65, 126.32, 93.13, 680.89, 76.61
115.65, 126.32, 93.13, 680.89, 76.61
116.74, 129.42, 89.74, 677.55, 73.94
116.74, 129.42, 89.74, 677.55, 73.94
112.40, 124.96, 94.85, 675.85, 70.80
112.40, 124.96, 94.85, 675.85, 70.80
111.79, 125.07, 94.65, 678.54, 68.80
111.49, 122.37, 98.96, 676.74, 69.26
109.24, 122.24, 99.17, 680.00, 67.34
109.24, 122.24, 99.17, 680.00, 67.34
102.20, 126.05, 95.79, 681.52, 65.01
102.20, 126.05, 95.79, 681.52, 65.01
103.33, 125.07, 96.29, 681.48, 63.52
103.33, 125.07, 96.29, 681.48, 63.52
100.37, 128.78, 92.35, 681.20, 61.63
100.37, 128.78, 92.35, 681.20, 61.63
97.83, 126.77, 93.92, 681.29, 60.31
97.83, 126.77, 93.92, 681.29, 60.31
91.37, 129.93, 90.80, 683.93, 57.30
91.37, 129.93, 90.80, 683.93, 57.30
92.40, 128.19, 92.63, 684.47, 55.79
92.40, 128.19, 92.63, 684.47, 55.79
88.63, 131.43, 90.04, 683.95, 56.00
88.63, 131.43, 90.04, 683.95, 56.00
85.60, 132.51, 89.79, 682.90, 56.29
85.60, 132.51, 89.79, 682.90, 56.29
84.11, 131.17, 91.36, 681.12, 57.09
84.11, 131.17, 91.36, 681.12, 57.09
82.81, 130.40, 94.36, 678.88, 60.33
82.81, 130.40, 94.36, 678.88, 60.33
81.13, 128.14, 98.38, 674.19, 61.55
81.13, 128.14, 98.38, 674.19, 61.55
74.70, 130.48, 98.53, 663.92, 64.08
74.70, 130.48, 98.53, 663.92, 64.08
104.51, 131.84, 89.85, 614.47, 122.19
104.51, 131.84, 89.85, 614.47, 122.19
101.33, 132.58, 88.93, 617.26, 115.44
102.77, 133.93, 88.12, 617.10, 115.02
102.77, 133.93, 88.12, 617.10, 115.02
102.77, 133.93, 88.12, 617.10, 115.02
106.35, 127.38, 93.52, 615.26, 118.84
106.35, 127.38, 93.52, 615.26, 118.84
108.50, 127.99, 92.06, 615.85, 122.29
108.50, 127.99, 92.06, 615.85, 122.29
107.35, 125.47, 95.17, 619.50, 121.53
107.35, 125.47, 95.17, 619.50, 121.53
104.27, 130.03, 90.38, 620.79, 120.11
103.63, 132.33, 87.79, 619.83, 119.24
103.63, 132.33, 87.79, 619.83, 119.24
103.63, 132.33, 87.79, 619.83, 119.24
105.30, 127.28, 92.87, 618.59, 117.35
105.36, 133.97, 86.28, 620.49, 113.16
105.36, 133.97, 86.28, 620.49, 113.16
105.36, 133.97, 86.28, 620.49, 113.16
108.85, 126.01, 93.36, 623.32, 108.07
106.21, 132.54, 86.45, 622.98, 106.44
106.21, 132.54, 86.45, 622.98, 106.44
106.21, 132.54, 86.45, 622.98, 106.44
105.07, 130.88, 89.07, 626.36, 104.73
103.46, 131.43, 89.87, 625.93, 104.87
102.79, 133.50, 92.63, 626.56, 104.49
100.13, 131.58, 91.24, 629.74, 103.40
100.13, 131.58, 91.24, 629.74, 103.40
100.13, 131.58, 91.24, 629.74, 103.40
99.80, 134.74, 89.51, 630.28, 104.78
99.80, 134.74, 89.51, 630.28, 104.78
95.57, 136.65, 88.80, 631.88, 106.50
95.57, 136.65, 88.80, 631.88, 106.50
100.02, 132.26, 94.31, 635.54, 110.89
100.02, 132.26, 94.31, 635.54, 110.89
106.22, 131.34, 91.46, 636.30, 112.63
106.22, 131.34, 91.46, 636.30, 112.63
104.68, 130.26, 93.80, 636.20, 113.88
111.58, 128.66, 94.04, 640.64, 122.70
111.58, 128.66, 94.04, 640.64, 122.70
111.58, 128.66, 94.04, 640.64, 122.70
106.34, 128.98, 91.41, 639.61, 125.61
106.34, 128.98, 91.41, 639.61, 125.61
105.09, 126.66, 92.93, 637.85, 130.98
108.42, 130.92, 88.93, 633.99, 133.41
108.42, 130.92, 88.93, 633.99, 133.41
108.42, 130.92, 88.93, 633.99, 133.41
108.92, 129.43, 91.72, 630.82, 132.09
107.46, 129.29, 91.98, 624.00, 134.83
107.46, 129.29, 91.98, 624.00, 134.83
107.46, 129.29, 91.98, 624.00, 134.83
103.97, 132.19, 87.08, 620.06, 134.17
103.97, 132.19, 87.08, 620.06, 134.17
105.09, 134.86, 84.47, 618.09, 135.18
105.09, 134.86, 84.47, 618.09, 135.18
107.92, 135.20, 82.44, 611.18, 135.59
107.92, 135.20, 82.44, 611.18, 135.59
109.31, 125.48, 93.80, 601.07, 135.06
109.31, 125.48, 93.80, 601.07, 135.06
102.25, 131.88, 88.98, 589.00, 128.25
103.90, 127.81, 92.28, 588.88, 122.97
103.72, 127.86, 92.28, 588.88, 122.97
103.90, 127.81, 92.28, 588.88, 122.97
111.17, 129.31, 90.00, 593.34, 116.75
111.15, 129.31, 90.00, 593.34, 116.75
108.75, 120.00, 99.00, 582.50, 107.50
106.39, 127.03, 92.79, 599.38, 111.74
99.12, 123.41, 105.53, 585.12, 99.53
102.81, 129.78, 92.19, 603.13, 105.72
99.47, 122.88, 105.53, 585.12, 99.53
103.38, 129.62, 92.22, 603.13, 105.72
99.00, 122.88, 105.53, 585.12, 99.53
103.60, 129.62, 92.26, 603.13, 105.72
107.50, 130.60, 92.47, 611.87, 101.83
107.50, 130.60, 92.47, 611.87, 101.83
93.83, 125.76, 95.80, 644.53, 36.60
93.83, 125.76, 95.80, 644.53, 36.60
91.15, 135.39, 85.48, 652.52, 21.24
91.15, 135.39, 85.48, 652.52, 21.24
114.45, 138.40, 80.89, 657.72, 14.79
114.45, 138.40, 80.89, 657.72, 14.79
136.94, 137.63, 83.50, 659.27, 15.57
137.57, 137.55, 83.37, 659.14, 16.07
138.47, 135.44, 85.19, 657.54, 23.31
118.66, 136.32, 86.29, 651.82, 40.13
118.70, 136.32, 86.29, 651.82, 40.13
118.81, 136.19, 86.39, 651.82, 40.13
94.75, 130.78, 90.93, 657.21, 42.63
94.75, 130.78, 90.93, 657.21, 42.63
90.29, 127.78, 93.88, 660.72, 46.64
90.29, 127.78, 93.88, 660.72, 46.64
94.85, 127.48, 92.24, 669.86, 35.62
94.85, 127.48, 92.24, 669.86, 35.62
110.29, 125.31, 93.56, 671.54, 33.52
120.08, 129.78, 88.46, 666.46, 33.32
120.08, 129.78, 88.46, 666.46, 33.32
120.08, 129.78, 88.46, 666.46, 33.32
113.00, 130.17, 88.66, 661.35, 45.54
109.89, 132.91, 86.44, 659.78, 52.69
109.45, 133.05, 86.29, 659.78, 52.85
109.45, 133.02, 86.30, 659.78, 52.85
108.56, 133.00, 87.24, 657.00, 59.22
108.56, 133.00, 87.24, 657.00, 59.22
107.79, 134.67, 85.83, 654.15, 68.39
107.79, 134.67, 85.83, 654.15, 68.39
101.06, 132.61, 88.04, 651.27, 76.18
101.06, 132.61, 88.04, 651.27, 76.18
88.74, 124.94, 105.43, 644.29, 80.14
88.74, 124.94, 105.43, 644.29, 80.14
95.36, 126.14, 100.86, 648.55, 104.95
102.24, 128.33, 92.58, 642.83, 105.82
102.35, 128.19, 92.68, 642.83, 105.82
102.24, 128.33, 92.58, 642.83, 105.82
109.67, 127.43, 90.42, 641.68, 114.82
109.67, 127.43, 90.42, 641.68, 114.82
111.21, 128.74, 88.14, 644.23, 130.10
121.50, 127.12, 90.24, 637.47, 145.95
121.50, 127.12, 90.24, 637.47, 145.95
121.50, 127.12, 90.24, 637.47, 145.95
115.07, 128.57, 88.84, 642.52, 159.82
115.07, 128.57, 88.84, 642.52, 159.82
114.15, 129.59, 87.50, 643.33, 169.13
114.76, 129.27, 88.31, 642.33, 178.40
114.88, 129.12, 88.39, 642.33, 178.40
114.76, 129.27, 88.31, 642.33, 178.40
113.72, 129.56, 88.07, 646.20, 187.88
113.72, 129.56, 88.07, 646.20, 187.88
112.74, 128.93, 88.81, 645.80, 196.04
112.74, 128.93, 88.81, 645.80, 196.04
113.70, 130.49, 87.22, 648.31, 204.32
111.79, 132.51, 85.49, 649.09, 210.94
111.82, 132.47, 85.49, 649.09, 210.94
111.79, 132.51, 85.49, 649.09, 210.94
110.22, 132.88, 85.26, 648.36, 216.80
110.22, 132.88, 85.26, 648.36, 216.80
109.28, 134.73, 83.44, 646.93, 222.25
108.81, 135.57, 83.10, 634.46, 217.04
109.28, 134.73, 83.44, 646.93, 222.25
108.81, 135.57, 83.10, 634.46, 217.04
116.86, 135.10, 82.89, 646.67, 228.97
119.76, 127.06, 90.71, 630.53, 222.41
116.86, 135.10, 82.89, 646.67, 228.97
119.76, 127.06, 90.71, 630.53, 222.41
121.08, 136.61, 81.66, 644.99, 234.57
119.94, 137.56, 80.93, 632.32, 230.65
121.08, 136.61, 81.66, 644.99, 234.57
119.94, 137.56, 80.93, 632.32, 230.65
121.76, 136.30, 82.29, 644.46, 240.56
120.45, 135.86, 82.99, 632.48, 235.04
121.82, 137.64, 82.29, 644.03, 240.35
120.83, 137.61, 82.71, 632.48, 234.97
118.60, 136.59, 83.43, 642.62, 247.29
117.79, 135.67, 84.63, 631.96, 241.57
123.59, 137.17, 82.51, 642.80, 256.30
120.56, 138.51, 81.07, 638.26, 253.50
123.59, 137.17, 82.51, 642.80, 256.30
120.56, 138.51, 81.07, 638.26, 253.50
123.59, 137.17, 82.51, 642.80, 256.30
120.56, 138.51, 81.07, 638.26, 253.50
124.90, 136.31, 84.30, 641.02, 264.10
123.75, 136.01, 85.23, 636.80, 258.98
124.99, 136.19, 84.42, 641.02, 264.10
123.87, 135.84, 85.41, 636.80, 258.98
127.54, 138.73, 82.00, 636.79, 271.47
127.41, 136.50, 82.55, 628.37, 262.43
127.54, 138.73, 82.00, 636.79, 271.47
127.41, 136.50, 82.55, 628.37, 262.43
133.95, 135.88, 85.47, 631.90, 278.22
131.63, 135.73, 84.42, 620.50, 267.56
138.15, 135.69, 85.22, 625.77, 285.05
136.44, 137.63, 84.15, 618.09, 274.05
138.15, 135.69, 85.22, 625.77, 285.05
136.44, 137.63, 84.15, 618.09, 274.05
138.15, 135.69, 85.22, 625.77, 285.05
136.44, 137.63, 84.15, 618.09, 274.05
138.78, 136.07, 84.98, 620.02, 291.05
137.94, 137.53, 84.12, 612.68, 279.16
142.60, 137.13, 83.22, 613.17, 295.42
144.54, 137.81, 83.07, 606.78, 281.47
142.60, 137.13, 83.22, 613.17, 295.42
144.54, 137.81, 83.07, 606.78, 281.47
142.60, 137.13, 83.22, 613.17, 295.42
144.54, 137.81, 83.07, 606.78, 281.47
142.95, 136.90, 83.27, 604.96, 299.14
143.63, 135.76, 84.65, 598.73, 288.59
143.12, 136.98, 83.23, 604.96, 299.14
143.94, 135.92, 84.58, 598.73, 288.59
143.21, 135.55, 84.57, 595.85, 303.55
142.62, 135.55, 84.62, 595.66, 302.94
143.21, 135.55, 84.57, 595.85, 303.55
142.62, 135.55, 84.62, 595.66, 302.94
142.33, 134.92, 84.33, 586.17, 309.68
142.33, 134.92, 84.33, 586.17, 309.68
141.75, 133.07, 86.02, 576.33, 313.93
141.75, 133.07, 86.02, 576.33, 313.93
141.75, 133.07, 86.02, 576.33, 313.93
141.75, 133.07, 86.02, 576.33, 313.93
141.75, 133.07, 86.02, 576.33, 313.93
141.75, 133.07, 86.02, 576.33, 313.93
140.50, 133.87, 84.84, 567.29, 317.94
140.91, 134.00, 84.79, 569.33, 321.58
140.50, 133.87, 84.84, 567.29, 317.94
140.91, 134.00, 84.79, 569.33, 321.58
141.25, 133.15, 84.85, 556.71, 322.90
143.06, 131.87, 86.52, 560.59, 331.51
141.25, 133.15, 84.85, 556.71, 322.90
143.06, 131.87, 86.52, 560.59, 331.51
141.31, 135.17, 83.76, 544.72, 324.57
154.00, 130.08, 91.58, 551.92, 337.29
141.31, 135.17, 83.76, 544.72, 324.57
154.00, 130.08, 91.58, 551.92, 337.29
140.30, 136.70, 82.80, 532.61, 329.69
149.12, 130.44, 94.12, 539.31, 342.00
140.30, 136.73, 82.80, 532.61, 329.69
149.12, 130.44, 94.12, 539.31, 342.00
134.07, 134.08, 86.57, 521.79, 336.06
131.97, 133.73, 84.77, 511.35, 339.31
131.96, 133.73, 84.77, 511.35, 339.31
131.97, 133.73, 84.77, 511.35, 339.31
129.12, 132.52, 86.54, 501.39, 339.26
128.13, 134.76, 85.49, 491.07, 340.84
128.13, 134.76, 85.49, 491.07, 340.84
128.13, 134.76, 85.49, 491.07, 340.84
128.17, 134.35, 84.80, 487.41, 337.77
120.32, 138.34, 87.49, 474.46, 345.50
120.31, 138.34, 87.49, 474.46, 345.50
119.77, 138.41, 87.92, 473.77, 346.17
119.38, 138.51, 89.48, 468.41, 347.40
114.43, 140.75, 92.56, 459.15, 351.84
114.01, 140.95, 93.37, 457.72, 353.08
114.09, 140.87, 93.36, 457.84, 353.02
112.91, 140.39, 95.12, 455.39, 353.77
107.78, 141.43, 97.66, 447.76, 356.28
107.80, 141.41, 97.66, 447.76, 356.28
107.79, 141.42, 97.62, 447.85, 356.18
112.86, 139.71, 92.56, 455.76, 350.86
108.50, 140.79, 90.65, 456.23, 354.43
108.60, 140.77, 90.59, 456.34, 354.41
108.50, 140.79, 90.65, 456.23, 354.43
108.32, 140.32, 90.42, 453.15, 353.58
107.66, 140.36, 90.62, 452.61, 353.77
103.02, 141.79, 89.99, 448.24, 353.24
113.36, 140.62, 86.27, 452.95, 346.88
117.23, 137.50, 86.88, 451.33, 344.77
114.82, 138.59, 86.96, 445.35, 343.52
114.85, 138.59, 86.96, 445.36, 343.53
115.65, 138.50, 86.54, 445.84, 342.80
110.44, 140.88, 91.54, 430.02, 346.83
110.51, 140.85, 91.47, 430.12, 347.02
110.87, 140.14, 94.54, 421.78, 349.15
112.07, 140.48, 94.16, 416.68, 353.50
112.08, 140.48, 94.16, 416.68, 353.50
112.06, 140.48, 94.16, 416.68, 353.50
103.63, 141.20, 97.78, 406.02, 354.18
105.46, 139.54, 94.92, 406.52, 349.29
104.88, 139.52, 94.60, 406.67, 349.00
104.96, 139.46, 94.42, 406.95, 348.80
105.62, 139.50, 93.40, 405.02, 345.91
105.44, 139.47, 93.44, 405.02, 345.91
105.91, 138.88, 93.71, 402.48, 343.96
116.73, 139.99, 84.91, 408.82, 333.43
116.73, 139.99, 84.91, 408.82, 333.43
116.73, 139.99, 84.91, 408.82, 333.43
119.15, 137.42, 84.52, 409.94, 328.51
117.88, 139.86, 81.49, 409.81, 325.43
117.88, 139.86, 81.49, 409.81, 325.43
117.88, 139.86, 81.49, 409.81, 325.43
116.49, 140.88, 81.21, 406.17, 322.11
116.48, 140.88, 81.21, 406.17, 322.11
106.64, 143.07, 88.91, 395.30, 317.25
102.29, 142.39, 94.62, 392.77, 323.80
102.31, 142.43, 94.56, 392.77, 323.80
102.10, 142.35, 94.64, 392.83, 323.86
100.92, 143.99, 94.11, 389.71, 319.41
100.27, 143.68, 94.95, 388.82, 317.91
100.31, 143.76, 94.82, 388.93, 318.01
100.22, 143.71, 94.93, 388.82, 317.91
103.26, 142.11, 94.92, 389.67, 316.50
103.01, 142.14, 95.04, 389.54, 316.84
98.80, 144.25, 96.95, 385.03, 319.18
98.80, 144.21, 97.00, 385.03, 319.18
97.85, 144.13, 98.76, 383.79, 322.30
96.87, 144.58, 100.46, 381.74, 327.56
96.80, 144.58, 100.46, 381.74, 327.56
96.81, 144.58, 100.46, 381.74, 327.56
95.24, 144.53, 101.92, 380.30, 333.23
95.28, 145.07, 101.67, 376.54, 330.95
95.31, 144.96, 101.64, 376.87, 331.72
95.31, 144.93, 101.66, 376.89, 331.74
96.14, 144.96, 101.59, 373.33, 331.45
96.14, 144.96, 101.59, 373.33, 331.45
96.58, 144.81, 102.04, 368.96, 334.28
96.58, 144.80, 102.03, 368.96, 334.28
98.35, 144.94, 100.42, 367.85, 337.57
96.98, 144.71, 99.46, 364.01, 340.93
96.96, 144.72, 99.45, 364.01, 340.93
92.03, 145.42, 100.08, 357.08, 339.47
92.05, 145.43, 100.07, 357.08, 339.58
92.03, 145.41, 100.08, 357.08, 339.47
91.55, 145.16, 98.70, 352.68, 336.28
91.56, 145.14, 98.70, 352.68, 336.28
95.41, 142.85, 95.10, 351.85, 326.37
98.07, 142.17, 94.46, 353.87, 323.75
102.88, 141.51, 88.89, 351.94, 316.87
102.88, 141.51, 88.89, 351.94, 316.87
99.64, 143.88, 94.06, 344.33, 310.47
99.65, 143.88, 93.99, 344.30, 310.52
94.16, 146.01, 99.33, 337.29, 305.45
94.16, 145.99, 99.39, 337.25, 305.49
91.30, 147.45, 100.46, 333.44, 300.68
91.32, 147.43, 100.43, 333.26, 300.75
90.88, 147.04, 101.42, 333.59, 298.66
90.82, 147.06, 101.43, 333.59, 298.60
91.29, 147.02, 100.97, 333.76, 294.02
91.28, 147.01, 100.96, 333.76, 294.01
90.92, 146.70, 99.96, 324.34, 286.57
90.99, 146.70, 99.90, 323.98, 285.87
90.00, 147.77, 98.65, 320.54, 282.09
90.04, 147.82, 98.54, 320.63, 282.09
91.84, 146.16, 96.71, 316.54, 278.63
91.84, 146.16, 96.71, 316.54, 278.63
91.66, 146.03, 96.21, 316.36, 280.87
91.60, 146.10, 96.24, 316.36, 280.87
93.11, 143.70, 96.91, 309.18, 275.32
93.06, 143.65, 96.94, 309.14, 275.23
90.91, 145.00, 98.59, 301.99, 273.55
90.79, 144.92, 98.63, 302.19, 273.39
91.71, 143.92, 98.51, 298.09, 283.66
91.74, 143.92, 98.52, 298.09, 283.66
96.20, 142.60, 96.75, 294.44, 282.28
96.21, 142.59, 96.77, 294.44, 282.28
94.40, 143.92, 95.43, 295.20, 275.55
94.40, 143.90, 95.45, 295.20, 275.55
78.97, 149.36, 104.94, 357.07, 333.26
93.34, 143.45, 94.12, 300.44, 269.31
78.89, 149.37, 104.92, 357.07, 333.26
93.34, 143.45, 94.12, 300.44, 269.31
78.76, 150.35, 104.81, 349.91, 337.84
94.94, 140.89, 92.73, 305.66, 252.45
92.84, 140.56, 94.31, 304.35, 249.03
92.95, 140.57, 94.32, 304.35, 249.03
92.84, 140.56, 94.31, 304.35, 249.03
96.66, 139.65, 92.46, 308.61, 234.65
90.66, 141.99, 94.84, 306.77, 234.98
92.96, 141.45, 93.37, 306.37, 231.01
90.66, 141.99, 94.84, 306.77, 234.98
101.13, 137.79, 87.60, 316.14, 208.88
101.13, 137.79, 87.60, 316.14, 208.88
105.42, 136.33, 85.58, 320.69, 195.38
105.42, 136.33, 85.58, 320.69, 195.38
108.48, 135.08, 85.76, 325.17, 184.88
108.48, 135.08, 85.76, 325.17, 184.88
103.23, 138.98, 81.74, 329.64, 178.11
103.23, 138.98, 81.74, 329.64, 178.11
106.35, 134.70, 87.54, 333.27, 170.61
105.71, 135.33, 85.46, 333.38, 170.73
105.93, 131.01, 89.92, 337.63, 164.78
106.84, 133.49, 85.77, 341.85, 158.75
106.84, 133.49, 85.77, 341.85, 158.75
106.84, 133.49, 85.77, 341.85, 158.75
102.34, 134.54, 84.79, 347.81, 153.70
103.88, 133.03, 85.74, 353.12, 150.79
103.88, 133.03, 85.74, 353.12, 150.79
103.88, 133.03, 85.74, 353.12, 150.79
102.99, 135.29, 84.76, 358.35, 144.89
102.30, 136.54, 83.98, 358.05, 144.12
104.35, 133.10, 87.15, 362.59, 144.66
104.35, 133.10, 87.15, 362.59, 144.66
104.92, 129.85, 89.57, 369.33, 141.55
104.92, 131.85, 86.78, 374.57, 141.45
104.98, 131.81, 86.83, 374.57, 141.45
104.94, 131.78, 86.83, 374.57, 141.45
107.52, 131.60, 86.46, 379.41, 144.34
107.52, 131.60, 86.46, 379.41, 144.34
81.53, 149.21, 104.83, 322.52, 259.98
105.90, 129.18, 88.88, 385.54, 147.31
81.52, 149.22, 104.83, 322.52, 259.98
106.53, 128.60, 89.51, 385.77, 146.89
82.48, 146.36, 106.92, 328.16, 253.47
104.11, 134.24, 84.74, 388.98, 151.30
82.52, 146.37, 106.95, 327.77, 253.52
104.11, 134.24, 84.74, 388.98, 151.30
120.49, 125.31, 91.53, 399.19, 148.82
120.63, 125.24, 91.57, 399.19, 148.82
88.87, 127.08, 96.58, 445.10, 4.95
88.87, 127.08, 96.58, 445.10, 4.95
88.87, 127.08, 96.58, 445.10, 4.95
49.65, 134.87, 99.84, 459.39, 102.79
50.25, 134.81, 99.42, 466.30, 92.96
50.25, 134.81, 99.42, 466.30, 92.96
50.25, 134.81, 99.42, 466.30, 92.96
50.25, 134.81, 99.42, 466.30, 92.96
50.25, 134.81, 99.42, 466.30, 92.96
50.25, 134.81, 99.42, 466.30, 92.96
48.02, 133.71, 100.48, 469.45, 87.31
46.31, 135.01, 99.61, 463.58, 89.04
47.99, 135.07, 100.19, 469.08, 89.32
47.70, 135.57, 99.88, 465.73, 90.62
47.99, 135.07, 100.19, 469.08, 89.32
47.70, 135.57, 99.88, 465.73, 90.62
47.99, 135.07, 100.19, 469.08, 89.32
47.70, 135.57, 99.88, 465.73, 90.62
46.05, 135.34, 100.51, 460.80, 97.98
46.05, 135.34, 100.51, 460.80, 97.98
108.68, 132.69, 93.17, 466.04, 122.54
109.63, 136.30, 92.35, 457.44, 130.44
122.97, 134.75, 87.59, 467.21, 129.78
120.91, 138.74, 85.22, 455.73, 137.17
122.97, 134.75, 87.59, 467.21, 129.78
120.91, 138.74, 85.22, 455.73, 137.17
122.97, 134.75, 87.59, 467.21, 129.78
120.91, 138.74, 85.22, 455.73, 137.17
131.29, 134.96, 86.18, 473.81, 125.33
129.89, 138.35, 84.82, 461.70, 133.12
131.29, 134.96, 86.18, 473.81, 125.33
129.89, 138.35, 84.82, 461.70, 133.12
123.22, 135.49, 85.34, 479.33, 124.04
116.05, 131.66, 90.52, 483.07, 120.44
125.89, 127.39, 99.61, 468.39, 125.78
116.05, 131.66, 90.52, 483.07, 120.44
125.89, 127.39, 99.61, 468.39, 125.78
116.05, 131.66, 90.52, 483.07, 120.44
125.89, 127.39, 99.61, 468.39, 125.78
116.91, 129.89, 92.76, 484.30, 123.86
123.39, 132.51, 89.21, 487.42, 128.78
123.39, 132.51, 89.21, 487.42, 128.78
123.39, 132.51, 89.21, 487.42, 128.78
131.21, 135.07, 89.02, 487.49, 145.37
131.21, 135.07, 89.02, 487.49, 145.37
133.82, 132.07, 91.71, 492.08, 157.62
133.82, 132.07, 91.71, 492.08, 157.62
139.28, 129.83, 94.30, 483.57, 179.33
138.43, 130.01, 91.45, 496.78, 174.24
139.28, 129.83, 94.30, 483.57, 179.33
138.43, 130.01, 91.45, 496.78, 174.24
127.20, 130.53, 91.50, 498.87, 187.09
127.82, 129.90, 93.60, 489.26, 192.64
127.20, 130.53, 91.50, 498.87, 187.09
127.82, 129.90, 93.60, 489.26, 192.64
116.18, 130.86, 90.46, 503.50, 197.73
115.27, 130.86, 91.99, 494.23, 205.36
116.18, 130.86, 90.46, 503.50, 197.73
115.27, 130.86, 91.99, 494.23, 205.36
109.97, 133.13, 88.23, 505.25, 209.23
112.72, 132.67, 90.29, 497.97, 217.15
109.97, 133.13, 88.23, 505.25, 209.23
112.72, 132.67, 90.29, 497.97, 217.15
107.43, 129.58, 90.74, 509.23, 215.04
107.15, 127.90, 93.03, 501.96, 224.93
101.46, 134.93, 87.85, 503.90, 231.27
105.25, 132.40, 89.14, 511.26, 221.48
101.64, 134.49, 88.34, 503.90, 231.27
104.33, 133.63, 87.87, 510.80, 221.86
101.14, 134.68, 88.34, 503.55, 231.82
104.54, 133.22, 88.29, 511.02, 221.67
102.46, 133.52, 87.83, 511.16, 228.10
111.75, 125.00, 95.25, 504.50, 231.50
102.46, 133.52, 87.83, 511.16, 228.10
111.75, 125.00, 95.25, 504.50, 231.50
116.07, 133.54, 88.55, 514.15, 230.45
116.07, 133.54, 88.55, 514.15, 230.45
124.40, 138.00, 81.60, 529.20, 218.60
127.88, 136.06, 86.58, 518.52, 231.79
124.40, 138.00, 81.60, 529.20, 218.60
127.88, 136.06, 86.58, 518.52, 231.79
136.73, 133.43, 88.53, 524.45, 234.28
136.73, 133.43, 88.53, 524.45, 234.28
133.46, 132.74, 94.97, 537.86, 232.97
134.89, 137.65, 84.76, 530.27, 238.31
133.46, 132.74, 94.97, 537.86, 232.97
134.89, 137.65, 84.76, 530.27, 238.31
125.88, 144.80, 84.96, 535.75, 244.11
125.88, 144.80, 84.96, 535.75, 244.11
155.00, 121.00, 105.50, 528.00, 240.00
117.33, 136.06, 86.31, 539.19, 248.98
155.00, 121.00, 105.50, 528.00, 240.00
117.33, 136.06, 86.31, 539.19, 248.98
114.64, 136.09, 86.60, 541.91, 249.51
114.64, 136.09, 86.60, 541.91, 249.51
116.23, 136.15, 86.54, 541.49, 249.62
115.84, 137.41, 84.77, 538.77, 249.83
115.84, 137.41, 84.77, 538.77, 249.83
115.84, 137.41, 84.77, 538.77, 249.83
118.27, 137.22, 84.51, 538.15, 250.10
118.27, 137.22, 84.51, 538.15, 250.10
117.34, 136.87, 84.90, 539.88, 250.22
117.84, 136.80, 84.92, 539.88, 250.22
117.75, 136.74, 84.75, 541.37, 248.86
117.75, 136.74, 84.75, 541.37, 248.86
118.39, 136.62, 86.01, 543.75, 248.12
118.39, 136.62, 86.01, 543.75, 248.12
116.82, 139.56, 82.62, 546.13, 246.88
116.74, 139.58, 82.62, 546.13, 246.88
118.15, 138.61, 84.73, 546.84, 245.55
118.15, 138.61, 84.73, 546.84, 245.55
118.04, 139.08, 83.46, 546.48, 245.50
118.01, 139.08, 83.44, 546.48, 245.50
121.18, 137.49, 85.98, 546.14, 245.59
120.11, 139.34, 83.99, 545.89, 245.92
120.11, 139.34, 83.99, 545.89, 245.92
119.43, 140.09, 82.74, 546.62, 246.23
118.78, 136.20, 87.35, 548.67, 246.49
118.78, 136.20, 87.35, 548.67, 246.49
117.82, 137.93, 84.44, 551.09, 245.22
117.82, 137.93, 84.44, 551.09, 245.22
118.92, 135.34, 87.18, 555.75, 244.77
118.92, 135.34, 87.18, 555.75, 244.77
115.57, 137.25, 85.19, 558.72, 243.95
115.57, 137.25, 85.19, 558.72, 243.95
116.58, 133.46, 88.57, 562.92, 243.02
116.58, 133.46, 88.57, 562.92, 243.02
118.35, 133.46, 87.56, 568.86, 242.64
118.35, 133.46, 87.56, 568.86, 242.64
115.73, 133.48, 87.59, 573.58, 242.03
115.10, 133.86, 87.15, 573.53, 241.90
117.42, 135.88, 85.62, 579.49, 242.92
117.42, 135.88, 85.62, 579.49, 242.92
115.34, 133.01, 87.11, 585.36, 244.05
115.34, 133.01, 87.11, 585.36, 244.05
113.01, 130.46, 90.28, 591.15, 246.87
115.00, 136.01, 84.31, 596.06, 249.83
114.85, 136.06, 84.31, 596.06, 249.83
114.70, 136.06, 84.34, 596.06, 249.83
116.66, 135.21, 84.92, 600.08, 250.95
116.66, 135.21, 84.92, 600.08, 250.95
117.79, 133.29, 87.05, 602.99, 254.37
114.26, 136.05, 85.35, 606.40, 242.40
117.79, 133.29, 87.05, 602.99, 254.37
114.26, 136.05, 85.35, 606.40, 242.40
119.72, 130.57, 89.31, 604.45, 262.69
119.84, 130.90, 88.58, 610.79, 251.16
120.05, 130.91, 88.58, 606.29, 269.48
119.63, 131.18, 87.85, 612.54, 260.36
120.05, 130.91, 88.58, 606.29, 269.48
119.63, 131.18, 87.85, 612.54, 260.36
122.17, 131.91, 85.98, 612.35, 274.15
121.33, 130.88, 88.70, 605.16, 283.24
122.17, 131.91, 85.98, 612.35, 274.15
121.33, 130.88, 88.70, 605.16, 283.24
122.17, 131.91, 85.98, 612.35, 274.15
121.33, 130.88, 88.70, 605.16, 283.24
118.13, 130.01, 89.63, 607.72, 292.62
113.71, 132.90, 86.61, 614.76, 283.98
118.13, 130.01, 89.63, 607.72, 292.62
113.71, 132.90, 86.61, 614.76, 283.98
123.50, 129.15, 90.15, 621.25, 287.25
119.74, 132.26, 87.52, 614.46, 295.75
123.50, 129.15, 90.15, 621.25, 287.25
119.74, 132.26, 87.52, 614.46, 295.75
123.16, 133.31, 89.34, 616.54, 308.57
123.16, 133.31, 89.34, 616.54, 308.57
123.64, 135.47, 89.53, 619.62, 319.76
123.64, 135.47, 89.53, 619.62, 319.76
120.98, 137.28, 89.23, 622.64, 330.75
120.98, 137.28, 89.23, 622.64, 330.75
102.15, 138.53, 86.68, 623.92, 343.83
102.12, 138.53, 86.67, 623.92, 343.83
89.18, 137.63, 88.41, 624.42, 357.23
89.01, 137.82, 88.28, 624.25, 357.35
68.55, 139.12, 90.43, 622.84, 371.11
68.61, 139.12, 90.41, 622.84, 371.11
53.24, 136.57, 98.20, 616.67, 385.25
21.00, 140.00, 100.00, 606.00, 392.50
21.00, 140.00, 100.00, 606.00, 392.50
21.00, 140.00, 100.00, 606.00, 392.50
130.18, 130.22, 90.38, 612.58, 457.53
121.45, 134.38, 86.19, 605.37, 469.71
121.45, 134.38, 86.19, 605.37, 469.71
121.45, 134.38, 86.19, 605.37, 469.71
122.12, 134.84, 87.01, 607.26, 481.11
122.12, 134.84, 87.01, 607.26, 481.11
119.79, 134.19, 88.00, 606.57, 492.26
119.75, 134.20, 87.98, 606.57, 492.26
114.52, 137.42, 85.21, 606.94, 500.13
114.52, 137.42, 85.21, 606.94, 500.13
111.01, 138.05, 84.95, 610.21, 507.77
110.83, 138.32, 84.67, 610.47, 507.88
108.24, 140.02, 83.73, 613.02, 514.96
108.24, 140.02, 83.73, 613.02, 514.96
107.33, 139.56, 84.74, 614.52, 520.88
105.48, 139.77, 84.36, 614.92, 526.32
105.48, 139.77, 84.36, 614.92, 526.32
105.48, 139.77, 84.36, 614.92, 526.32
104.68, 140.00, 84.50, 615.20, 530.82
103.61, 140.34, 84.14, 614.52, 534.17
103.65, 140.26, 84.20, 614.44, 534.14
103.68, 140.26, 84.18, 614.40, 534.12
102.91, 141.37, 83.57, 613.91, 536.86
102.91, 141.37, 83.57, 613.91, 536.86
103.08, 141.87, 82.59, 612.65, 538.43
103.08, 141.87, 82.59, 612.65, 538.43
102.30, 141.49, 83.89, 612.15, 540.18
102.43, 141.28, 84.14, 612.00, 539.92
101.10, 141.27, 83.33, 610.99, 541.79
101.10, 141.27, 83.33, 610.99, 541.79
101.47, 141.20, 83.83, 610.12, 543.02
101.47, 141.20, 83.83, 610.12, 543.02
101.18, 141.28, 83.56, 609.30, 544.46
101.18, 141.28, 83.56, 609.30, 544.46
100.23, 141.59, 83.45, 608.82, 546.29
100.23, 141.59, 83.45, 608.82, 546.29
100.29, 141.37, 83.78, 608.13, 547.50
100.29, 141.37, 83.78, 608.13, 547.50
100.08, 142.15, 82.86, 607.52, 549.02
100.08, 142.15, 82.86, 607.52, 549.02
100.19, 142.28, 82.67, 606.76, 550.13
99.47, 142.58, 82.22, 606.00, 550.89
99.47, 142.58, 82.22, 606.00, 550.89
99.47, 142.58, 82.22, 606.00, 550.89
100.06, 141.26, 83.44, 605.03, 552.26
100.02, 141.24, 83.45, 605.00, 552.21
98.41, 142.50, 82.46, 604.31, 552.87
98.41, 142.50, 82.46, 604.31, 552.87
98.46, 142.26, 82.71, 603.67, 553.73
98.46, 142.26, 82.71, 603.67, 553.73
97.64, 142.40, 82.99, 603.01, 553.95
97.64, 142.40, 82.99, 603.01, 553.95
97.91, 142.26, 82.74, 602.52, 555.44
97.91, 142.26, 82.74, 602.52, 555.44
98.14, 140.83, 84.18, 602.00, 555.79
98.47, 140.92, 84.03, 601.56, 556.37
98.47, 140.92, 84.03, 601.56, 556.37
98.47, 140.92, 84.03, 601.56, 556.37
98.01, 141.45, 83.46, 601.32, 556.14
97.56, 141.99, 82.89, 601.16, 556.42
97.56, 141.99, 82.89, 601.16, 556.42
97.55, 141.55, 83.15, 601.09, 556.36
97.42, 141.11, 84.07, 601.03, 557.06
97.42, 141.11, 84.07, 601.03, 557.06
97.62, 141.17, 83.55, 601.18, 557.38
97.62, 141.17, 83.55, 601.18, 557.38
98.16, 141.75, 83.04, 601.83, 558.06
98.16, 141.75, 83.04, 601.83, 558.06
97.60, 140.83, 83.83, 602.32, 558.84
97.60, 140.83, 83.83, 602.32, 558.84
97.70, 141.23, 83.92, 603.24, 560.10
97.70, 141.23, 83.92, 603.24, 560.10
97.64, 141.25, 83.58, 603.59, 561.24
97.42, 141.38, 83.38, 603.59, 561.24
96.95, 142.00, 82.93, 604.16, 562.56
96.95, 142.00, 82.93, 604.16, 562.56
96.99, 141.37, 83.70, 604.75, 563.48
96.99, 141.37, 83.70, 604.75, 563.48
97.26, 141.77, 83.25, 605.60, 565.00
97.18, 141.74, 83.28, 605.66, 564.91
96.62, 141.91, 82.86, 606.83, 566.68
96.62, 141.91, 82.86, 606.83, 566.68
90.79, 140.35, 84.68, 609.15, 571.34
90.81, 140.35, 84.68, 609.15, 571.34
87.94, 140.84, 84.16, 609.97, 578.68
87.94, 140.84, 84.16, 609.97, 578.68
90.79, 141.44, 83.96, 610.74, 584.79
90.76, 141.37, 84.05, 610.74, 584.79
92.32, 140.81, 84.19, 611.59, 591.78
92.32, 140.81, 84.19, 611.59, 591.78
88.92, 139.04, 86.43, 609.80, 601.64
88.98, 139.15, 86.30, 609.69, 601.78
84.08, 141.26, 84.20, 610.08, 608.61
84.08, 141.26, 84.20, 610.08, 608.61
81.52, 141.46, 84.33, 610.37, 613.74
81.31, 141.56, 83.91, 608.72, 618.71
81.32, 141.56, 83.91, 608.72, 618.71
81.33, 141.54, 83.93, 608.72, 618.71
81.03, 140.54, 85.03, 607.62, 624.32
81.42, 141.36, 84.03, 606.72, 629.48
81.42, 141.36, 84.03, 606.72, 629.48
81.42, 141.36, 84.03, 606.72, 629.48
80.90, 140.88, 84.60, 606.53, 634.44
80.90, 140.88, 84.60, 606.53, 634.44
79.18, 141.95, 83.78, 607.51, 638.76
79.18, 141.95, 83.78, 607.51, 638.76
78.87, 141.65, 84.25, 608.73, 642.85
78.87, 141.74, 84.15, 608.73, 642.85
78.16, 142.50, 83.44, 609.13, 647.19
78.16, 142.50, 83.44, 609.13, 647.19
76.50, 142.69, 83.60, 609.07, 651.51
76.50, 142.69, 83.60, 609.07, 651.51
75.86, 143.03, 83.38, 608.44, 656.07
75.86, 143.03, 83.38, 608.44, 656.07
74.22, 142.19, 84.42, 606.36, 660.09
74.21, 142.18, 84.42, 606.43, 660.08
74.35, 142.73, 83.91, 605.58, 664.28
74.34, 142.65, 83.99, 605.53, 664.24
73.00, 141.44, 85.42, 603.28, 668.52
73.02, 141.66, 85.20, 603.31, 668.56
73.16, 141.30, 85.57, 600.37, 672.38
73.23, 141.57, 85.16, 600.34, 672.31
76.88, 138.44, 88.31, 587.50, 662.38
72.62, 141.91, 84.91, 596.51, 675.64
73.36, 143.48, 83.66, 586.10, 668.01
72.18, 142.70, 84.22, 591.02, 676.03
73.36, 143.48, 83.66, 586.10, 668.01
72.18, 142.70, 84.22, 591.02, 676.03
73.36, 143.48, 83.66, 586.10, 668.01
72.18, 142.70, 84.22, 591.02, 676.03
71.90, 142.49, 84.86, 586.63, 672.20
72.10, 142.39, 85.08, 587.74, 675.41
72.23, 142.30, 84.99, 586.82, 672.78
72.30, 142.71, 84.72, 587.33, 674.93
70.49, 143.66, 84.13, 586.33, 680.01
73.92, 138.83, 88.50, 585.17, 675.17
70.49, 143.66, 84.13, 586.33, 680.01
73.92, 138.83, 88.50, 585.17, 675.17
71.53, 142.12, 85.36, 584.23, 682.48
71.15, 141.45, 86.62, 582.01, 681.91
71.15, 141.45, 86.62, 582.01, 681.91
71.15, 141.45, 86.62, 582.01, 681.91
70.78, 140.65, 87.49, 580.84, 682.77
83.00, 124.00, 107.00, 580.00, 675.00
70.77, 140.61, 87.52, 580.84, 682.77
83.00, 124.00, 107.00, 580.00, 675.00
69.68, 140.84, 87.20, 579.72, 681.70
69.68, 140.84, 87.20, 579.72, 681.70
70.41, 141.25, 86.61, 576.15, 680.69
72.60, 131.00, 99.00, 571.00, 673.00
69.53, 142.35, 85.78, 573.63, 680.01
72.60, 131.00, 99.00, 571.00, 673.00
69.53, 142.35, 85.78, 573.63, 680.01
72.60, 131.00, 99.00, 571.00, 673.00
69.53, 142.35, 85.78, 573.63, 680.01
69.65, 142.48, 85.41, 573.50, 681.18
69.92, 142.49, 85.43, 573.59, 681.23
70.67, 142.58, 85.16, 570.97, 681.28
70.67, 142.58, 85.16, 570.97, 681.28
71.49, 143.53, 84.09, 567.61, 681.31
71.49, 143.53, 84.09, 567.61, 681.31
75.09, 143.09, 84.12, 567.01, 679.28
75.09, 143.09, 84.12, 567.01, 679.28
75.68, 142.22, 84.90, 568.52, 675.05
75.68, 142.22, 84.90, 568.52, 675.05
75.04, 140.33, 86.69, 568.62, 674.51
75.04, 140.33, 86.69, 568.62, 674.51
70.57, 141.30, 86.01, 564.85, 674.72
70.55, 141.30, 86.00, 564.85, 674.72
81.64, 140.41, 85.06, 560.32, 668.91
81.64, 140.41, 85.06, 560.32, 668.91
81.25, 139.21, 86.31, 560.94, 663.10
81.88, 140.20, 84.95, 561.00, 656.89
81.88, 140.20, 84.95, 561.00, 656.89
81.88, 140.20, 84.95, 561.00, 656.89
82.08, 140.56, 85.23, 559.52, 650.19
82.08, 140.56, 85.23, 559.52, 650.19
75.77, 141.53, 84.32, 557.61, 647.93
75.77, 141.53, 84.32, 557.61, 647.93
75.51, 140.73, 85.10, 556.14, 646.21
75.51, 140.73, 85.10, 556.14, 646.21
79.56, 140.63, 84.81, 553.54, 644.38
79.56, 140.63, 84.81, 553.54, 644.38
83.83, 142.23, 82.90, 552.25, 641.26
83.83, 142.23, 82.90, 552.25, 641.26
80.66, 142.67, 82.79, 552.68, 639.33
80.66, 142.67, 82.79, 552.68, 639.33
76.83, 136.34, 90.12, 550.59, 632.71
76.08, 142.31, 83.55, 553.03, 637.39
77.20, 136.35, 90.03, 550.00, 632.70
76.08, 142.31, 83.55, 553.03, 637.39
76.99, 138.30, 87.37, 553.40, 632.04
76.22, 142.34, 83.40, 552.76, 636.10
76.99, 138.30, 87.37, 553.40, 632.04
76.22, 142.34, 83.40, 552.76, 636.10
75.89, 139.56, 86.11, 552.76, 632.04
76.19, 142.26, 83.43, 552.35, 636.01
75.89, 139.56, 86.11, 552.76, 632.04
76.19, 142.26, 83.43, 552.35, 636.01
75.16, 140.49, 85.26, 552.90, 632.05
75.27, 143.38, 82.39, 551.88, 635.90
74.88, 140.36, 85.90, 552.67, 632.04
75.89, 142.46, 83.33, 551.78, 636.02
75.06, 139.56, 86.80, 552.44, 631.54
75.56, 142.49, 83.43, 551.33, 635.84
75.06, 139.56, 86.80, 552.44, 631.54
75.56, 142.49, 83.43, 551.33, 635.84
75.50, 138.02, 88.07, 553.38, 631.40
75.87, 142.25, 83.55, 551.23, 635.66
75.50, 138.02, 88.07, 553.38, 631.40
75.87, 142.25, 83.55, 551.23, 635.66
76.63, 140.80, 85.28, 552.40, 631.74
76.95, 142.17, 83.53, 550.97, 635.44
76.63, 140.80, 85.28, 552.40, 631.74
76.92, 142.25, 83.45, 551.01, 635.42
76.45, 141.29, 84.79, 552.11, 631.73
76.58, 142.57, 83.16, 550.33, 635.38
76.45, 141.29, 84.79, 552.11, 631.73
76.58, 142.57, 83.16, 550.33, 635.38
76.97, 139.65, 86.60, 552.90, 631.19
77.39, 142.29, 83.45, 549.78, 635.26
76.97, 139.65, 86.60, 552.90, 631.19
77.44, 142.28, 83.43, 549.75, 635.28
77.42, 142.11, 83.83, 550.24, 632.74
77.98, 142.22, 83.28, 548.54, 635.40
77.42, 142.11, 83.83, 550.24, 632.74
77.98, 142.22, 83.28, 548.54, 635.40
79.69, 140.98, 84.91, 552.70, 630.88
78.49, 142.57, 82.89, 549.74, 634.74
79.69, 140.98, 84.91, 552.70, 630.88
78.49, 142.57, 82.89, 549.74, 634.74
75.76, 141.45, 84.82, 552.57, 630.71
76.40, 142.24, 83.48, 550.70, 634.21
74.47, 141.38, 84.69, 554.26, 630.19
76.26, 142.46, 83.18, 551.01, 634.40
74.47, 141.38, 84.69, 554.26, 630.19
76.26, 142.46, 83.18, 551.01, 634.40
74.47, 141.38, 84.69, 554.26, 630.19
76.26, 142.46, 83.18, 551.01, 634.40
64.35, 138.88, 88.40, 552.76, 638.26
64.45, 138.69, 88.61, 553.03, 638.21
40.34, 137.18, 95.98, 561.66, 651.40
40.34, 137.18, 95.98, 561.66, 651.40
57.62, 139.15, 91.00, 539.31, 691.62
58.80, 141.87, 87.60, 539.20, 691.40
72.03, 142.15, 84.53, 537.42, 689.24
71.92, 142.18, 84.52, 537.42, 689.24
77.22, 138.12, 88.18, 539.77, 683.19
77.22, 138.12, 88.18, 539.77, 683.19
78.12, 138.96, 87.58, 547.79, 680.45
77.90, 139.29, 87.19, 547.69, 680.42
80.96, 140.15, 86.34, 554.16, 679.10
80.96, 140.15, 86.34, 554.16, 679.10
83.07, 138.70, 87.38, 557.00, 672.86
83.07, 138.70, 87.38, 557.00, 672.86
84.43, 138.31, 87.31, 560.50, 665.89
84.43, 138.31, 87.31, 560.50, 665.89
84.44, 137.27, 87.89, 565.57, 660.63
85.23, 137.20, 87.86, 571.22, 653.91
85.23, 137.20, 87.86, 571.22, 653.91
85.23, 137.20, 87.86, 571.22, 653.91
88.31, 137.45, 87.77, 578.28, 649.47
86.51, 138.32, 86.80, 578.13, 649.92
87.04, 137.51, 87.34, 586.18, 645.39
87.04, 137.51, 87.34, 586.18, 645.39
85.99, 136.83, 88.56, 594.62, 643.56
85.99, 136.83, 88.56, 594.62, 643.56
82.96, 138.61, 86.97, 603.64, 642.45
82.96, 138.61, 86.97, 603.64, 642.45
82.96, 138.64, 87.14, 612.23, 643.71
82.96, 138.79, 87.05, 612.23, 643.71
78.72, 139.10, 88.07, 619.93, 646.51
78.72, 139.10, 88.07, 619.93, 646.51
74.70, 137.14, 89.88, 628.90, 650.49
74.15, 137.52, 89.40, 629.29, 650.51
72.31, 139.09, 87.52, 635.67, 656.32
72.31, 139.09, 87.52, 635.67, 656.32
69.78, 139.72, 87.70, 639.82, 660.70
69.25, 140.34, 87.14, 638.92, 658.50
69.26, 140.35, 87.12, 638.92, 658.50
69.23, 140.36, 87.14, 638.92, 658.50
69.07, 140.42, 86.89, 636.11, 657.11
69.09, 140.41, 86.89, 636.11, 657.11
69.44, 140.87, 86.34, 635.54, 657.97
69.44, 140.87, 86.34, 635.54, 657.97
69.26, 140.36, 86.83, 635.08, 660.02
69.26, 140.36, 86.83, 635.08, 660.02
68.32, 141.44, 85.74, 634.66, 663.37
68.32, 141.44, 85.74, 634.66, 663.37
65.88, 140.22, 87.76, 633.87, 667.96
65.87, 140.33, 87.65, 633.91, 668.03
65.95, 139.35, 88.84, 631.78, 673.17
65.97, 139.32, 88.88, 631.78, 673.17
64.99, 140.55, 87.94, 627.48, 675.90
65.04, 140.51, 87.98, 627.48, 675.90
64.69, 141.55, 87.21, 620.68, 675.15
64.99, 141.35, 87.40, 620.65, 675.21
63.75, 141.88, 86.99, 617.48, 676.19
64.26, 140.95, 87.67, 616.96, 674.55
64.26, 140.95, 87.67, 616.96, 674.55
64.26, 140.95, 87.67, 616.96, 674.55
64.74, 141.85, 86.68, 616.58, 674.34
64.75, 141.88, 86.65, 616.47, 674.22
63.61, 142.09, 86.39, 617.39, 675.26
63.23, 142.24, 86.33, 617.09, 675.01
64.38, 141.36, 87.07, 617.23, 674.72
64.38, 141.36, 87.07, 617.23, 674.72
65.38, 142.59, 86.01, 615.94, 672.31
65.38, 142.59, 86.01, 615.94, 672.31
64.99, 143.52, 85.62, 615.82, 674.00
64.99, 143.52, 85.62, 615.82, 674.00
62.52, 144.85, 84.58, 615.34, 676.67
62.52, 144.85, 84.58, 615.34, 676.67
63.46, 143.54, 85.75, 614.22, 680.05
64.73, 142.56, 86.07, 614.79, 681.85
64.73, 142.56, 86.07, 614.79, 681.85
64.73, 142.56, 86.07, 614.79, 681.85
64.72, 143.17, 85.18, 615.06, 683.38
64.72, 143.17, 85.18, 615.06, 683.38
64.59, 142.91, 85.39, 614.48, 682.53
64.59, 142.91, 85.39, 614.48, 682.53
65.31, 142.28, 86.09, 614.70, 682.71
65.31, 142.28, 86.09, 614.70, 682.71
65.14, 142.71, 85.57, 614.41, 682.86
65.11, 142.73, 85.54, 614.41, 682.86
65.83, 142.47, 85.87, 614.54, 683.00
65.77, 142.56, 85.83, 614.54, 683.00
65.83, 142.81, 85.76, 614.54, 683.00
65.81, 142.79, 85.83, 614.54, 683.00
65.57, 142.93, 85.61, 614.59, 683.07
65.54, 142.92, 85.60, 614.59, 683.07
65.73, 142.85, 85.60, 614.59, 683.12
65.64, 142.89, 85.57, 614.59, 683.12
65.87, 143.13, 85.49, 614.64, 683.12
65.86, 143.06, 85.54, 614.64, 683.12
66.02, 143.14, 85.44, 614.69, 683.15
65.17, 143.38, 85.20, 614.70, 683.10
65.57, 143.44, 85.08, 614.70, 683.10
65.58, 143.31, 85.16, 614.70, 683.10
65.60, 143.41, 85.09, 614.70, 683.10
65.57, 143.25, 85.23, 614.70, 683.10
65.58, 143.26, 85.23, 614.70, 683.10
65.58, 143.25, 85.24, 614.70, 683.10
60.27, 139.87, 90.75, 619.33, 684.94
60.27, 139.87, 90.75, 619.33, 684.94
81.78, 126.48, 97.83, 605.22, 685.65
81.78, 126.48, 97.83, 605.22, 685.65
73.20, 123.20, 104.60, 599.20, 681.80
73.20, 123.20, 104.60, 599.20, 681.80
70.07, 131.85, 98.59, 588.66, 670.10
70.07, 131.85, 98.59, 588.66, 670.10
82.77, 135.66, 91.71, 575.59, 666.52
82.77, 135.66, 91.71, 575.59, 666.52
72.97, 140.81, 86.15, 566.24, 664.36
72.97, 140.81, 86.15, 566.24, 664.36
66.12, 140.54, 87.33, 564.73, 663.27
66.12, 140.54, 87.33, 564.73, 663.27
71.34, 141.22, 86.02, 562.97, 662.23
71.27, 141.22, 86.02, 562.97, 662.23
73.11, 140.94, 85.66, 560.96, 661.57
73.12, 140.91, 85.70, 560.96, 661.57
72.82, 141.02, 85.48, 561.02, 661.47
72.81, 141.02, 85.49, 561.02, 661.47
73.32, 141.23, 85.28, 561.07, 661.28
73.32, 141.21, 85.28, 561.07, 661.28
73.12, 141.34, 85.30, 560.98, 661.09
73.10, 141.33, 85.31, 560.98, 661.09
73.31, 141.28, 85.34, 561.08, 661.11
73.29, 141.37, 85.20, 561.08, 661.11
73.75, 141.24, 85.35, 560.99, 661.17
73.73, 141.33, 85.27, 560.89, 661.18
73.98, 141.48, 85.13, 560.90, 661.08
73.80, 141.36, 85.27, 560.90, 661.08
73.80, 141.36, 85.27, 560.90, 661.08
73.80, 141.36, 85.27, 560.90, 661.08
74.02, 141.61, 85.10, 560.93, 661.05
73.79, 141.62, 85.06, 560.99, 661.08
73.89, 141.53, 85.13, 560.92, 661.10
74.08, 142.16, 84.40, 560.94, 661.18
74.08, 142.16, 84.40, 560.94, 661.18
74.08, 142.16, 84.40, 560.94, 661.18
74.08, 142.16, 84.40, 560.94, 661.18
74.08, 142.16, 84.40, 560.94, 661.18
74.08, 142.18, 84.39, 560.94, 661.18
74.09, 142.16, 84.39, 560.94, 661.18
74.12, 142.17, 84.37, 560.94, 661.18
74.08, 142.16, 84.40, 560.94, 661.18
74.12, 142.18, 84.37, 560.94, 661.18
74.11, 142.12, 84.43, 560.94, 661.18
74.11, 142.13, 84.43, 560.94, 661.18
74.08, 142.08, 84.48, 560.94, 661.18
74.02, 142.21, 84.36, 560.86, 661.14
73.98, 142.21, 84.37, 560.86, 661.14
73.98, 142.21, 84.36, 560.86, 661.14
74.02, 142.10, 84.48, 560.94, 661.18
74.02, 142.01, 84.49, 560.94, 661.18
73.98, 142.09, 84.42, 560.86, 661.14
73.95, 142.09, 84.41, 560.86, 661.14
73.99, 141.90, 84.60, 560.94, 661.18
74.24, 141.96, 84.49, 560.86, 661.10
74.30, 141.86, 84.59, 560.94, 661.13
74.31, 142.04, 84.43, 560.88, 661.14
74.28, 142.02, 84.43, 560.88, 661.14
74.39, 142.07, 84.37, 560.79, 661.11
74.40, 142.07, 84.37, 560.79, 661.11
74.33, 142.10, 84.37, 560.79, 661.11
74.26, 141.98, 84.51, 560.79, 661.11
74.53, 142.34, 84.12, 560.83, 661.12
74.74, 142.12, 84.35, 560.87, 661.12
74.74, 142.12, 84.35, 560.87, 661.12
74.74, 142.12, 84.35, 560.87, 661.12
75.20, 142.27, 84.24, 560.86, 661.11
75.17, 142.23, 84.25, 560.86, 661.11
75.15, 142.33, 84.20, 560.86, 661.11
75.12, 142.10, 84.44, 560.86, 661.11
74.92, 142.54, 84.18, 560.86, 661.11
74.87, 142.56, 84.17, 560.86, 661.11
74.63, 142.55, 84.23, 560.82, 661.12
74.75, 142.44, 84.25, 560.82, 661.12
74.69, 142.48, 84.22, 560.82, 661.12
74.65, 142.45, 84.24, 560.82, 661.12
74.68, 142.45, 84.23, 560.82, 661.12
74.71, 142.37, 84.25, 560.82, 661.12
74.52, 142.48, 84.20, 560.82, 661.12
74.49, 142.46, 84.25, 560.82, 661.12
74.47, 142.49, 84.23, 560.82, 661.12
74.53, 142.47, 84.23, 560.82, 661.12
74.76, 142.41, 84.20, 560.90, 661.12
74.76, 142.43, 84.19, 560.90, 661.12
74.79, 142.44, 84.15, 560.90, 661.12
74.77, 142.38, 84.23, 560.90, 661.12
74.68, 142.45, 84.17, 560.90, 661.12
74.68, 142.45, 84.17, 560.90, 661.12
74.63, 142.40, 84.22, 560.90, 661.12
74.70, 142.05, 84.39, 560.90, 661.12
74.76, 142.11, 84.38, 560.90, 661.12
74.76, 142.11, 84.38, 560.90, 661.12
74.87, 142.04, 84.41, 560.90, 661.12
75.11, 142.12, 84.27, 561.08, 661.18
74.64, 141.73, 84.92, 561.18, 661.60
74.94, 141.40, 85.23, 561.03, 661.56
75.15, 141.36, 85.21, 561.27, 663.13
74.24, 141.92, 84.78, 562.12, 665.67
74.38, 141.87, 84.84, 562.12, 665.67
74.31, 141.90, 84.80, 562.12, 665.67
74.64, 141.47, 85.05, 563.34, 668.38
74.64, 141.47, 85.05, 563.34, 668.38
74.18, 141.95, 84.65, 563.67, 671.55
74.18, 141.95, 84.65, 563.67, 671.55
73.36, 143.25, 83.54, 564.20, 673.98
73.33, 143.25, 83.55, 564.20, 673.98
73.35, 141.53, 85.42, 564.77, 677.27
73.20, 141.65, 85.31, 564.73, 677.23
72.23, 142.05, 84.90, 564.38, 679.77
72.23, 142.05, 84.90, 564.38, 679.77
72.50, 141.43, 85.51, 564.03, 680.50
72.46, 141.45, 85.48, 564.03, 680.50
71.39, 141.72, 85.10, 563.82, 680.00
71.39, 141.72, 85.10, 563.82, 680.00
71.31, 141.55, 85.44, 564.06, 680.37
71.31, 141.55, 85.44, 564.06, 680.37
71.31, 141.33, 85.52, 563.88, 680.05
71.31, 141.33, 85.52, 563.88, 680.05
71.23, 141.77, 85.28, 563.95, 679.92
71.23, 141.78, 85.28, 563.95, 679.92
71.01, 142.00, 84.94, 563.40, 679.24
71.01, 142.00, 84.94, 563.40, 679.24
70.84, 141.96, 85.17, 563.52, 679.98
71.00, 141.83, 85.38, 563.60, 680.02
71.48, 142.09, 85.12, 563.05, 679.72
71.46, 142.05, 85.16, 563.08, 679.76
71.05, 142.00, 85.35, 562.67, 680.11
71.05, 142.00, 85.35, 562.67, 680.11
70.93, 142.19, 85.10, 562.69, 679.92
70.92, 142.24, 85.05, 562.69, 679.92
71.03, 142.28, 85.10, 562.44, 679.89
71.01, 142.28, 85.11, 562.44, 679.89
71.49, 142.81, 84.59, 562.32, 679.33
71.49, 142.81, 84.59, 562.32, 679.33
71.54, 142.78, 84.86, 561.88, 679.40
71.51, 142.81, 84.80, 561.88, 679.40
71.24, 143.08, 84.56, 562.00, 679.41
71.24, 143.08, 84.55, 562.00, 679.41
70.99, 143.02, 84.61, 561.89, 679.38
70.96, 143.00, 84.61, 561.89, 679.38
71.23, 142.85, 84.58, 561.77, 679.58
71.25, 142.85, 84.58, 561.77, 679.58
71.72, 142.46, 84.97, 561.54, 679.44
71.72, 142.46, 84.97, 561.54, 679.44
71.22, 142.81, 84.50, 561.62, 679.43
71.22, 142.81, 84.50, 561.62, 679.43
71.10, 142.72, 84.70, 561.47, 679.67
71.12, 142.71, 84.70, 561.47, 679.67
71.74, 142.02, 85.33, 561.27, 679.22
71.74, 142.02, 85.32, 561.27, 679.22
71.74, 142.15, 85.21, 560.63, 679.24
71.73, 142.09, 85.29, 560.63, 679.24
71.74, 141.99, 85.24, 560.89, 679.36
72.30, 141.91, 85.26, 560.92, 679.35
72.56, 142.01, 85.19, 560.50, 679.26
72.50, 141.89, 85.32, 560.42, 679.24
72.03, 141.91, 85.36, 560.16, 678.93
71.84, 141.98, 85.29, 560.17, 678.97
72.00, 142.23, 84.98, 560.23, 679.04
72.00, 142.26, 84.95, 560.23, 679.04
71.42, 142.66, 84.57, 560.32, 679.02
71.42, 142.66, 84.57, 560.32, 679.02
71.46, 143.04, 84.32, 559.91, 678.84
71.67, 142.97, 84.39, 559.95, 678.86
71.72, 143.03, 84.35, 559.95, 678.86
71.68, 143.02, 84.36, 559.88, 678.83
71.37, 143.22, 84.14, 559.84, 678.81
71.43, 143.09, 84.26, 559.80, 678.80
71.44, 143.14, 84.20, 559.95, 678.89
71.48, 142.71, 84.56, 559.90, 678.87
72.07, 142.47, 84.74, 559.91, 678.84
72.07, 142.50, 84.73, 559.91, 678.84
71.90, 142.20, 85.04, 559.75, 678.73
71.89, 142.12, 85.11, 559.75, 678.73
72.03, 142.31, 84.91, 559.72, 678.68
71.84, 142.64, 84.53, 559.14, 678.43
71.84, 142.64, 84.53, 559.14, 678.43
71.84, 142.64, 84.53, 559.14, 678.43
72.48, 141.98, 85.10, 558.17, 677.59
72.53, 141.90, 85.16, 558.17, 677.59
72.05, 142.54, 84.38, 557.45, 677.53
72.10, 142.67, 84.24, 557.42, 677.48
72.42, 142.48, 84.50, 556.63, 677.07
72.26, 142.50, 84.49, 556.63, 677.07
71.72, 142.71, 84.36, 556.93, 677.75
71.72, 142.71, 84.36, 556.93, 677.75
71.86, 142.19, 85.07, 555.99, 677.42
71.86, 142.19, 85.07, 555.99, 677.42
72.15, 142.46, 84.76, 554.68, 676.41
72.15, 142.46, 84.76, 554.68, 676.41
72.55, 142.67, 84.40, 554.31, 676.21
72.52, 142.54, 84.59, 554.20, 676.10
72.63, 142.35, 84.80, 553.41, 675.66
72.63, 142.35, 84.80, 553.41, 675.66
72.32, 141.54, 85.57, 553.33, 675.97
72.31, 141.56, 85.57, 553.33, 675.97
72.17, 141.54, 85.50, 551.77, 674.65
72.19, 141.40, 85.69, 551.63, 674.60
72.74, 141.75, 85.40, 551.73, 675.03
72.74, 141.75, 85.40, 551.73, 675.03
72.60, 142.28, 84.92, 551.02, 674.89
72.60, 142.28, 84.92, 551.02, 674.89
72.24, 142.93, 84.42, 548.54, 672.95
72.10, 143.09, 84.29, 548.43, 672.84
73.62, 142.33, 85.34, 547.64, 672.20
73.62, 142.33, 85.34, 547.64, 672.20
69.15, 139.32, 89.79, 554.99, 673.55
68.73, 139.39, 89.57, 555.05, 673.54
69.06, 139.46, 89.25, 561.50, 673.10
69.06, 139.46, 89.25, 561.50, 673.10
73.46, 135.20, 94.48, 567.94, 672.37
73.46, 135.20, 94.48, 567.94, 672.37
79.08, 136.59, 92.26, 575.77, 672.45
78.73, 135.40, 93.43, 576.40, 673.61
72.38, 137.62, 91.57, 584.32, 672.96
72.38, 137.62, 91.57, 584.32, 672.96
69.60, 137.16, 92.64, 589.43, 674.51
69.60, 137.16, 92.64, 589.43, 674.51
63.38, 140.61, 89.45, 596.73, 674.51
63.33, 140.66, 89.39, 596.73, 674.51
60.14, 143.21, 86.78, 603.20, 674.18
60.14, 143.21, 86.78, 603.20, 674.18
59.92, 143.84, 86.15, 607.80, 674.44
59.89, 143.91, 86.15, 607.80, 674.44
69.12, 142.73, 85.18, 610.94, 675.12
69.12, 142.73, 85.18, 610.94, 675.12
76.64, 142.61, 85.45, 614.46, 676.46
76.50, 142.59, 85.47, 614.44, 676.49
77.66, 143.26, 84.63, 617.70, 679.10
77.66, 143.26, 84.63, 617.70, 679.10
75.92, 142.83, 85.80, 619.48, 681.81
75.92, 142.83, 85.80, 619.48, 681.81
73.26, 143.60, 84.69, 621.32, 684.12
73.26, 143.60, 84.69, 621.32, 684.12
73.18, 144.08, 84.56, 622.58, 682.97
73.18, 144.08, 84.56, 622.58, 682.97
71.54, 144.56, 84.07, 622.18, 682.27
71.54, 144.56, 84.07, 622.18, 682.27
69.18, 143.75, 85.02, 620.59, 682.29
69.19, 143.69, 85.08, 620.59, 682.29
64.51, 144.13, 84.87, 617.88, 682.22
64.51, 144.13, 84.87, 617.88, 682.22
63.53, 143.95, 84.93, 617.55, 682.42
63.58, 144.06, 84.82, 617.57, 682.48
64.18, 143.77, 85.22, 617.71, 682.15
64.18, 143.77, 85.22, 617.71, 682.15
62.88, 143.81, 85.59, 617.87, 682.05
62.88, 143.81, 85.59, 617.87, 682.05
64.03, 143.80, 85.48, 617.77, 682.21
64.01, 143.83, 85.44, 617.77, 682.21
64.39, 143.94, 85.27, 617.77, 682.21
64.13, 144.08, 85.14, 617.77, 682.21
63.98, 144.23, 84.96, 617.77, 682.21
63.86, 144.26, 84.98, 617.77, 682.21
63.89, 144.36, 84.94, 617.77, 682.21
63.89, 144.36, 84.94, 617.77, 682.21
64.13, 143.65, 85.27, 617.77, 682.21
64.06, 143.63, 85.29, 617.77, 682.21
64.06, 143.63, 85.29, 617.77, 682.21
64.06, 143.63, 85.29, 617.77, 682.21
63.86, 143.82, 84.75, 617.59, 682.43
63.86, 143.82, 84.75, 617.59, 682.43
64.50, 144.57, 84.25, 616.95, 681.69
64.50, 144.57, 84.25, 616.95, 681.69
63.92, 144.01, 84.79, 615.83, 681.62
63.92, 144.01, 84.79, 615.83, 681.62
62.85, 143.65, 85.44, 614.78, 681.59
62.67, 143.85, 85.24, 614.82, 681.54
63.88, 144.22, 84.69, 613.19, 681.29
63.88, 144.22, 84.69, 613.19, 681.29
64.84, 144.31, 84.35, 611.67, 680.36
64.84, 144.31, 84.35, 611.67, 680.36
66.43, 143.99, 85.08, 609.24, 680.06
66.50, 143.76, 85.01, 609.11, 680.15
68.00, 142.85, 86.02, 605.45, 680.19
68.00, 142.85, 86.02, 605.45, 680.19
68.96, 144.20, 84.46, 598.23, 681.84
68.96, 144.20, 84.46, 598.23, 681.84
71.48, 142.58, 85.62, 594.10, 680.76
71.41, 142.62, 85.58, 594.10, 680.76
72.60, 141.68, 86.50, 590.20, 678.89
72.60, 141.68, 86.50, 590.20, 678.89
73.39, 141.91, 85.93, 587.55, 675.38
73.39, 141.91, 85.93, 587.55, 675.38
73.94, 140.88, 87.16, 584.99, 671.88
73.94, 140.88, 87.16, 584.99, 671.88
76.93, 141.00, 86.28, 581.70, 668.65
76.90, 141.00, 86.28, 581.70, 668.65
76.63, 141.17, 85.81, 580.72, 664.60
76.59, 141.20, 85.79, 580.72, 664.60
77.75, 142.27, 84.51, 578.35, 660.22
77.70, 142.30, 84.49, 578.35, 660.22
80.43, 142.03, 84.42, 578.29, 656.08
80.43, 142.03, 84.42, 578.29, 656.08
82.17, 141.34, 84.77, 578.63, 652.04
82.33, 141.22, 84.91, 578.52, 651.99
81.96, 140.56, 85.11, 578.51, 647.52
81.96, 140.56, 85.11, 578.51, 647.52
82.49, 141.24, 84.69, 578.22, 642.82
82.40, 141.27, 84.67, 578.22, 642.82
84.09, 140.49, 85.44, 579.26, 638.72
84.09, 140.49, 85.44, 579.26, 638.72
85.68, 140.05, 85.60, 579.76, 633.65
85.50, 139.61, 86.08, 579.71, 633.63
85.48, 140.43, 85.06, 582.04, 629.58
85.78, 140.30, 85.18, 582.09, 629.61
86.15, 139.05, 86.54, 583.94, 624.61
86.15, 139.05, 86.54, 583.94, 624.61
87.26, 137.94, 87.31, 586.69, 620.01
87.21, 137.96, 87.30, 586.71, 620.01
88.68, 137.15, 87.84, 590.75, 616.77
88.68, 137.15, 87.84, 590.75, 616.77
89.75, 138.28, 86.34, 595.56, 612.52
89.75, 138.28, 86.34, 595.56, 612.52
89.21, 137.28, 87.23, 601.04, 607.82
89.21, 137.28, 87.23, 601.04, 607.82
90.10, 138.20, 85.56, 607.58, 605.17
90.02, 138.20, 85.56, 607.58, 605.17
90.45, 138.14, 86.48, 614.54, 604.55
90.45, 138.14, 86.48, 614.54, 604.55
91.11, 137.58, 87.13, 623.26, 603.99
91.17, 137.56, 87.15, 623.26, 603.99
88.69, 137.49, 87.97, 633.23, 604.97
89.09, 137.22, 88.26, 633.47, 604.89
83.12, 140.71, 85.17, 640.59, 607.21
83.12, 140.71, 85.17, 640.59, 607.21
81.85, 140.88, 85.34, 640.69, 611.12
81.85, 140.88, 85.34, 640.69, 611.12
80.27, 138.55, 87.27, 642.26, 616.98
80.27, 138.55, 87.27, 642.26, 616.98
82.76, 136.36, 88.92, 643.69, 623.48
82.75, 136.34, 88.94, 643.69, 623.48
77.30, 138.20, 88.05, 643.20, 630.53
77.95, 137.58, 88.57, 643.17, 630.35
75.41, 137.10, 89.29, 644.71, 638.56
74.68, 137.55, 88.90, 644.30, 638.34
74.13, 137.15, 89.37, 643.04, 646.28
74.07, 137.21, 89.28, 643.04, 646.28
72.85, 136.71, 89.79, 641.58, 654.84
72.83, 136.74, 89.73, 641.58, 654.84
69.06, 138.45, 89.11, 638.72, 663.51
69.06, 138.45, 89.11, 638.72, 663.51
66.38, 137.95, 90.46, 634.02, 671.98
66.41, 137.91, 90.46, 634.02, 671.98
64.48, 141.71, 87.78, 628.31, 670.73
64.48, 141.71, 87.78, 628.31, 670.73
66.44, 139.55, 88.29, 622.79, 678.22
66.44, 139.55, 88.29, 622.79, 678.22
67.20, 141.05, 87.19, 616.10, 684.00
67.20, 141.05, 87.19, 616.10, 684.00
67.85, 142.08, 86.14, 608.86, 686.92
67.85, 142.08, 86.14, 608.86, 686.92
71.96, 141.46, 85.95, 605.72, 682.14
71.96, 141.46, 85.95, 605.72, 682.14
73.24, 140.59, 86.76, 597.05, 679.69
73.18, 140.69, 86.68, 597.05, 679.69
73.99, 140.70, 86.76, 588.42, 678.04
73.99, 140.70, 86.76, 588.42, 678.04
76.55, 139.98, 87.19, 582.58, 673.91
76.36, 139.70, 87.54, 582.68, 673.91
74.56, 143.81, 83.52, 587.17, 666.33
76.73, 140.94, 86.15, 576.14, 671.19
74.56, 143.81, 83.52, 587.17, 666.33
76.73, 140.94, 86.15, 576.14, 671.19
72.55, 142.22, 84.88, 565.70, 670.87
72.20, 142.48, 84.88, 577.48, 670.88
72.55, 142.22, 84.88, 565.70, 670.87
72.20, 142.48, 84.88, 577.48, 670.88
75.34, 140.10, 86.51, 557.63, 670.13
75.34, 140.10, 86.51, 557.63, 670.13
82.09, 138.67, 87.70, 545.27, 668.17
82.06, 138.66, 87.73, 545.27, 668.17
89.82, 139.06, 86.21, 538.29, 666.04
89.88, 139.09, 86.18, 538.30, 666.06
90.88, 139.26, 85.82, 532.31, 661.69
90.88, 139.26, 85.82, 532.31, 661.69
94.86, 138.88, 86.17, 524.23, 655.92
94.84, 138.88, 86.14, 524.23, 655.92
96.35, 136.26, 88.48, 514.89, 650.41
96.40, 136.21, 88.53, 514.89, 650.41
92.34, 139.82, 86.10, 508.05, 646.78
92.34, 139.82, 86.10, 508.05, 646.78
86.06, 138.78, 87.26, 503.97, 644.40
86.03, 138.80, 87.25, 503.97, 644.40
83.46, 139.60, 86.25, 499.44, 641.52
83.57, 139.46, 86.37, 499.41, 641.55
83.62, 139.40, 86.66, 494.20, 637.93
83.62, 139.40, 86.66, 494.20, 637.93
88.80, 140.39, 85.18, 488.85, 634.14
88.80, 140.39, 85.18, 488.85, 634.14
93.93, 138.96, 86.61, 483.44, 630.51
93.93, 138.96, 86.61, 483.44, 630.51
95.47, 138.77, 86.66, 476.36, 628.41
95.47, 138.77, 86.66, 476.36, 628.41
95.06, 138.03, 88.10, 468.93, 626.06
95.06, 138.03, 88.10, 468.93, 626.06
100.36, 136.05, 90.37, 459.34, 626.35
99.74, 136.54, 89.11, 459.19, 626.71
101.09, 136.18, 89.36, 449.50, 625.43
101.12, 136.14, 89.42, 449.50, 625.43
102.75, 137.08, 88.37, 440.45, 626.11
102.75, 137.08, 88.37, 440.45, 626.11
103.87, 136.48, 88.29, 432.01, 626.71
103.85, 136.58, 88.20, 432.02, 626.64
101.60, 137.04, 87.45, 424.55, 628.69
101.60, 137.04, 87.45, 424.55, 628.69
101.10, 138.47, 86.84, 417.54, 631.12
101.10, 138.47, 86.84, 417.54, 631.12
101.41, 137.98, 86.67, 412.18, 634.32
101.41, 137.98, 86.67, 412.18, 634.32
100.22, 139.61, 84.82, 407.36, 637.17
100.22, 139.61, 84.82, 407.36, 637.17
99.20, 138.89, 86.13, 403.23, 639.76
99.23, 138.86, 86.16, 403.09, 639.75
99.14, 139.70, 84.73, 399.43, 643.26
99.14, 139.70, 84.73, 399.43, 643.26
98.69, 139.12, 85.01, 398.16, 647.34
98.69, 139.12, 85.01, 398.16, 647.34
96.46, 141.28, 83.19, 394.87, 652.27
96.43, 141.41, 83.03, 394.87, 652.27
95.74, 140.63, 84.13, 393.37, 657.46
95.74, 140.63, 84.13, 393.37, 657.46
95.13, 139.77, 85.18, 393.78, 663.12
95.13, 139.86, 85.09, 393.74, 663.12
92.96, 139.87, 84.82, 394.99, 668.80
92.96, 139.87, 84.82, 394.99, 668.80
91.75, 139.54, 85.53, 396.77, 675.19
91.65, 139.55, 85.54, 396.66, 675.30
91.34, 140.57, 84.18, 400.87, 680.45
91.34, 140.57, 84.18, 400.87, 680.45
92.55, 139.79, 85.23, 409.98, 683.76
92.77, 139.70, 85.33, 409.98, 683.71
88.69, 143.74, 82.04, 416.55, 688.05
88.69, 143.74, 82.04, 416.55, 688.05
88.88, 142.28, 83.90, 418.64, 688.44
88.88, 142.28, 83.90, 418.64, 688.44
87.76, 142.89, 82.55, 420.84, 689.76
87.76, 142.89, 82.55, 420.84, 689.76
88.46, 138.25, 86.46, 421.83, 690.25
88.46, 138.25, 86.46, 421.83, 690.25
101.62, 134.88, 89.12, 426.38, 690.62
101.62, 134.88, 89.12, 426.38, 690.62
102.78, 137.83, 86.67, 427.44, 690.39
102.78, 137.83, 86.67, 427.44, 690.39
101.47, 139.06, 85.88, 427.71, 690.35
101.47, 139.06, 85.88, 427.71, 690.35
101.57, 143.14, 81.43, 427.14, 690.71
101.57, 143.14, 81.43, 427.14, 690.71
100.43, 137.14, 87.29, 427.14, 690.71
101.33, 138.50, 85.50, 427.17, 690.83
104.67, 133.00, 92.33, 427.17, 690.83
104.67, 133.00, 92.33, 427.17, 690.83
102.50, 129.25, 94.75, 427.50, 691.00
102.50, 129.25, 94.75, 427.50, 691.00
102.25, 129.00, 95.50, 427.50, 691.00
102.25, 129.00, 95.50, 427.50, 691.00
101.25, 136.50, 87.75, 427.50, 691.00
101.25, 136.50, 87.75, 427.50, 691.00
100.25, 136.75, 87.50, 427.50, 691.00
100.25, 136.75, 87.50, 427.50, 691.00
107.00, 120.00, 107.00, 429.00, 690.00
107.00, 120.00, 107.00, 429.00, 690.00
100.00, 127.50, 99.00, 428.50, 691.00
100.00, 127.50, 99.00, 428.50, 691.00
100.00, 124.50, 100.50, 429.50, 691.00
100.00, 124.50, 100.50, 429.50, 691.00
96.00, 135.33, 90.00, 431.00, 689.00
96.00, 135.33, 90.00, 431.00, 689.00
100.40, 133.10, 91.80, 431.50, 688.80
100.40, 133.10, 91.80, 431.50, 688.80
99.73, 143.38, 81.00, 431.12, 689.12
99.73, 143.38, 81.00, 431.12, 689.12
102.00, 140.00, 85.56, 431.28, 689.28
102.00, 140.00, 85.56, 431.28, 689.28
100.30, 141.30, 82.90, 429.90, 689.60
100.30, 141.30, 82.90, 429.90, 689.60
101.81, 138.95, 86.05, 429.62, 690.24
101.33, 138.81, 86.24, 429.62, 690.24
99.74, 141.41, 84.29, 429.68, 689.91
99.74, 141.41, 84.29, 429.68, 689.91
102.12, 140.98, 84.43, 429.95, 688.67
102.12, 140.98, 84.43, 429.95, 688.67
101.83, 142.84, 82.28, 430.45, 688.85
101.83, 142.84, 82.28, 430.45, 688.85
101.39, 142.69, 82.43, 430.44, 687.76
101.39, 142.69, 82.43, 430.44, 687.76
100.17, 142.25, 82.82, 430.97, 686.73
100.17, 142.25, 82.82, 430.97, 686.73
100.39, 141.88, 83.59, 431.86, 685.41
100.39, 141.88, 83.59, 431.86, 685.41
100.54, 141.46, 83.77, 432.32, 683.99
100.54, 141.46, 83.77, 432.32, 683.99
100.50, 140.96, 84.59, 433.50, 682.71
100.45, 140.91, 84.69, 433.50, 682.71
96.18, 143.27, 82.88, 434.52, 681.98
96.18, 143.27, 82.88, 434.52, 681.98
95.43, 142.72, 83.29, 434.80, 681.96
95.43, 142.72, 83.29, 434.80, 681.96
95.65, 142.76, 83.22, 435.29, 681.66
95.65, 142.76, 83.22, 435.29, 681.66
95.71, 142.53, 83.37, 435.37, 681.44
95.71, 142.53, 83.37, 435.37, 681.44
95.62, 142.79, 82.91, 435.12, 681.46
95.62, 142.79, 82.91, 435.12, 681.46
96.16, 142.38, 83.25, 434.71, 680.75
96.16, 142.38, 83.25, 434.71, 680.75
94.91, 142.91, 82.77, 434.60, 679.38
94.22, 142.75, 83.03, 434.68, 679.76
93.62, 142.90, 83.21, 434.63, 678.77
93.62, 142.90, 83.21, 434.63, 678.77
92.89, 143.06, 83.12, 434.69, 677.69
92.89, 143.06, 83.12, 434.69, 677.69
90.30, 142.00, 84.50, 434.64, 675.93
90.37, 142.02, 84.48, 434.64, 675.93
87.25, 143.65, 82.49, 435.25, 674.74
87.25, 143.65, 82.49, 435.25, 674.74
82.52, 143.17, 83.38, 435.46, 673.57
82.52, 143.17, 83.38, 435.46, 673.57
78.66, 143.97, 82.57, 436.25, 673.27
78.66, 143.97, 82.57, 436.25, 673.27
76.60, 143.97, 83.15, 438.14, 673.95
76.54, 144.04, 83.11, 438.14, 673.95
74.77, 143.46, 83.93, 440.90, 672.36
74.77, 143.46, 83.93, 440.90, 672.36
77.10, 143.59, 83.67, 443.36, 670.30
77.10, 143.59, 83.67, 443.36, 670.30
79.22, 141.69, 84.87, 448.22, 671.97
79.22, 141.69, 84.87, 448.22, 671.97
79.19, 141.22, 85.89, 454.40, 674.58
79.29, 141.17, 85.94, 454.40, 674.58
79.26, 140.48, 86.84, 459.72, 672.62
79.26, 140.48, 86.84, 459.72, 672.62
81.97, 140.04, 86.97, 464.26, 669.18
81.98, 140.10, 86.91, 464.31, 669.25
81.45, 141.53, 85.75, 468.16, 664.93
81.46, 141.53, 85.77, 468.16, 664.93
81.94, 140.76, 86.53, 472.01, 660.96
81.91, 140.81, 86.49, 472.01, 660.96
80.95, 140.95, 86.36, 474.34, 655.90
80.95, 140.95, 86.36, 474.34, 655.90
84.26, 140.53, 86.20, 477.35, 651.22
84.26, 140.53, 86.20, 477.35, 651.22
84.27, 140.10, 86.21, 479.76, 646.33
84.27, 140.10, 86.21, 479.76, 646.33
85.15, 139.58, 86.53, 481.14, 641.83
85.16, 139.56, 86.55, 481.14, 641.83
85.07, 139.76, 86.22, 481.87, 637.47
85.07, 139.76, 86.22, 481.87, 637.47
86.54, 139.18, 86.78, 481.72, 633.20
86.54, 139.18, 86.78, 481.72, 633.20
87.95, 139.04, 86.77, 479.63, 628.44
87.95, 139.04, 86.77, 479.63, 628.44
90.05, 137.72, 88.23, 477.98, 623.18
90.05, 137.72, 88.23, 477.98, 623.18
90.43, 138.90, 87.13, 474.70, 618.60
90.43, 138.90, 87.13, 474.70, 618.60
91.62, 138.47, 87.40, 471.79, 614.72
91.62, 138.47, 87.40, 471.79, 614.72
93.27, 138.94, 86.95, 469.29, 611.23
93.27, 138.94, 86.95, 469.29, 611.23
93.83, 139.76, 86.37, 466.15, 608.04
93.83, 139.75, 86.38, 466.15, 608.04
96.86, 138.71, 87.51, 462.69, 605.35
96.86, 138.71, 87.51, 462.69, 605.35
97.85, 141.17, 84.80, 458.85, 603.01
97.85, 141.17, 84.80, 458.85, 603.01
99.36, 139.40, 86.67, 454.96, 600.89
99.38, 140.24, 86.01, 455.04, 600.97
99.61, 140.07, 85.95, 450.71, 601.41
99.42, 140.23, 85.79, 450.71, 601.41
101.17, 139.61, 86.31, 447.07, 600.55
101.17, 139.61, 86.31, 447.07, 600.55
101.31, 139.34, 86.60, 444.60, 599.99
101.31, 139.34, 86.60, 444.60, 599.99
100.15, 139.77, 86.70, 443.26, 599.35
100.15, 139.77, 86.70, 443.26, 599.35
102.51, 136.84, 88.23, 450.96, 609.20
102.51, 136.84, 88.23, 450.96, 609.20
99.59, 134.63, 91.82, 461.46, 617.40
95.67, 131.78, 96.11, 450.56, 604.78
99.59, 134.63, 91.82, 461.46, 617.40
95.67, 131.78, 96.11, 450.56, 604.78
98.61, 133.90, 92.22, 475.62, 622.66
98.82, 133.84, 92.22, 475.76, 622.77
96.02, 133.58, 92.21, 493.26, 629.36
96.02, 133.58, 92.21, 493.26, 629.36
95.66, 134.23, 92.24, 510.56, 636.16
95.53, 134.34, 92.14, 510.52, 636.13
85.37, 135.65, 90.30, 526.17, 640.64
85.37, 135.65, 90.30, 526.17, 640.64
84.81, 135.76, 89.92, 538.83, 641.19
84.54, 135.87, 89.81, 538.60, 641.17
87.12, 135.74, 90.52, 553.10, 643.89
87.12, 135.74, 90.52, 553.10, 643.89
84.22, 138.05, 88.28, 566.09, 644.93
84.22, 138.05, 88.28, 566.09, 644.93
84.08, 138.08, 88.88, 577.35, 644.57
84.08, 138.08, 88.88, 577.35, 644.57
89.86, 137.56, 89.00, 587.74, 641.57
87.82, 139.10, 88.31, 574.41, 645.95
89.84, 137.58, 88.99, 587.74, 641.57
87.82, 139.10, 88.31, 574.41, 645.95
91.54, 138.33, 87.10, 598.99, 635.20
90.04, 137.94, 87.53, 588.29, 642.29
91.54, 138.33, 87.10, 598.99, 635.20
90.04, 137.94, 87.53, 588.29, 642.29
92.05, 137.27, 87.90, 607.62, 626.54
91.97, 137.07, 87.94, 597.62, 634.90
92.05, 137.27, 87.91, 607.62, 626.54
91.97, 137.06, 87.97, 597.62, 634.90
87.48, 137.45, 87.70, 616.29, 618.10
87.62, 137.09, 87.69, 607.02, 629.47
87.47, 137.47, 87.69, 616.29, 618.10
87.62, 137.09, 87.69, 607.02, 629.47
85.64, 138.65, 86.29, 625.26, 611.04
84.96, 138.25, 86.35, 616.24, 624.49
85.64, 138.65, 86.29, 625.26, 611.04
84.96, 138.25, 86.35, 616.24, 624.49
88.58, 139.84, 85.55, 632.88, 603.55
91.28, 140.33, 86.59, 624.67, 618.05
88.58, 139.84, 85.55, 632.88, 603.55
91.28, 140.33, 86.59, 624.67, 618.05
90.30, 138.95, 86.33, 640.25, 597.31
90.22, 139.07, 86.24, 640.29, 597.27
91.65, 139.74, 85.08, 646.19, 590.07
93.61, 137.33, 89.33, 639.50, 607.11
91.65, 139.74, 85.08, 646.19, 590.07
93.61, 137.33, 89.33, 639.50, 607.11
93.84, 140.12, 84.18, 647.26, 585.37
93.84, 140.12, 84.18, 647.26, 585.37
94.95, 140.11, 84.28, 645.09, 581.65
94.95, 140.11, 84.28, 645.09, 581.65
94.70, 139.91, 84.43, 643.43, 579.44
94.70, 139.91, 84.43, 643.43, 579.44
94.99, 140.59, 83.63, 642.23, 576.25
94.99, 140.59, 83.63, 642.23, 576.25
96.09, 140.41, 84.09, 640.56, 573.90
96.09, 140.41, 84.09, 640.56, 573.90
99.16, 140.00, 84.20, 638.28, 570.58
99.16, 140.00, 84.20, 638.28, 570.58
99.03, 140.16, 84.39, 635.25, 567.53
98.77, 139.75, 84.80, 635.29, 567.27
100.86, 139.47, 85.27, 631.92, 564.92
91.75, 135.50, 106.00, 631.50, 641.75
100.75, 141.02, 84.07, 628.13, 562.66
82.75, 136.25, 105.75, 630.00, 638.75
100.75, 141.02, 84.07, 628.13, 562.66
82.75, 136.25, 105.75, 630.00, 638.75
102.22, 141.14, 84.19, 624.95, 559.33
87.75, 138.00, 103.25, 628.50, 635.00
102.22, 141.14, 84.19, 624.95, 559.33
87.75, 138.00, 103.25, 628.50, 635.00
102.22, 141.14, 84.19, 624.95, 559.33
87.75, 138.00, 103.25, 628.50, 635.00
104.74, 140.85, 85.07, 621.52, 554.89
115.67, 136.33, 108.00, 626.00, 630.00
104.72, 140.85, 85.08, 621.52, 554.89
115.67, 136.33, 108.00, 626.00, 630.00
108.68, 138.67, 87.60, 617.26, 548.34
108.68, 138.67, 87.60, 617.26, 548.34
110.71, 137.01, 88.87, 612.29, 540.86
110.90, 137.06, 88.86, 612.33, 540.85
109.89, 139.37, 86.90, 605.41, 533.92
109.89, 139.37, 86.90, 605.41, 533.92
108.52, 139.31, 86.79, 600.17, 527.14
112.72, 139.52, 87.48, 593.39, 520.25
112.72, 139.52, 87.48, 593.39, 520.25
112.72, 139.52, 87.48, 593.39, 520.25
115.03, 139.01, 88.22, 586.13, 512.58
115.03, 139.01, 88.22, 586.13, 512.58
117.03, 137.99, 89.40, 576.80, 502.70
117.03, 137.99, 89.40, 576.80, 502.70
83.25, 137.50, 109.00, 603.25, 560.75
116.59, 138.95, 88.79, 569.65, 494.42
83.25, 137.50, 109.00, 603.25, 560.75
116.68, 138.90, 88.85, 569.65, 494.42
88.71, 138.29, 108.29, 601.14, 550.14
119.19, 139.66, 87.74, 564.99, 487.68
88.71, 138.29, 108.29, 601.14, 550.14
119.19, 139.66, 87.74, 564.99, 487.68
112.50, 137.50, 110.50, 601.00, 540.50
120.04, 140.95, 87.37, 558.19, 481.39
112.50, 137.50, 110.50, 601.00, 540.50
120.04, 140.95, 87.37, 558.19, 481.39
115.20, 138.50, 101.20, 584.80, 513.20
119.26, 141.11, 86.69, 551.61, 475.31
115.20, 138.50, 101.20, 584.80, 513.20
119.26, 141.11, 86.69, 551.61, 475.31
123.52, 140.06, 88.35, 555.06, 475.07
121.29, 140.71, 87.49, 545.16, 471.07
123.52, 140.06, 88.35, 555.06, 475.07
121.29, 140.71, 87.49, 545.16, 471.07
122.93, 138.82, 88.34, 546.68, 469.73
121.89, 140.41, 87.71, 540.20, 467.69
122.93, 138.82, 88.34, 546.68, 469.73
121.89, 140.41, 87.71, 540.20, 467.69
124.64, 140.44, 86.20, 545.94, 468.67
123.79, 141.51, 85.27, 534.06, 465.48
124.64, 140.44, 86.20, 545.94, 468.67
123.79, 141.51, 85.27, 534.06, 465.48
126.03, 139.81, 88.14, 541.61, 465.95
126.45, 140.03, 87.10, 527.57, 462.92
126.03, 139.81, 88.14, 541.61, 465.95
126.45, 140.03, 87.10, 527.57, 462.92
127.05, 139.85, 86.49, 520.93, 460.95
126.86, 142.48, 83.99, 534.42, 460.86
127.02, 139.88, 86.42, 520.98, 460.96
126.86, 142.48, 83.99, 534.42, 460.86
128.61, 141.72, 85.35, 532.13, 456.67
127.25, 139.48, 86.37, 515.99, 458.29
128.61, 141.72, 85.35, 532.13, 456.67
127.25, 139.48, 86.37, 515.99, 458.29
149.90, 134.30, 97.10, 528.30, 451.40
127.51, 138.63, 87.61, 510.31, 455.49
149.90, 134.30, 97.10, 528.30, 451.40
127.51, 138.63, 87.61, 510.31, 455.49
127.18, 138.04, 86.07, 503.47, 454.95
127.18, 138.04, 86.07, 503.47, 454.95
125.63, 138.60, 85.83, 500.63, 452.31
125.63, 138.60, 85.83, 500.63, 452.31
126.17, 139.71, 84.46, 495.36, 451.64
126.17, 139.71, 84.46, 495.36, 451.64
124.02, 139.75, 84.64, 489.50, 451.50
124.02, 139.75, 84.64, 489.50, 451.50
123.20, 140.88, 83.04, 484.93, 450.39
123.20, 140.88, 83.04, 484.93, 450.39
121.28, 140.39, 83.64, 478.64, 451.75
121.28, 140.39, 83.64, 478.64, 451.75
121.99, 139.57, 83.30, 472.77, 455.49
121.99, 139.57, 83.30, 472.77, 455.49
122.60, 139.05, 83.77, 470.90, 455.51
122.60, 139.05, 83.77, 470.90, 455.51
121.44, 140.46, 82.13, 470.45, 455.94
121.92, 139.79, 83.34, 470.84, 455.81
117.71, 136.73, 85.65, 471.06, 456.69
117.71, 136.73, 85.65, 471.06, 456.69
115.35, 138.00, 84.93, 471.87, 454.35
115.35, 138.00, 84.93, 471.87, 454.35
115.86, 137.88, 84.33, 470.49, 452.10
115.73, 137.61, 84.60, 470.63, 451.96
114.10, 137.08, 86.28, 468.74, 448.36
114.10, 137.08, 86.28, 468.74, 448.36
114.64, 136.94, 87.34, 463.01, 447.31
114.64, 136.94, 87.34, 463.01, 447.31
114.30, 137.12, 87.98, 456.42, 447.03
114.30, 137.12, 87.98, 456.42, 447.03
115.54, 136.19, 88.04, 449.77, 446.97
115.91, 135.74, 88.48, 449.76, 447.25
118.01, 137.75, 86.76, 441.49, 450.38
118.01, 137.75, 86.76, 441.49, 450.38
122.86, 137.63, 83.81, 434.40, 450.14
122.73, 137.70, 83.76, 434.40, 450.14
122.66, 136.51, 84.80, 427.21, 450.44
122.66, 136.51, 84.80, 427.21, 450.44
120.29, 137.90, 83.78, 420.50, 450.69
120.29, 137.90, 83.78, 420.50, 450.69
121.47, 137.64, 84.43, 414.31, 451.70
121.47, 137.64, 84.43, 414.31, 451.70
120.97, 136.17, 85.75, 407.71, 453.28
120.97, 136.17, 85.75, 407.71, 453.28
122.48, 136.57, 83.69, 401.33, 458.00
122.48, 136.57, 83.69, 401.33, 458.00
121.77, 136.75, 83.82, 395.28, 461.35
122.34, 136.13, 84.71, 395.67, 461.84
119.46, 138.12, 83.43, 388.08, 466.33
119.46, 138.12, 83.43, 388.08, 466.33
107.57, 140.22, 92.74, 373.14, 475.71
107.78, 140.17, 92.46, 373.40, 475.41
105.68, 140.80, 89.82, 370.13, 475.10
105.68, 140.80, 89.82, 370.13, 475.10
114.45, 139.26, 87.71, 368.25, 474.53
114.45, 139.26, 87.71, 368.25, 474.53
104.76, 142.82, 91.14, 356.86, 472.40
105.56, 142.81, 90.26, 357.39, 473.27
98.41, 142.56, 97.41, 346.77, 474.54
98.41, 142.61, 97.35, 346.77, 474.54
96.02, 143.48, 97.94, 342.43, 477.06
96.10, 143.46, 97.84, 342.51, 477.18
94.61, 144.13, 100.75, 334.90, 474.30
94.64, 144.19, 100.76, 334.90, 474.27
97.43, 143.55, 98.33, 332.75, 484.83
97.86, 143.48, 98.03, 333.00, 485.68
100.81, 142.93, 96.84, 333.25, 492.60
100.83, 142.93, 96.84, 333.25, 492.60
104.31, 141.63, 96.77, 335.64, 500.80
104.30, 141.63, 96.75, 335.65, 500.79
111.97, 139.39, 91.86, 335.08, 519.33
111.82, 139.40, 92.12, 335.00, 519.00
119.81, 137.72, 84.70, 336.55, 540.87
119.72, 137.89, 84.51, 336.55, 540.87
115.32, 138.06, 88.28, 333.12, 543.17
115.32, 138.06, 88.28, 333.12, 543.17
120.74, 137.99, 83.20, 331.14, 558.22
121.20, 138.51, 83.18, 330.84, 558.12
123.28, 136.51, 85.45, 328.53, 566.42
123.28, 136.51, 85.45, 328.53, 566.42
121.06, 138.56, 83.13, 325.82, 574.76
121.06, 138.56, 83.13, 325.82, 574.76
122.94, 138.19, 84.01, 323.42, 583.16
122.93, 138.33, 83.77, 323.33, 583.10
122.43, 139.68, 82.11, 320.85, 591.92
122.43, 139.68, 82.11, 320.85, 591.92
123.07, 137.95, 84.68, 317.83, 600.29
123.07, 137.95, 84.68, 317.83, 600.29
121.50, 137.69, 84.88, 315.70, 609.30
121.50, 137.69, 84.88, 315.70, 609.30
123.58, 137.16, 85.34, 314.23, 618.29
123.58, 137.16, 85.34, 314.23, 618.29
121.57, 137.06, 86.42, 312.73, 627.46
120.29, 138.09, 85.57, 311.30, 636.87
120.29, 138.09, 85.57, 311.30, 636.87
120.29, 138.09, 85.57, 311.30, 636.87
117.47, 136.55, 87.07, 310.27, 646.66
114.27, 137.47, 86.30, 310.78, 655.65
114.29, 137.46, 86.30, 310.78, 655.65
114.20, 137.52, 86.25, 310.83, 655.64
109.24, 138.41, 85.39, 309.93, 665.01
110.04, 138.68, 85.01, 310.28, 664.94
108.47, 137.78, 86.36, 310.93, 674.22
108.47, 137.78, 86.36, 310.93, 674.22
103.63, 139.43, 84.91, 312.06, 684.11
103.63, 139.43, 84.91, 312.06, 684.11
107.23, 136.30, 88.93, 322.39, 689.38
