L, a, b, x, y
149.04, 174.65, 189.04, 454.26, 446.87
149.06, 173.90, 188.53, 452.64, 446.45
149.60, 173.33, 188.54, 452.70, 446.63
147.78, 175.48, 188.88, 451.90, 446.04
148.08, 175.52, 188.93, 451.91, 446.16
148.31, 175.23, 188.90, 451.94, 446.12
148.31, 175.23, 188.90, 451.94, 446.12
147.44, 175.40, 189.00, 451.95, 446.29
147.45, 175.34, 188.99, 451.95, 446.29
147.99, 175.42, 189.20, 452.01, 446.24
147.99, 175.42, 189.20, 452.01, 446.24
148.27, 175.16, 188.81, 451.94, 444.73
148.27, 175.16, 188.81, 451.94, 444.73
149.81, 172.94, 187.92, 452.12, 443.38
149.81, 172.94, 187.92, 452.12, 443.38
149.51, 173.80, 188.34, 452.89, 441.28
149.51, 173.80, 188.34, 452.89, 441.28
149.36, 173.67, 189.26, 454.88, 439.58
149.36, 173.67, 189.26, 454.88, 439.58
149.59, 173.48, 188.75, 455.92, 439.15
149.66, 173.22, 188.81, 455.83, 439.14
149.31, 174.01, 188.39, 456.81, 439.25
149.31, 174.01, 188.39, 456.81, 439.25
150.47, 173.91, 189.44, 457.56, 439.79
150.47, 173.91, 189.44, 457.56, 439.79
150.19, 173.84, 188.85, 457.26, 439.96
150.19, 173.84, 188.85, 457.26, 439.96
150.26, 174.04, 189.22, 457.07, 439.91
150.39, 174.31, 189.24, 457.07, 439.91
150.42, 174.16, 189.12, 457.02, 439.93
150.40, 174.22, 189.11, 457.02, 439.93
150.07, 174.49, 189.11, 457.03, 439.89
150.05, 174.50, 189.11, 457.03, 439.89
149.90, 174.57, 189.14, 457.12, 439.92
149.90, 174.57, 189.14, 457.12, 439.92
149.80, 173.16, 188.74, 456.67, 440.41
149.80, 173.31, 188.73, 456.67, 440.41
149.53, 174.76, 188.92, 456.68, 440.83
149.53, 174.76, 188.92, 456.68, 440.83
150.06, 175.64, 189.34, 456.80, 440.84
150.06, 175.64, 189.34, 456.80, 440.84
150.06, 175.64, 189.34, 456.80, 440.84
150.06, 175.64, 189.34, 456.80, 440.84
150.06, 175.64, 189.34, 456.80, 440.84
150.06, 175.63, 189.34, 456.80, 440.84
150.06, 175.63, 189.35, 456.80, 440.84
150.06, 175.63, 189.34, 456.80, 440.84
150.06, 175.64, 189.34, 456.80, 440.84
150.10, 175.67, 189.33, 456.80, 440.84
150.05, 175.68, 189.35, 456.80, 440.84
150.07, 175.67, 189.33, 456.80, 440.84
150.05, 175.67, 189.35, 456.80, 440.84
149.69, 175.90, 189.36, 456.82, 440.81
148.49, 176.64, 189.58, 456.23, 440.74
148.77, 176.35, 189.58, 456.21, 440.78
148.73, 175.45, 188.89, 455.74, 440.86
148.73, 175.45, 188.89, 455.74, 440.86
149.90, 174.39, 189.18, 453.79, 442.65
149.89, 174.39, 189.18, 453.79, 442.65
149.94, 175.39, 189.52, 452.73, 444.53
149.94, 175.39, 189.52, 452.73, 444.53
150.47, 172.69, 188.40, 453.34, 445.23
150.34, 172.74, 188.42, 453.34, 445.23
147.95, 174.13, 188.84, 453.92, 445.76
147.95, 174.13, 188.84, 453.92, 445.76
149.16, 174.33, 189.19, 454.55, 445.95
149.36, 174.28, 189.17, 454.55, 445.98
149.00, 174.52, 189.30, 454.52, 446.04
149.61, 174.32, 189.28, 454.54, 446.06
150.02, 174.15, 189.34, 454.66, 445.86
150.02, 174.16, 189.34, 454.66, 445.86
150.00, 174.16, 189.35, 454.66, 445.86
150.00, 174.16, 189.34, 454.66, 445.86
150.00, 174.16, 189.35, 454.66, 445.86
150.03, 174.16, 189.35, 454.66, 445.86
148.61, 174.24, 188.97, 453.94, 445.87
148.61, 174.24, 188.97, 453.94, 445.87
148.73, 173.58, 188.43, 452.50, 444.68
148.73, 173.58, 188.43, 452.50, 444.68
148.91, 174.41, 188.83, 449.65, 441.96
148.91, 174.41, 188.83, 449.65, 441.96
150.45, 173.55, 188.32, 445.56, 438.18
150.78, 173.78, 188.51, 445.50, 438.31
153.54, 172.52, 188.00, 439.97, 433.66
153.54, 172.52, 188.00, 439.97, 433.66
153.69, 171.53, 187.65, 433.34, 428.56
153.64, 171.32, 187.38, 433.34, 428.56
154.04, 171.74, 187.57, 424.91, 422.52
154.06, 171.73, 187.57, 424.91, 422.52
153.36, 170.61, 187.41, 415.28, 416.64
153.40, 170.43, 187.35, 415.26, 416.69
153.17, 172.20, 187.93, 406.32, 408.15
153.17, 172.20, 187.93, 406.32, 408.15
150.73, 171.85, 187.70, 396.93, 402.16
150.72, 171.85, 187.70, 396.93, 402.16
150.86, 174.03, 189.04, 388.19, 397.05
150.86, 174.03, 189.04, 388.19, 397.05
150.19, 173.81, 189.07, 380.98, 391.40
149.90, 174.06, 189.11, 380.89, 391.50
150.01, 174.43, 189.18, 374.40, 387.53
150.01, 174.43, 189.18, 374.40, 387.53
149.71, 171.85, 189.28, 369.07, 383.88
150.34, 170.98, 189.30, 369.09, 383.81
149.95, 174.96, 190.49, 363.91, 382.15
149.95, 174.96, 190.49, 363.91, 382.15
148.84, 173.83, 189.74, 360.87, 379.21
148.84, 173.83, 189.74, 360.87, 379.21
149.06, 173.72, 189.66, 358.29, 377.61
149.06, 173.72, 189.66, 358.29, 377.61
147.33, 174.10, 188.32, 355.94, 376.35
147.33, 174.09, 188.33, 355.94, 376.35
147.54, 173.80, 189.15, 354.73, 374.87
147.54, 173.80, 189.15, 354.73, 374.87
146.15, 172.64, 188.59, 353.72, 374.05
146.47, 172.64, 188.64, 353.68, 374.11
147.42, 173.43, 189.33, 353.54, 373.98
147.05, 173.81, 189.33, 353.49, 374.01
146.56, 173.69, 189.48, 353.52, 374.01
146.52, 173.73, 189.47, 353.52, 374.01
146.21, 173.44, 189.24, 353.50, 374.01
146.05, 173.49, 189.45, 353.55, 373.89
146.08, 173.54, 189.57, 353.55, 373.89
146.07, 173.56, 189.60, 353.55, 373.89
145.76, 173.58, 189.62, 353.55, 373.89
146.34, 173.99, 189.76, 353.57, 373.86
146.28, 174.38, 189.88, 353.57, 373.86
146.25, 174.37, 189.89, 353.57, 373.86
146.16, 174.38, 189.88, 353.57, 373.86
146.55, 174.56, 190.05, 353.54, 373.92
146.60, 174.81, 190.24, 353.60, 373.77
146.60, 174.81, 190.24, 353.60, 373.77
146.60, 174.81, 190.24, 353.60, 373.77
146.41, 174.30, 190.26, 353.51, 373.93
146.39, 174.31, 190.25, 353.51, 373.93
146.40, 174.28, 190.23, 353.51, 373.93
146.39, 174.28, 190.21, 353.51, 373.93
146.51, 174.24, 190.11, 353.48, 373.97
146.51, 174.25, 190.10, 353.48, 373.97
146.53, 174.40, 190.10, 353.48, 373.97
146.12, 174.91, 190.13, 353.49, 373.98
146.45, 175.24, 190.29, 353.46, 374.04
146.50, 175.21, 190.28, 353.46, 374.04
146.48, 175.22, 190.27, 353.46, 374.04
146.50, 175.21, 190.29, 353.46, 374.04
146.76, 175.59, 190.37, 353.55, 373.96
146.76, 175.61, 190.41, 353.55, 373.96
146.74, 175.61, 190.43, 353.55, 373.96
146.35, 175.51, 190.25, 353.56, 373.87
146.70, 175.14, 190.15, 353.51, 373.89
146.74, 175.15, 190.18, 353.51, 373.89
146.88, 174.95, 190.20, 353.55, 373.86
146.87, 174.98, 190.23, 353.55, 373.86
146.84, 174.90, 190.07, 353.56, 373.77
146.82, 174.91, 190.06, 353.56, 373.77
146.87, 174.50, 190.09, 353.56, 373.81
146.78, 174.52, 190.16, 353.56, 373.81
146.55, 175.04, 190.05, 353.63, 373.67
146.52, 175.06, 190.00, 353.63, 373.67
146.46, 174.54, 190.03, 353.57, 373.69
146.50, 174.70, 190.27, 353.54, 373.98
146.50, 174.70, 190.27, 353.54, 373.98
146.50, 174.70, 190.27, 353.54, 373.98
146.50, 174.70, 190.27, 353.54, 373.98
146.50, 174.70, 190.27, 353.54, 373.98
146.50, 174.70, 190.27, 353.54, 373.98
146.50, 174.70, 190.27, 353.54, 373.98
146.50, 174.70, 190.27, 353.54, 373.98
146.50, 174.70, 190.27, 353.54, 373.98
146.50, 174.70, 190.27, 353.54, 373.98
146.50, 174.70, 190.27, 353.54, 373.98
146.50, 174.71, 190.27, 353.54, 373.98
146.50, 174.70, 190.27, 353.54, 373.98
146.61, 174.92, 190.32, 353.54, 373.98
146.58, 174.93, 190.32, 353.54, 373.98
146.63, 174.93, 190.32, 353.54, 373.98
146.61, 174.94, 190.31, 353.54, 373.98
146.32, 175.22, 190.32, 353.58, 373.93
146.07, 175.21, 190.30, 353.58, 373.93
146.08, 175.21, 190.30, 353.58, 373.93
146.08, 175.21, 190.30, 353.58, 373.93
146.36, 175.20, 190.32, 353.58, 373.93
146.46, 175.16, 190.34, 353.58, 373.93
146.47, 175.16, 190.34, 353.58, 373.93
146.48, 175.16, 190.34, 353.58, 373.93
146.58, 175.30, 190.38, 353.58, 373.93
146.65, 175.52, 190.56, 353.57, 373.97
146.66, 175.52, 190.55, 353.57, 373.97
146.61, 175.51, 190.57, 353.57, 373.97
146.87, 175.44, 190.50, 353.54, 373.98
146.55, 175.62, 190.45, 353.57, 373.97
146.55, 175.62, 190.45, 353.57, 373.97
146.55, 175.62, 190.45, 353.57, 373.97
146.18, 175.64, 190.26, 353.61, 373.91
146.18, 175.64, 190.26, 353.61, 373.91
146.23, 175.60, 190.26, 353.61, 373.91
146.20, 175.70, 190.32, 353.61, 373.91
146.32, 175.49, 190.45, 353.58, 373.93
146.32, 175.49, 190.45, 353.58, 373.93
146.33, 175.56, 190.44, 353.58, 373.93
146.21, 175.49, 190.44, 353.58, 373.93
146.28, 175.56, 190.42, 353.58, 373.93
146.23, 175.56, 190.45, 353.58, 373.93
146.24, 175.56, 190.44, 353.58, 373.93
146.22, 175.56, 190.45, 353.58, 373.93
146.34, 175.57, 190.46, 353.58, 373.93
146.32, 175.56, 190.46, 353.58, 373.93
146.55, 175.57, 190.46, 353.58, 373.93
146.51, 175.53, 190.50, 353.58, 373.93
146.73, 175.64, 190.41, 353.58, 373.93
146.73, 175.62, 190.39, 353.58, 373.93
146.83, 175.56, 190.48, 353.58, 373.93
146.94, 175.39, 190.42, 353.54, 373.98
147.12, 175.61, 190.53, 353.54, 373.98
147.12, 175.61, 190.53, 353.54, 373.98
147.06, 175.66, 190.53, 353.54, 373.98
146.99, 175.63, 190.65, 353.54, 373.98
147.06, 175.65, 190.64, 353.54, 373.98
147.06, 175.65, 190.65, 353.54, 373.98
147.03, 175.64, 190.64, 353.54, 373.98
146.98, 175.11, 190.44, 353.52, 374.00
146.98, 175.11, 190.44, 353.52, 374.00
146.98, 175.11, 190.44, 353.52, 374.00
146.98, 175.11, 190.44, 353.52, 374.00
146.98, 175.11, 190.44, 353.52, 374.00
146.98, 175.11, 190.44, 353.52, 374.00
146.98, 175.11, 190.44, 353.52, 374.00
146.98, 175.11, 190.44, 353.52, 374.00
146.98, 175.11, 190.44, 353.52, 374.00
146.99, 175.11, 190.43, 353.52, 374.00
146.98, 175.11, 190.44, 353.52, 374.00
146.98, 175.12, 190.44, 353.52, 374.00
146.96, 175.12, 190.44, 353.52, 374.00
146.97, 175.12, 190.44, 353.52, 374.00
146.94, 175.13, 190.44, 353.52, 374.00
146.98, 175.11, 190.45, 353.52, 374.00
146.94, 175.11, 190.46, 353.52, 374.00
146.98, 175.12, 190.39, 353.52, 374.00
146.98, 175.10, 190.40, 353.52, 374.00
147.02, 175.10, 190.38, 353.52, 374.00
146.99, 175.09, 190.42, 353.52, 374.00
146.91, 175.02, 190.38, 353.57, 373.95
146.84, 175.01, 190.34, 353.57, 373.95
146.86, 175.02, 190.32, 353.57, 373.95
146.86, 175.00, 190.31, 353.57, 373.95
147.15, 175.07, 190.42, 353.55, 373.95
147.09, 175.06, 190.42, 353.55, 373.95
147.13, 175.09, 190.45, 353.55, 373.95
147.29, 175.03, 190.61, 353.50, 374.00
147.28, 175.29, 190.47, 353.48, 374.05
147.07, 174.89, 190.46, 353.43, 374.16
147.07, 174.89, 190.46, 353.43, 374.16
147.07, 174.89, 190.46, 353.43, 374.16
147.02, 175.07, 190.57, 353.45, 374.16
146.98, 175.09, 190.56, 353.45, 374.16
146.98, 175.11, 190.55, 353.45, 374.16
146.96, 175.07, 190.52, 353.45, 374.16
147.02, 175.25, 190.53, 353.45, 374.16
146.98, 175.22, 190.54, 353.45, 374.16
146.98, 175.21, 190.55, 353.45, 374.16
147.02, 175.21, 190.58, 353.45, 374.16
146.80, 175.33, 190.64, 353.45, 374.16
146.80, 175.33, 190.64, 353.45, 374.16
146.82, 175.34, 190.61, 353.45, 374.16
146.71, 175.32, 190.56, 353.45, 374.16
147.43, 175.25, 190.75, 353.43, 374.17
147.45, 175.22, 190.75, 353.43, 374.17
147.52, 175.14, 190.76, 353.43, 374.17
147.49, 175.17, 190.76, 353.43, 374.17
147.54, 175.12, 190.81, 353.43, 374.17
147.63, 175.07, 190.74, 353.40, 374.16
147.71, 175.04, 190.74, 353.40, 374.16
147.65, 175.09, 190.68, 353.40, 374.16
147.68, 175.13, 190.67, 353.40, 374.16
147.67, 175.12, 190.66, 353.40, 374.16
147.67, 175.11, 190.69, 353.40, 374.16
147.55, 175.13, 190.68, 353.40, 374.16
147.63, 175.13, 190.69, 353.40, 374.16
147.60, 175.13, 190.69, 353.40, 374.16
147.58, 175.14, 190.68, 353.40, 374.16
145.87, 175.72, 190.43, 353.57, 373.95
145.87, 175.72, 190.43, 353.57, 373.95
145.87, 175.72, 190.43, 353.57, 373.95
145.87, 175.72, 190.43, 353.57, 373.95
145.87, 175.72, 190.43, 353.57, 373.95
145.87, 175.72, 190.43, 353.57, 373.95
145.87, 175.72, 190.43, 353.57, 373.95
145.87, 175.72, 190.43, 353.57, 373.95
145.87, 175.72, 190.43, 353.57, 373.95
145.86, 175.72, 190.44, 353.57, 373.95
145.79, 175.71, 190.43, 353.57, 373.95
145.73, 175.72, 190.42, 353.57, 373.95
145.83, 175.64, 190.34, 353.54, 373.95
145.94, 175.64, 190.33, 353.54, 373.95
146.02, 175.63, 190.36, 353.54, 373.95
146.11, 175.63, 190.36, 353.54, 373.95
146.14, 175.62, 190.37, 353.54, 373.95
146.18, 175.68, 190.37, 353.54, 373.95
146.13, 175.61, 190.35, 353.54, 373.95
146.18, 175.66, 190.36, 353.54, 373.95
146.10, 175.63, 190.37, 353.54, 373.95
146.45, 175.52, 190.37, 353.54, 373.98
146.36, 175.52, 190.35, 353.54, 373.98
146.36, 175.50, 190.33, 353.54, 373.98
146.36, 175.52, 190.35, 353.54, 373.98
146.53, 175.54, 190.37, 353.54, 373.98
146.40, 175.52, 190.34, 353.54, 373.98
146.32, 175.42, 190.34, 353.54, 373.98
146.22, 175.43, 190.40, 353.54, 373.98
146.38, 175.55, 190.38, 353.54, 373.98
146.17, 175.75, 190.40, 353.54, 373.98
146.17, 175.75, 190.40, 353.54, 373.98
146.17, 175.75, 190.40, 353.54, 373.98
146.27, 176.02, 190.46, 353.54, 373.98
146.27, 176.02, 190.46, 353.54, 373.98
146.32, 176.08, 190.46, 353.54, 373.98
146.06, 175.81, 190.41, 353.54, 373.98
146.51, 175.60, 190.45, 353.51, 373.99
147.08, 175.17, 190.43, 353.47, 374.00
147.08, 175.17, 190.43, 353.47, 374.00
147.08, 175.17, 190.43, 353.47, 374.00
147.18, 175.13, 190.45, 353.47, 374.00
147.17, 175.15, 190.46, 353.47, 374.00
147.19, 175.15, 190.43, 353.47, 374.00
147.14, 175.16, 190.41, 353.47, 374.00
147.24, 175.15, 190.46, 353.47, 374.00
147.22, 175.14, 190.42, 353.47, 374.00
147.22, 175.15, 190.45, 353.47, 374.00
147.07, 175.19, 190.43, 353.47, 374.00
147.30, 175.05, 190.36, 353.47, 374.00
147.25, 174.88, 190.35, 353.47, 374.00
147.19, 174.84, 190.42, 353.47, 374.00
147.22, 174.78, 190.40, 353.47, 374.00
147.27, 174.82, 190.37, 353.47, 374.00
147.25, 174.80, 190.35, 353.47, 374.00
147.25, 174.83, 190.35, 353.47, 374.00
147.24, 174.81, 190.35, 353.47, 374.00
147.48, 175.13, 190.35, 353.47, 374.00
147.44, 175.12, 190.36, 353.47, 374.00
147.46, 175.12, 190.38, 353.47, 374.00
146.73, 175.02, 190.19, 353.45, 374.09
146.73, 175.02, 190.19, 353.45, 374.09
146.73, 175.02, 190.19, 353.45, 374.09
146.73, 175.02, 190.19, 353.45, 374.09
146.73, 175.02, 190.19, 353.45, 374.09
146.73, 175.02, 190.19, 353.45, 374.09
146.73, 175.02, 190.19, 353.45, 374.09
146.73, 175.02, 190.19, 353.45, 374.09
146.73, 175.02, 190.19, 353.45, 374.09
146.73, 175.02, 190.19, 353.45, 374.09
146.73, 175.02, 190.19, 353.45, 374.09
146.73, 175.02, 190.19, 353.45, 374.09
146.73, 175.02, 190.19, 353.45, 374.09
146.69, 175.07, 190.16, 353.45, 374.09
146.70, 175.02, 190.17, 353.45, 374.09
146.70, 175.02, 190.17, 353.45, 374.09
146.64, 175.01, 190.16, 353.45, 374.09
146.50, 175.04, 190.17, 353.45, 374.09
146.47, 175.05, 190.15, 353.45, 374.09
146.55, 175.05, 190.15, 353.45, 374.09
146.53, 175.02, 190.15, 353.45, 374.09
146.56, 175.08, 190.13, 353.45, 374.09
146.53, 175.01, 190.15, 353.45, 374.09
146.52, 175.05, 190.17, 353.45, 374.09
146.54, 175.01, 190.15, 353.45, 374.09
146.98, 175.11, 190.30, 353.43, 374.09
146.82, 175.02, 190.29, 353.43, 374.09
146.81, 175.02, 190.27, 353.43, 374.09
146.82, 175.02, 190.29, 353.43, 374.09
147.28, 175.47, 190.35, 353.51, 374.01
146.77, 175.36, 190.40, 353.51, 374.01
146.77, 175.36, 190.40, 353.51, 374.01
146.77, 175.36, 190.40, 353.51, 374.01
146.90, 175.38, 190.45, 353.51, 374.01
146.88, 175.37, 190.44, 353.51, 374.01
146.92, 175.40, 190.40, 353.51, 374.01
146.86, 175.29, 190.48, 353.51, 374.01
146.91, 175.26, 190.37, 353.49, 374.01
146.98, 175.25, 190.38, 353.49, 374.01
146.98, 175.25, 190.38, 353.49, 374.01
146.98, 175.25, 190.38, 353.49, 374.01
147.05, 175.26, 190.34, 353.49, 374.01
147.01, 175.26, 190.43, 353.49, 374.01
147.03, 175.26, 190.44, 353.49, 374.01
146.90, 175.16, 190.43, 353.49, 374.01
146.97, 175.20, 190.43, 353.49, 374.01
146.92, 175.12, 190.45, 353.49, 374.01
147.01, 175.18, 190.44, 353.49, 374.01
146.95, 175.16, 190.45, 353.49, 374.01
147.06, 175.18, 190.46, 353.49, 374.01
147.06, 175.18, 190.46, 353.49, 374.01
147.11, 175.12, 190.47, 353.49, 374.01
147.02, 175.19, 190.46, 353.49, 374.01
147.09, 175.31, 190.50, 353.51, 374.01
147.07, 175.36, 190.50, 353.51, 374.01
147.13, 175.36, 190.48, 353.51, 374.01
147.08, 175.33, 190.59, 353.51, 374.01
147.20, 175.30, 190.61, 353.51, 374.01
147.19, 175.29, 190.62, 353.51, 374.01
147.11, 175.10, 190.65, 353.49, 374.01
146.00, 175.42, 189.99, 353.57, 373.91
146.00, 175.42, 189.99, 353.57, 373.91
146.00, 175.42, 189.99, 353.57, 373.91
146.00, 175.42, 189.99, 353.57, 373.91
146.00, 175.42, 189.99, 353.57, 373.91
146.00, 175.42, 189.99, 353.57, 373.91
146.00, 175.42, 189.99, 353.57, 373.91
146.00, 175.42, 189.99, 353.57, 373.91
146.00, 175.42, 189.99, 353.57, 373.91
146.09, 175.40, 189.96, 353.57, 373.91
146.10, 175.40, 189.96, 353.57, 373.91
146.19, 175.39, 189.94, 353.57, 373.91
146.22, 175.39, 189.98, 353.57, 373.91
146.27, 175.41, 189.95, 353.57, 373.91
146.18, 175.41, 189.97, 353.57, 373.91
146.16, 175.42, 189.97, 353.57, 373.91
146.01, 175.42, 189.97, 353.57, 373.91
146.07, 175.29, 189.91, 353.57, 373.91
146.61, 173.23, 189.08, 354.42, 374.74
146.61, 173.23, 189.08, 354.42, 374.74
146.02, 174.92, 189.63, 356.02, 375.61
145.97, 174.83, 189.49, 356.02, 375.61
146.94, 174.51, 188.69, 358.57, 377.97
146.94, 174.51, 188.69, 358.57, 377.97
148.76, 175.79, 190.52, 362.45, 381.09
149.25, 175.13, 190.31, 362.58, 380.98
148.48, 174.44, 188.76, 367.36, 385.23
148.80, 173.88, 188.54, 367.48, 385.14
150.42, 174.78, 190.06, 374.78, 389.53
150.42, 174.78, 190.06, 374.78, 389.53
149.77, 173.51, 188.44, 382.49, 394.38
149.77, 173.51, 188.44, 382.49, 394.38
151.19, 172.03, 188.90, 391.30, 400.32
151.19, 172.03, 188.90, 391.30, 400.32
150.58, 173.16, 188.16, 401.16, 405.97
150.71, 173.37, 188.16, 401.13, 406.00
153.42, 171.81, 187.38, 411.55, 411.75
153.37, 171.84, 187.35, 411.55, 411.75
155.41, 169.38, 186.88, 421.46, 419.14
155.40, 169.32, 186.95, 421.51, 419.04
154.53, 170.23, 186.49, 432.26, 423.50
154.53, 170.23, 186.49, 432.26, 423.50
151.61, 170.72, 186.72, 442.04, 427.73
151.61, 170.72, 186.72, 442.04, 427.73
151.38, 172.84, 187.34, 450.82, 431.56
151.38, 172.84, 187.34, 450.82, 431.56
151.52, 174.67, 188.09, 458.77, 434.80
151.52, 174.67, 188.09, 458.77, 434.80
151.34, 174.43, 189.26, 465.26, 437.92
151.34, 174.43, 189.26, 465.26, 437.92
149.11, 175.30, 188.05, 470.43, 440.53
149.18, 175.28, 188.52, 470.47, 440.47
149.97, 175.35, 189.21, 474.12, 442.83
149.97, 175.35, 189.21, 474.12, 442.83
151.00, 173.86, 188.32, 476.88, 444.08
150.85, 174.42, 188.35, 476.88, 444.07
148.46, 175.90, 189.28, 478.66, 445.30
148.45, 175.81, 189.23, 478.66, 445.30
148.70, 176.26, 189.99, 479.52, 445.41
148.70, 176.26, 189.99, 479.52, 445.41
148.47, 175.33, 190.21, 479.52, 445.29
148.60, 175.34, 190.20, 479.52, 445.29
148.61, 175.32, 190.20, 479.52, 445.29
148.71, 175.31, 190.20, 479.52, 445.29
148.69, 175.30, 190.21, 479.52, 445.29
148.69, 175.30, 190.21, 479.52, 445.29
149.13, 172.53, 189.27, 480.06, 445.92
149.13, 172.53, 189.27, 480.06, 445.92
149.89, 174.61, 190.48, 481.52, 448.11
149.89, 174.61, 190.48, 481.52, 448.11
148.95, 174.54, 188.74, 484.09, 451.63
148.95, 174.54, 188.74, 484.09, 451.63
149.73, 175.31, 188.62, 487.25, 457.35
149.73, 175.31, 188.62, 487.25, 457.35
149.23, 173.84, 187.51, 492.10, 464.04
149.25, 173.80, 187.51, 492.10, 464.04
150.62, 174.22, 188.00, 497.10, 472.39
150.70, 174.12, 188.00, 497.10, 472.39
151.08, 175.30, 187.95, 503.27, 481.27
150.98, 175.36, 187.95, 503.27, 481.27
150.95, 175.41, 187.33, 509.49, 488.78
150.95, 175.41, 187.33, 509.49, 488.78
148.64, 176.49, 187.39, 515.63, 495.44
148.64, 176.49, 187.39, 515.63, 495.44
148.59, 176.66, 187.80, 520.28, 501.35
148.59, 176.66, 187.80, 520.28, 501.35
148.49, 175.94, 187.89, 524.10, 506.48
148.35, 175.94, 187.91, 524.16, 506.45
146.96, 178.52, 188.74, 527.65, 510.24
146.96, 178.52, 188.74, 527.65, 510.24
145.73, 177.20, 187.68, 529.54, 513.68
145.73, 177.20, 187.68, 529.54, 513.68
146.08, 178.26, 188.54, 531.19, 515.85
146.08, 178.26, 188.54, 531.19, 515.85
145.68, 177.62, 188.21, 532.34, 517.15
145.71, 177.77, 188.23, 532.34, 517.15
145.12, 178.18, 188.38, 532.97, 517.41
145.12, 178.18, 188.38, 532.97, 517.41
144.81, 178.69, 188.35, 533.21, 518.06
144.68, 178.32, 188.25, 533.21, 518.06
144.93, 179.40, 188.29, 534.51, 519.62
144.83, 179.42, 188.28, 534.51, 519.62
144.42, 179.07, 187.91, 536.53, 522.30
144.75, 179.78, 188.11, 536.53, 522.30
144.78, 178.81, 188.31, 539.94, 526.31
144.81, 178.81, 188.31, 539.94, 526.31
144.57, 178.62, 187.40, 544.06, 531.50
144.55, 178.63, 187.41, 544.06, 531.50
144.34, 179.61, 187.52, 548.65, 537.65
144.35, 179.61, 187.51, 548.65, 537.65
144.88, 179.13, 187.67, 554.57, 545.01
144.69, 179.34, 187.70, 554.54, 545.01
143.26, 180.44, 187.67, 560.77, 551.29
143.26, 180.44, 187.67, 560.77, 551.29
142.13, 181.44, 187.95, 565.99, 557.36
142.14, 181.20, 187.91, 566.04, 557.34
142.30, 181.23, 188.56, 570.89, 562.04
142.30, 181.23, 188.56, 570.89, 562.04
141.61, 181.59, 188.91, 574.37, 565.84
141.61, 181.59, 188.91, 574.37, 565.84
140.36, 183.41, 189.36, 577.22, 568.70
140.36, 183.41, 189.36, 577.22, 568.70
139.11, 182.08, 188.06, 579.06, 571.07
139.11, 182.08, 188.06, 579.06, 571.07
139.84, 184.07, 189.21, 580.49, 572.46
139.82, 184.13, 189.23, 580.49, 572.46
138.58, 181.99, 188.30, 581.09, 574.79
138.58, 181.99, 188.30, 581.09, 574.79
140.40, 181.63, 189.08, 582.73, 576.96
140.40, 181.63, 189.08, 582.73, 576.96
139.16, 182.58, 188.71, 584.26, 579.01
139.16, 182.58, 188.71, 584.26, 579.01
137.79, 183.39, 188.73, 585.69, 579.89
137.79, 183.39, 188.73, 585.69, 579.89
138.38, 183.80, 188.97, 586.86, 580.14
138.39, 183.80, 188.97, 586.86, 580.14
138.62, 183.87, 189.03, 586.89, 580.11
138.38, 183.58, 188.77, 586.92, 580.02
138.49, 183.80, 188.95, 586.80, 580.19
138.42, 183.97, 188.96, 586.79, 580.17
138.24, 184.05, 188.96, 586.76, 580.19
138.54, 184.64, 189.10, 586.78, 580.14
138.43, 184.67, 189.10, 586.76, 580.10
138.48, 184.75, 189.10, 586.76, 580.10
138.35, 184.53, 189.06, 586.72, 580.10
138.35, 184.53, 189.06, 586.72, 580.10
138.95, 183.23, 188.43, 586.64, 579.52
138.95, 183.23, 188.43, 586.64, 579.52
139.06, 185.08, 189.31, 586.83, 579.02
139.06, 185.08, 189.31, 586.83, 579.02
139.58, 183.26, 188.87, 587.00, 578.93
139.69, 183.35, 188.91, 587.00, 578.93
139.16, 184.24, 188.98, 586.97, 579.13
139.40, 184.01, 188.99, 586.92, 579.13
139.47, 183.74, 189.06, 586.93, 579.08
139.50, 183.74, 189.05, 586.93, 579.08
139.48, 183.70, 189.07, 586.93, 579.08
139.90, 183.78, 189.06, 586.91, 579.04
139.84, 183.69, 189.07, 586.91, 579.04
140.03, 183.70, 189.07, 586.93, 578.99
139.96, 183.65, 189.10, 586.93, 578.99
139.92, 184.10, 189.14, 586.94, 578.94
139.88, 184.07, 189.16, 586.94, 578.94
139.96, 184.08, 189.17, 586.94, 578.94
139.72, 184.11, 189.22, 586.92, 578.96
139.90, 184.24, 189.28, 586.94, 578.94
139.88, 184.25, 189.33, 586.94, 578.94
139.97, 184.33, 189.35, 586.94, 578.94
139.86, 184.28, 189.35, 586.94, 578.94
140.04, 184.67, 189.40, 586.95, 578.86
139.94, 184.65, 189.41, 586.95, 578.86
139.88, 184.57, 189.43, 586.95, 578.86
139.46, 184.68, 189.45, 586.94, 578.82
139.52, 184.93, 189.43, 586.94, 578.87
139.72, 184.74, 189.41, 586.95, 578.82
139.70, 184.93, 189.57, 587.01, 578.81
139.75, 184.95, 189.53, 587.00, 578.76
139.75, 184.92, 189.47, 586.98, 578.81
139.66, 184.60, 189.41, 587.03, 578.71
139.68, 184.66, 189.44, 587.03, 578.71
139.54, 183.81, 189.42, 587.16, 578.64
139.57, 183.84, 189.41, 587.16, 578.64
139.55, 183.83, 189.42, 587.16, 578.64
139.58, 183.83, 189.42, 587.16, 578.64
139.55, 183.81, 189.41, 587.16, 578.64
139.45, 183.87, 189.39, 587.16, 578.62
138.89, 183.14, 188.96, 587.48, 578.47
138.89, 183.14, 188.96, 587.48, 578.47
138.15, 184.19, 189.09, 587.24, 578.69
138.15, 184.19, 189.09, 587.24, 578.69
137.96, 183.44, 188.56, 587.70, 578.73
138.17, 183.43, 188.60, 587.70, 578.75
138.53, 184.20, 188.94, 588.08, 578.88
138.57, 184.46, 188.97, 588.13, 578.80
138.10, 184.35, 188.94, 587.87, 578.82
138.16, 184.30, 188.94, 587.87, 578.82
138.16, 184.24, 188.92, 587.87, 578.82
138.97, 184.13, 188.78, 587.83, 578.76
138.54, 184.51, 188.90, 587.79, 578.78
138.54, 184.51, 188.90, 587.79, 578.78
138.54, 184.51, 188.90, 587.79, 578.78
138.47, 184.78, 188.96, 587.85, 578.71
138.56, 184.57, 189.06, 587.85, 578.74
138.59, 184.63, 189.07, 587.85, 578.74
138.33, 184.71, 189.09, 587.89, 578.72
138.33, 184.71, 189.09, 587.89, 578.72
139.12, 183.80, 188.51, 587.83, 578.67
139.28, 183.82, 188.52, 587.83, 578.67
137.34, 184.44, 188.65, 588.34, 578.05
137.34, 184.44, 188.65, 588.34, 578.05
137.92, 184.91, 188.76, 588.63, 578.23
137.92, 184.91, 188.76, 588.63, 578.23
138.75, 184.89, 188.55, 589.18, 578.31
138.78, 184.92, 188.54, 589.18, 578.31
138.14, 184.90, 188.62, 589.16, 578.38
137.99, 184.91, 188.61, 589.16, 578.38
138.16, 185.02, 188.69, 589.28, 578.32
138.11, 185.18, 188.70, 589.22, 578.36
138.16, 185.13, 188.74, 589.22, 578.36
138.15, 185.13, 188.73, 589.22, 578.36
138.03, 185.01, 188.72, 589.22, 578.36
137.92, 185.28, 188.87, 589.14, 578.41
137.91, 185.28, 188.89, 589.14, 578.41
137.92, 185.27, 188.87, 589.14, 578.41
137.80, 185.14, 188.87, 589.14, 578.41
137.88, 185.19, 188.85, 589.14, 578.41
137.88, 185.20, 188.85, 589.14, 578.41
138.14, 185.24, 188.79, 589.18, 578.40
137.95, 185.12, 188.87, 589.18, 578.43
137.95, 185.12, 188.87, 589.18, 578.43
138.35, 183.62, 188.10, 589.66, 579.78
138.32, 183.60, 188.10, 589.66, 579.78
138.34, 184.13, 188.46, 591.27, 582.09
138.34, 184.13, 188.47, 591.27, 582.09
139.61, 182.88, 187.80, 593.97, 585.66
139.61, 182.88, 187.80, 593.97, 585.66
139.80, 183.29, 187.99, 597.32, 590.09
139.80, 183.29, 187.99, 597.32, 590.09
139.13, 182.74, 187.76, 601.37, 595.36
139.13, 182.74, 187.76, 601.37, 595.36
137.85, 183.76, 188.14, 605.00, 599.94
137.85, 183.76, 188.14, 605.00, 599.94
137.38, 184.55, 188.46, 608.21, 603.22
137.42, 184.55, 188.41, 608.24, 603.22
137.39, 185.20, 188.65, 610.32, 605.67
137.39, 185.20, 188.65, 610.32, 605.67
135.62, 184.65, 188.15, 611.76, 607.05
135.62, 184.65, 188.15, 611.76, 607.05
137.21, 183.51, 188.29, 612.08, 607.86
137.07, 184.26, 188.40, 612.00, 607.82
136.74, 184.47, 188.37, 611.91, 607.70
136.58, 184.62, 188.36, 611.88, 607.67
136.81, 184.62, 188.31, 611.72, 607.71
136.99, 184.77, 188.34, 611.72, 607.71
136.80, 184.85, 188.46, 611.77, 607.71
136.80, 184.85, 188.46, 611.77, 607.71
136.80, 184.85, 188.46, 611.77, 607.71
136.98, 184.94, 188.49, 611.75, 607.70
136.89, 184.95, 188.52, 611.75, 607.70
136.91, 184.98, 188.52, 611.75, 607.70
136.90, 184.97, 188.51, 611.75, 607.70
137.07, 185.18, 188.55, 611.75, 607.70
137.22, 184.72, 188.70, 611.73, 607.70
137.23, 184.63, 188.71, 611.73, 607.72
137.12, 184.60, 188.72, 611.73, 607.72
137.19, 184.95, 188.76, 611.71, 607.76
136.94, 185.25, 188.81, 611.76, 607.72
137.10, 185.11, 188.81, 611.76, 607.74
136.96, 185.07, 188.80, 611.76, 607.74
136.84, 185.40, 188.84, 611.68, 607.82
136.53, 185.25, 188.91, 611.76, 607.74
136.53, 185.25, 188.91, 611.76, 607.74
136.53, 185.25, 188.91, 611.76, 607.74
136.42, 185.51, 188.95, 611.72, 607.79
136.42, 185.50, 188.96, 611.72, 607.79
136.45, 185.41, 188.89, 611.75, 607.74
136.32, 185.35, 188.90, 611.75, 607.74
136.38, 185.39, 188.89, 611.75, 607.74
136.39, 185.37, 188.90, 611.75, 607.74
136.41, 185.37, 188.91, 611.75, 607.74
136.07, 186.58, 189.17, 612.05, 607.64
136.52, 186.72, 189.21, 612.14, 607.60
136.34, 186.70, 189.26, 612.14, 607.60
136.32, 186.70, 189.26, 612.14, 607.60
136.20, 186.54, 189.21, 612.14, 607.60
136.32, 186.77, 189.26, 612.14, 607.60
136.32, 186.77, 189.26, 612.14, 607.60
136.30, 186.77, 189.26, 612.14, 607.60
136.13, 186.67, 189.23, 612.14, 607.60
136.27, 186.76, 189.18, 612.14, 607.60
136.20, 186.76, 189.19, 612.14, 607.60
136.27, 186.76, 189.19, 612.14, 607.60
136.00, 186.58, 189.28, 612.14, 607.60
136.22, 186.76, 189.32, 612.14, 607.60
136.21, 186.71, 189.32, 612.14, 607.60
136.27, 186.72, 189.33, 612.14, 607.60
136.19, 186.71, 189.31, 612.14, 607.60
136.42, 186.93, 189.42, 612.14, 607.60
136.44, 186.67, 189.36, 612.18, 607.58
136.32, 186.58, 189.35, 612.18, 607.58
135.77, 186.35, 188.75, 612.19, 607.49
135.80, 186.35, 188.75, 612.19, 607.49
135.79, 186.34, 188.74, 612.19, 607.49
135.82, 186.35, 188.75, 612.19, 607.49
135.86, 186.35, 188.75, 612.19, 607.49
135.89, 186.38, 188.77, 612.19, 607.49
136.50, 184.18, 188.12, 611.94, 607.88
136.39, 184.33, 188.13, 611.94, 607.88
136.79, 184.72, 188.68, 611.62, 608.84
136.79, 184.72, 188.68, 611.62, 608.84
136.16, 185.16, 188.29, 611.78, 609.71
136.19, 184.93, 188.26, 611.75, 609.72
135.86, 185.68, 188.39, 612.29, 609.95
135.86, 185.68, 188.39, 612.29, 609.95
135.77, 186.66, 188.67, 612.48, 610.00
135.81, 186.32, 188.55, 612.45, 610.11
135.82, 186.50, 188.68, 612.48, 610.00
136.15, 186.36, 188.59, 612.51, 610.04
136.55, 186.13, 188.36, 612.46, 610.09
136.56, 186.13, 188.34, 612.46, 610.09
136.86, 185.94, 188.30, 612.52, 609.99
137.14, 186.05, 188.34, 612.57, 609.93
136.70, 186.22, 188.48, 612.51, 609.97
136.81, 186.11, 188.40, 612.51, 610.03
136.64, 186.22, 188.46, 612.51, 609.97
136.66, 186.51, 188.44, 612.50, 610.07
136.50, 186.72, 188.68, 612.56, 609.90
136.77, 186.48, 188.56, 612.59, 609.93
136.70, 186.44, 188.63, 612.59, 609.93
137.15, 186.62, 188.66, 612.56, 609.97
137.00, 186.40, 188.82, 612.52, 610.02
137.00, 186.38, 188.82, 612.52, 610.02
136.35, 186.20, 188.81, 612.32, 609.96
136.35, 186.20, 188.81, 612.32, 609.96
136.25, 185.31, 188.52, 612.18, 609.64
136.34, 185.42, 188.59, 612.22, 609.61
137.61, 185.45, 188.50, 612.41, 608.68
137.48, 185.54, 188.48, 612.41, 608.68
137.05, 183.87, 187.97, 612.82, 608.10
137.21, 184.01, 188.01, 612.85, 608.06
135.93, 185.39, 188.62, 613.21, 607.61
135.91, 185.37, 188.61, 613.21, 607.61
137.18, 184.24, 188.20, 613.26, 607.98
137.25, 184.22, 188.19, 613.26, 607.98
137.16, 184.77, 188.58, 613.50, 607.94
137.49, 185.05, 188.59, 613.47, 607.99
137.41, 185.03, 188.58, 613.47, 607.99
137.34, 185.08, 188.56, 613.47, 607.99
137.01, 185.01, 188.53, 613.47, 607.99
137.27, 185.33, 188.59, 613.47, 607.99
137.26, 185.31, 188.62, 613.47, 607.99
137.25, 185.37, 188.64, 613.47, 607.99
137.09, 185.30, 188.64, 613.47, 607.99
137.24, 185.46, 188.71, 613.47, 607.99
137.20, 185.41, 188.71, 613.47, 607.99
137.27, 185.49, 188.70, 613.47, 607.99
136.89, 185.37, 188.72, 613.52, 607.97
137.04, 185.27, 188.71, 613.47, 607.99
136.97, 185.26, 188.69, 613.47, 607.99
136.94, 185.27, 188.70, 613.47, 607.99
136.50, 185.15, 188.62, 613.60, 607.90
136.50, 185.15, 188.62, 613.60, 607.90
136.50, 185.15, 188.62, 613.60, 607.90
136.50, 185.15, 188.62, 613.60, 607.90
136.50, 185.15, 188.62, 613.60, 607.90
136.52, 185.16, 188.63, 613.60, 607.90
136.48, 185.15, 188.62, 613.60, 607.90
136.52, 185.16, 188.62, 613.60, 607.90
136.32, 184.97, 188.47, 613.52, 607.92
136.34, 184.97, 188.48, 613.52, 607.92
136.32, 184.98, 188.49, 613.52, 607.92
136.35, 184.98, 188.46, 613.52, 607.92
136.28, 184.98, 188.47, 613.52, 607.92
136.39, 185.00, 188.49, 613.52, 607.92
136.38, 184.98, 188.48, 613.52, 607.92
136.41, 184.99, 188.47, 613.52, 607.92
136.33, 184.96, 188.45, 613.52, 607.92
136.42, 185.06, 188.48, 613.52, 607.92
136.30, 185.11, 188.52, 613.52, 607.92
136.35, 185.13, 188.51, 613.52, 607.92
136.32, 185.12, 188.52, 613.52, 607.92
136.55, 185.29, 188.62, 613.52, 607.92
136.38, 185.41, 188.69, 613.46, 607.95
136.39, 185.42, 188.69, 613.46, 607.95
136.36, 185.42, 188.67, 613.46, 607.95
136.63, 185.33, 188.66, 613.41, 607.98
136.50, 185.45, 188.71, 613.46, 607.95
136.40, 185.59, 188.73, 613.46, 607.95
136.33, 185.58, 188.71, 613.46, 607.95
136.52, 185.50, 188.74, 613.48, 607.94
136.37, 185.38, 188.67, 613.54, 607.91
136.39, 185.36, 188.67, 613.54, 607.91
136.37, 185.35, 188.67, 613.54, 607.91
136.43, 185.57, 188.62, 613.49, 607.93
136.26, 185.53, 188.59, 613.49, 607.93
136.27, 185.53, 188.60, 613.49, 607.93
136.26, 185.53, 188.59, 613.49, 607.93
136.51, 185.44, 188.48, 613.44, 607.96
136.44, 185.42, 188.51, 613.47, 607.93
136.52, 185.44, 188.52, 613.47, 607.93
136.43, 185.35, 188.53, 613.47, 607.93
136.66, 185.30, 188.65, 613.47, 607.93
136.66, 185.30, 188.65, 613.47, 607.93
136.56, 185.34, 188.69, 613.41, 607.96
136.48, 185.31, 188.71, 613.41, 607.96
136.56, 185.22, 188.64, 613.38, 607.99
136.54, 185.16, 188.64, 613.38, 607.99
136.48, 185.18, 188.65, 613.38, 607.99
136.39, 185.13, 188.63, 613.38, 607.99
136.37, 185.15, 188.60, 613.39, 607.98
136.35, 185.18, 188.58, 613.39, 607.98
136.42, 185.31, 188.63, 613.36, 608.00
136.26, 185.19, 188.58, 613.36, 608.00
136.46, 185.37, 188.66, 613.36, 608.01
136.39, 185.34, 188.65, 613.36, 608.01
136.27, 185.41, 188.56, 613.34, 608.01
136.17, 185.30, 188.59, 613.34, 608.01
136.37, 185.73, 188.75, 613.34, 608.01
136.37, 185.73, 188.75, 613.34, 608.01
136.22, 185.42, 188.60, 613.23, 608.04
136.30, 184.95, 188.46, 613.44, 607.97
136.34, 184.95, 188.45, 613.44, 607.97
136.36, 184.94, 188.48, 613.44, 607.97
136.38, 184.94, 188.48, 613.44, 607.97
136.38, 184.94, 188.50, 613.44, 607.97
136.56, 184.89, 188.42, 613.41, 607.97
136.56, 184.85, 188.41, 613.41, 607.97
136.60, 184.88, 188.40, 613.41, 607.97
136.52, 184.81, 188.39, 613.41, 607.97
136.51, 184.80, 188.38, 613.41, 607.97
136.47, 184.81, 188.38, 613.41, 607.97
136.46, 184.90, 188.46, 613.44, 607.97
136.39, 184.90, 188.46, 613.44, 607.97
136.44, 184.85, 188.52, 613.44, 607.97
136.46, 184.84, 188.48, 613.44, 607.97
136.52, 184.85, 188.47, 613.44, 607.97
136.48, 184.85, 188.51, 613.44, 607.97
136.59, 184.86, 188.53, 613.44, 607.97
136.51, 184.83, 188.53, 613.44, 607.97
136.57, 184.85, 188.52, 613.44, 607.97
136.47, 184.84, 188.52, 613.44, 607.97
136.57, 184.94, 188.55, 613.44, 607.97
136.58, 184.80, 188.54, 613.47, 607.99
136.58, 184.81, 188.54, 613.47, 607.99
136.58, 184.80, 188.54, 613.47, 607.99
136.63, 184.85, 188.51, 613.35, 608.02
136.49, 184.87, 188.49, 613.35, 608.02
136.50, 184.86, 188.50, 613.35, 608.02
136.49, 184.87, 188.49, 613.35, 608.02
136.96, 185.05, 188.52, 613.40, 607.98
136.56, 184.65, 188.41, 613.33, 607.99
136.56, 184.65, 188.41, 613.33, 607.99
136.56, 184.65, 188.41, 613.33, 607.99
136.49, 184.93, 188.39, 613.29, 607.98
136.49, 184.93, 188.39, 613.29, 607.98
136.36, 184.86, 188.32, 613.25, 607.99
136.33, 184.83, 188.32, 613.25, 607.99
136.33, 184.94, 188.34, 613.25, 607.99
136.31, 184.90, 188.39, 613.25, 607.99
136.40, 184.99, 188.46, 613.29, 607.99
136.11, 184.80, 188.36, 613.25, 607.99
136.18, 184.86, 188.34, 613.25, 607.99
136.23, 184.85, 188.33, 613.25, 607.99
136.26, 184.90, 188.34, 613.25, 607.99
136.14, 184.84, 188.32, 613.25, 607.99
136.32, 184.96, 188.39, 613.29, 607.99
136.20, 184.84, 188.33, 613.25, 607.99
136.48, 184.83, 188.35, 613.29, 607.98
136.42, 184.79, 188.32, 613.29, 607.98
136.59, 184.93, 188.35, 613.29, 607.98
136.58, 184.69, 188.32, 613.31, 607.96
136.48, 184.57, 188.26, 613.26, 607.94
136.48, 184.57, 188.26, 613.26, 607.94
136.25, 184.66, 188.07, 613.15, 607.43
136.24, 184.65, 188.07, 613.15, 607.43
135.88, 185.76, 188.53, 612.24, 606.22
135.89, 185.76, 188.53, 612.24, 606.22
136.47, 184.82, 188.17, 610.47, 604.48
136.47, 184.82, 188.17, 610.47, 604.48
136.90, 185.71, 188.48, 608.30, 602.01
137.38, 185.85, 188.58, 608.35, 601.88
137.01, 183.92, 187.48, 605.26, 599.05
137.06, 183.80, 187.47, 605.26, 599.05
138.10, 184.63, 187.49, 602.54, 595.03
138.10, 184.63, 187.49, 602.54, 595.03
139.28, 181.88, 187.06, 598.66, 590.85
139.27, 181.89, 187.06, 598.66, 590.85
139.22, 181.85, 187.25, 594.26, 585.63
139.22, 181.85, 187.25, 594.26, 585.63
140.93, 180.29, 187.33, 588.67, 580.09
140.93, 180.29, 187.33, 588.67, 580.09
141.72, 179.85, 187.38, 582.44, 573.47
141.72, 179.85, 187.38, 582.44, 573.47
143.55, 179.48, 187.25, 576.20, 565.55
143.55, 179.48, 187.25, 576.20, 565.55
146.97, 177.21, 187.43, 569.21, 557.62
146.97, 177.21, 187.43, 569.21, 557.62
146.48, 176.57, 187.16, 561.26, 549.04
146.48, 176.57, 187.16, 561.26, 549.04
147.10, 176.79, 186.15, 552.56, 539.89
147.10, 176.79, 186.15, 552.56, 539.89
148.94, 176.13, 186.32, 544.40, 530.40
148.95, 176.03, 186.32, 544.42, 530.38
150.79, 174.61, 186.76, 535.87, 521.07
150.79, 174.61, 186.76, 535.87, 521.07
149.75, 175.32, 186.20, 528.00, 511.89
149.77, 175.32, 186.18, 527.98, 511.91
150.69, 174.89, 186.38, 520.38, 503.93
150.69, 174.89, 186.38, 520.38, 503.93
150.08, 175.32, 186.40, 514.07, 496.83
150.10, 175.33, 186.45, 514.07, 496.83
149.39, 174.94, 186.51, 508.45, 490.29
149.39, 174.94, 186.51, 508.45, 490.29
150.51, 174.76, 186.53, 501.71, 484.34
150.51, 174.76, 186.53, 501.71, 484.34
152.54, 171.95, 186.50, 494.73, 477.36
152.54, 171.95, 186.50, 494.73, 477.36
152.38, 172.18, 184.88, 486.72, 468.88
152.44, 172.08, 184.84, 486.72, 468.88
153.53, 172.11, 186.38, 478.03, 459.98
153.53, 172.11, 186.38, 478.03, 459.98
154.52, 171.19, 186.33, 468.74, 450.48
154.47, 171.29, 186.37, 468.73, 450.52
155.59, 170.14, 185.94, 458.68, 440.14
155.59, 170.14, 185.94, 458.68, 440.14
156.09, 170.09, 185.74, 447.89, 429.95
155.88, 169.23, 185.62, 447.89, 429.95
156.59, 169.28, 186.19, 436.16, 420.03
156.59, 169.28, 186.19, 436.16, 420.03
155.34, 170.17, 185.92, 426.63, 407.14
154.97, 170.10, 185.82, 426.63, 407.08
156.04, 169.89, 186.83, 415.69, 396.55
156.04, 169.89, 186.83, 415.69, 396.55
155.72, 170.57, 186.93, 404.79, 385.69
155.72, 170.57, 186.93, 404.79, 385.69
153.92, 171.47, 187.20, 393.44, 374.41
153.92, 171.47, 187.20, 393.44, 374.41
150.38, 172.51, 188.87, 381.34, 363.05
150.47, 172.52, 188.86, 381.34, 363.05
151.82, 171.41, 189.28, 372.07, 349.98
151.91, 172.48, 189.29, 371.92, 350.10
153.88, 168.97, 188.25, 362.65, 337.68
153.88, 168.97, 188.25, 362.65, 337.68
151.84, 173.86, 187.39, 354.84, 323.88
151.84, 173.86, 187.39, 354.84, 323.88
151.51, 171.08, 186.80, 348.70, 310.76
151.49, 171.08, 186.81, 348.70, 310.76
150.59, 175.52, 188.16, 343.47, 298.00
150.59, 175.52, 188.16, 343.47, 298.00
149.48, 171.13, 186.65, 341.12, 285.75
149.48, 171.13, 186.65, 341.12, 285.75
145.64, 175.04, 187.95, 338.19, 273.98
145.64, 175.04, 187.95, 338.19, 273.98
146.90, 174.15, 187.33, 335.67, 262.42
146.90, 174.15, 187.33, 335.67, 262.42
147.35, 173.20, 188.32, 335.77, 253.08
147.35, 173.20, 188.32, 335.77, 253.08
146.16, 174.34, 187.32, 337.82, 243.77
146.48, 173.94, 187.35, 337.86, 243.86
146.56, 171.98, 186.70, 341.28, 237.03
146.56, 171.98, 186.70, 341.28, 237.03
144.36, 174.72, 188.03, 345.63, 232.24
144.36, 174.72, 188.03, 345.63, 232.24
142.31, 173.48, 188.33, 350.72, 229.27
142.31, 173.48, 188.33, 350.72, 229.27
143.76, 174.86, 189.63, 355.82, 228.91
143.76, 174.86, 189.63, 355.82, 228.91
146.19, 171.75, 189.11, 360.63, 229.26
146.19, 171.75, 189.11, 360.63, 229.26
142.42, 171.51, 188.36, 365.34, 231.09
142.42, 171.51, 188.36, 365.34, 231.09
146.77, 172.48, 189.33, 366.54, 235.04
146.77, 172.48, 189.33, 366.54, 235.04
144.03, 175.46, 189.00, 370.00, 238.62
144.03, 175.46, 189.00, 370.00, 238.62
145.70, 174.90, 189.18, 369.40, 242.05
145.70, 174.90, 189.18, 369.40, 242.05
143.27, 173.12, 187.66, 369.13, 246.59
143.27, 173.12, 187.66, 369.13, 246.59
146.25, 172.58, 189.10, 366.73, 249.14
146.25, 172.58, 189.10, 366.73, 249.14
145.88, 174.11, 188.18, 365.22, 253.43
145.88, 174.11, 188.18, 365.22, 253.43
144.38, 173.26, 187.74, 362.87, 258.95
144.38, 173.26, 187.74, 362.87, 258.95
147.82, 172.22, 187.90, 361.47, 265.06
147.82, 172.22, 187.90, 361.47, 265.06
146.07, 171.29, 187.87, 357.21, 271.53
146.07, 171.29, 187.87, 357.21, 271.53
149.86, 171.50, 188.73, 352.28, 277.96
149.86, 171.50, 188.73, 352.28, 277.96
148.87, 172.03, 188.76, 348.61, 285.59
148.94, 172.01, 188.75, 348.61, 285.59
151.17, 172.90, 189.87, 343.91, 293.25
151.07, 172.63, 189.82, 343.91, 293.25
149.61, 171.08, 189.09, 338.85, 301.23
149.61, 171.08, 189.09, 338.85, 301.23
151.28, 169.83, 189.50, 332.30, 308.32
151.01, 169.87, 189.40, 332.31, 308.44
151.11, 171.25, 189.43, 325.10, 315.18
150.90, 169.54, 189.04, 324.99, 315.08
148.23, 171.64, 188.73, 317.74, 321.39
148.23, 171.64, 188.73, 317.74, 321.39
147.84, 175.21, 188.74, 308.96, 324.46
147.84, 175.21, 188.74, 308.96, 324.46
147.42, 171.22, 188.13, 300.08, 328.55
147.42, 171.22, 188.13, 300.08, 328.55
148.51, 172.63, 188.79, 292.11, 328.46
148.51, 172.63, 188.79, 292.11, 328.46
149.11, 170.24, 187.34, 285.04, 326.33
149.11, 170.24, 187.34, 285.04, 326.33
149.11, 171.96, 189.01, 278.64, 323.64
149.11, 171.96, 189.01, 278.64, 323.64
149.65, 173.82, 188.68, 272.90, 320.37
149.65, 173.82, 188.68, 272.90, 320.37
149.39, 171.56, 186.12, 270.39, 314.58
149.39, 171.56, 186.12, 270.39, 314.58
152.22, 173.37, 188.83, 265.88, 309.87
152.22, 173.37, 188.83, 265.88, 309.87
147.36, 176.79, 187.91, 264.71, 302.03
147.36, 176.79, 187.91, 264.71, 302.03
150.64, 171.50, 188.69, 265.80, 295.89
150.95, 171.49, 188.73, 265.80, 295.89
148.97, 172.15, 188.65, 267.27, 289.17
148.97, 172.15, 188.65, 267.27, 289.17
147.73, 172.57, 187.72, 268.49, 281.05
147.73, 172.57, 187.72, 268.49, 281.05
145.20, 175.62, 186.55, 275.10, 273.62
110.47, 193.81, 175.62, 337.07, 287.93
145.20, 175.62, 186.55, 275.10, 273.62
110.47, 193.81, 175.62, 337.07, 287.93
148.02, 170.61, 187.89, 275.67, 263.87
101.84, 190.80, 174.16, 333.24, 305.71
148.17, 170.60, 187.87, 275.67, 263.87
101.86, 190.80, 174.15, 333.24, 305.71
121.69, 174.91, 181.54, 289.51, 271.75
98.99, 189.21, 172.58, 325.03, 322.01
121.69, 174.91, 181.54, 289.51, 271.75
98.99, 189.21, 172.58, 325.03, 322.01
135.77, 170.46, 182.46, 283.89, 253.83
105.25, 191.35, 170.54, 314.30, 333.89
135.77, 170.46, 182.46, 283.89, 253.83
105.25, 191.35, 170.54, 314.30, 333.89
149.52, 169.81, 185.16, 283.76, 236.30
111.05, 194.21, 171.79, 301.09, 337.55
149.52, 169.81, 185.16, 283.76, 236.30
111.05, 194.21, 171.79, 301.09, 337.55
144.23, 172.40, 186.13, 290.79, 235.84
114.72, 193.75, 169.74, 293.46, 336.30
144.23, 172.40, 186.13, 290.79, 235.84
114.74, 193.74, 169.85, 293.48, 336.23
149.19, 172.48, 187.31, 296.77, 224.13
149.19, 172.48, 187.31, 296.77, 224.13
143.59, 171.26, 187.18, 305.56, 217.25
143.59, 171.26, 187.18, 305.56, 217.25
147.46, 170.51, 187.24, 314.29, 210.33
147.46, 170.51, 187.24, 314.29, 210.33
143.73, 170.75, 187.70, 323.23, 205.57
143.73, 170.75, 187.70, 323.23, 205.57
143.05, 171.70, 187.73, 333.37, 202.68
143.05, 171.70, 187.73, 333.37, 202.68
141.60, 173.28, 187.11, 342.21, 201.62
141.60, 173.28, 187.11, 342.21, 201.62
141.17, 170.68, 187.03, 349.85, 203.15
147.03, 171.77, 188.97, 357.67, 205.11
147.03, 171.77, 188.97, 357.67, 205.11
146.47, 171.93, 189.25, 362.66, 209.37
146.47, 171.93, 189.25, 362.66, 209.37
146.47, 171.93, 189.25, 362.66, 209.37
146.35, 171.83, 187.05, 366.55, 213.21
146.35, 171.83, 187.05, 366.55, 213.21
144.35, 170.51, 186.64, 368.52, 218.52
143.33, 171.94, 187.03, 368.46, 218.46
143.22, 171.99, 185.31, 369.55, 223.75
143.22, 171.99, 185.31, 369.55, 223.75
143.99, 175.31, 185.26, 364.71, 233.41
143.26, 175.91, 184.86, 363.82, 234.08
137.85, 171.46, 183.59, 364.56, 236.63
109.30, 188.45, 173.15, 337.55, 292.65
137.85, 171.46, 183.59, 364.56, 236.63
109.37, 188.46, 173.16, 337.61, 292.62
107.95, 187.13, 172.53, 348.50, 284.40
136.47, 172.78, 184.57, 367.11, 240.49
107.95, 187.13, 172.53, 348.50, 284.40
136.47, 172.78, 184.57, 367.11, 240.49
106.49, 188.33, 172.60, 357.02, 285.70
147.57, 151.60, 178.03, 373.25, 240.95
106.51, 188.34, 172.65, 357.02, 285.70
147.70, 151.58, 178.10, 373.25, 240.95
86.35, 184.07, 170.41, 376.28, 245.24
86.35, 184.07, 170.41, 376.28, 245.24
126.28, 158.73, 179.31, 409.60, 187.26
126.28, 158.73, 179.31, 409.60, 187.26
150.66, 160.21, 186.03, 423.84, 167.98
150.66, 160.21, 186.03, 423.84, 167.98
167.27, 159.07, 187.43, 444.40, 148.52
167.27, 159.07, 187.43, 444.40, 148.52
168.06, 154.89, 189.35, 461.30, 131.81
168.06, 154.89, 189.35, 461.30, 131.81
176.73, 139.27, 186.40, 484.94, 138.02
176.73, 139.27, 186.40, 484.94, 138.02
137.05, 153.19, 175.95, 475.03, 118.10
137.05, 153.19, 175.95, 475.03, 118.10
141.38, 172.02, 184.78, 486.27, 122.35
141.38, 172.02, 184.78, 486.27, 122.35
142.57, 175.16, 185.99, 498.48, 131.31
142.57, 175.16, 185.99, 498.48, 131.31
112.67, 194.07, 170.69, 546.12, 299.25
150.67, 174.28, 185.39, 511.17, 147.01
112.59, 194.11, 170.79, 546.01, 299.27
150.40, 174.56, 185.37, 511.09, 147.11
153.18, 165.08, 187.33, 522.35, 167.90
153.18, 165.08, 187.33, 522.35, 167.90
151.99, 153.04, 184.39, 536.88, 157.51
151.90, 153.47, 184.45, 536.88, 157.51
173.50, 140.38, 174.12, 538.75, 161.00
173.50, 140.38, 174.12, 538.75, 161.00
161.66, 153.98, 186.39, 540.05, 167.72
161.66, 153.98, 186.39, 540.05, 167.72
157.86, 159.32, 186.99, 540.14, 184.25
157.86, 159.32, 186.99, 540.14, 184.25
147.38, 172.48, 187.15, 544.12, 198.61
147.38, 172.48, 187.15, 544.12, 198.61
149.15, 171.23, 188.17, 550.14, 200.82
149.15, 171.23, 188.17, 550.14, 200.82
147.15, 170.49, 187.06, 555.33, 206.41
147.15, 170.49, 187.06, 555.33, 206.41
148.35, 172.03, 188.18, 557.77, 202.75
148.35, 172.03, 188.18, 557.77, 202.75
144.80, 172.12, 187.56, 559.79, 203.00
144.80, 172.12, 187.56, 559.79, 203.00
145.04, 172.68, 185.98, 566.15, 205.63
145.04, 172.68, 185.98, 566.15, 205.63
148.60, 171.96, 186.62, 565.78, 201.88
148.60, 171.96, 186.62, 565.78, 201.88
147.41, 174.00, 187.23, 570.74, 201.43
147.41, 174.00, 187.23, 570.74, 201.43
143.34, 171.81, 186.40, 575.28, 199.99
143.34, 171.81, 186.40, 575.28, 199.99
144.04, 177.11, 188.37, 578.28, 197.54
144.34, 175.36, 187.85, 579.04, 197.28
142.82, 171.90, 187.04, 582.24, 195.19
142.50, 172.92, 186.97, 582.18, 195.25
139.66, 178.03, 187.27, 586.24, 192.26
139.66, 178.03, 187.27, 586.24, 192.26
135.79, 175.03, 184.94, 589.97, 192.14
135.79, 175.03, 184.94, 589.97, 192.14
141.56, 176.87, 187.93, 595.16, 192.68
141.56, 176.87, 187.93, 595.16, 192.68
142.45, 173.66, 186.70, 599.14, 193.78
110.78, 193.16, 177.05, 621.20, 276.90
142.45, 173.66, 186.70, 599.14, 193.78
110.78, 193.16, 177.05, 621.20, 276.90
140.93, 174.27, 186.27, 600.87, 193.94
112.08, 192.82, 177.84, 619.81, 274.50
140.93, 174.27, 186.27, 600.87, 193.94
112.08, 192.82, 177.84, 619.81, 274.50
140.04, 176.35, 186.73, 605.26, 196.49
112.12, 193.10, 176.98, 620.54, 272.93
140.04, 176.35, 186.73, 605.26, 196.49
112.12, 193.10, 177.00, 620.53, 272.92
138.70, 175.78, 187.69, 610.63, 199.26
113.53, 193.18, 177.74, 619.58, 272.04
138.70, 175.78, 187.69, 610.63, 199.26
113.53, 193.18, 177.74, 619.58, 272.04
135.85, 178.23, 186.67, 612.71, 201.65
112.71, 192.71, 177.24, 619.14, 270.00
135.97, 178.20, 186.67, 612.71, 201.65
112.73, 192.70, 177.24, 619.14, 270.00
136.51, 177.16, 186.26, 611.38, 200.01
114.13, 192.50, 178.00, 619.04, 266.87
136.51, 177.16, 186.26, 611.38, 200.01
114.13, 192.50, 178.00, 619.04, 266.87
112.31, 192.07, 177.90, 620.73, 268.73
138.39, 176.83, 186.41, 612.51, 198.81
112.31, 192.07, 177.90, 620.73, 268.73
138.39, 176.83, 186.41, 612.51, 198.81
112.93, 191.96, 177.81, 621.32, 268.52
138.73, 176.46, 185.76, 611.45, 198.60
112.93, 191.96, 177.81, 621.32, 268.52
138.73, 176.46, 185.76, 611.45, 198.60
140.03, 177.65, 186.75, 610.25, 199.04
113.02, 192.70, 178.18, 621.52, 271.20
140.30, 177.19, 186.78, 610.29, 198.99
113.07, 192.69, 178.17, 621.64, 271.10
139.63, 178.42, 186.59, 611.37, 199.89
113.19, 193.03, 178.19, 621.95, 271.02
139.63, 178.42, 186.59, 611.37, 199.89
113.18, 193.01, 178.19, 621.96, 271.02
140.44, 175.36, 186.05, 611.53, 200.58
113.30, 192.01, 177.80, 621.75, 270.51
140.57, 174.70, 185.94, 611.53, 200.58
112.95, 191.93, 177.74, 621.77, 271.13
137.47, 178.17, 186.61, 611.97, 202.63
112.75, 192.56, 178.33, 621.94, 271.44
137.41, 178.12, 186.55, 611.97, 202.63
112.70, 192.53, 178.29, 621.98, 271.40
138.32, 178.34, 185.58, 613.89, 204.13
112.84, 191.61, 178.03, 622.61, 269.83
138.32, 178.34, 185.58, 613.89, 204.13
112.84, 191.61, 178.03, 622.61, 269.83
136.09, 179.75, 184.61, 617.44, 206.66
111.49, 189.67, 177.38, 625.29, 262.14
136.09, 179.75, 184.61, 617.44, 206.66
111.55, 189.68, 177.40, 625.35, 262.08
134.59, 180.48, 182.41, 620.38, 214.50
110.26, 189.23, 176.14, 628.90, 257.89
134.59, 180.48, 182.41, 620.38, 214.50
110.11, 189.18, 176.18, 628.82, 258.09
133.20, 179.49, 178.21, 621.00, 228.51
109.70, 189.11, 175.67, 630.87, 259.66
133.20, 179.49, 178.21, 621.00, 228.51
109.70, 189.11, 175.67, 630.87, 259.66
125.75, 180.01, 172.96, 623.65, 237.93
107.53, 188.39, 173.79, 631.79, 260.80
125.75, 180.01, 172.96, 623.65, 237.93
107.53, 188.39, 173.79, 631.79, 260.80
127.08, 179.78, 172.79, 623.97, 241.89
108.07, 188.54, 173.79, 632.47, 261.73
127.08, 179.78, 172.79, 623.97, 241.89
108.15, 188.57, 173.86, 632.46, 261.53
122.31, 183.89, 172.71, 623.55, 249.80
107.19, 188.66, 173.31, 631.97, 264.50
122.31, 183.89, 172.71, 623.55, 249.80
107.19, 188.66, 173.30, 631.97, 264.50
123.35, 182.45, 172.87, 623.12, 247.81
108.05, 189.16, 174.02, 632.03, 264.07
123.35, 182.45, 172.87, 623.12, 247.81
108.04, 189.16, 174.04, 632.03, 264.07
125.37, 181.04, 172.66, 622.70, 245.83
108.07, 189.00, 173.59, 632.28, 265.13
125.37, 181.04, 172.66, 622.70, 245.83
108.07, 189.00, 173.59, 632.28, 265.13
126.47, 182.22, 173.90, 622.77, 245.98
108.39, 189.13, 174.16, 631.94, 265.84
126.47, 182.22, 173.90, 622.77, 245.98
108.39, 189.13, 174.22, 631.94, 265.84
126.44, 180.95, 173.48, 622.89, 245.09
108.46, 189.07, 174.35, 632.12, 264.94
126.40, 180.94, 173.48, 622.89, 245.09
108.45, 189.07, 174.35, 632.12, 264.94
128.18, 180.98, 173.33, 623.35, 244.53
109.04, 189.25, 174.36, 632.54, 264.49
128.18, 180.98, 173.33, 623.35, 244.53
109.04, 189.25, 174.36, 632.54, 264.49
127.62, 181.09, 173.26, 623.27, 244.64
109.14, 189.45, 174.60, 632.41, 264.90
127.62, 181.09, 173.26, 623.27, 244.64
109.08, 189.43, 174.57, 632.44, 265.03
127.47, 179.93, 173.37, 623.27, 244.38
108.92, 188.99, 174.45, 632.49, 264.87
126.76, 181.01, 173.91, 623.49, 244.39
108.97, 189.31, 174.67, 631.96, 265.87
128.51, 179.40, 174.01, 623.00, 243.76
109.37, 189.03, 174.44, 632.01, 265.97
128.18, 179.40, 173.94, 623.01, 243.91
109.42, 189.06, 174.40, 632.02, 266.00
129.93, 178.70, 174.44, 622.86, 242.94
109.38, 188.84, 174.46, 631.94, 266.19
129.81, 178.65, 174.42, 622.86, 242.94
109.12, 188.75, 174.45, 631.94, 266.39
129.40, 178.23, 174.42, 622.71, 242.78
109.57, 188.78, 174.53, 631.99, 266.08
129.41, 178.25, 174.42, 622.71, 242.78
109.54, 188.81, 174.52, 632.07, 266.06
129.76, 178.06, 173.89, 623.27, 241.89
109.80, 188.70, 174.53, 632.07, 266.18
129.89, 178.05, 173.93, 623.26, 241.80
109.67, 188.68, 174.58, 632.03, 266.41
129.57, 178.18, 173.75, 623.24, 241.62
109.83, 188.81, 174.56, 632.04, 266.64
129.85, 177.97, 173.91, 623.20, 241.54
110.03, 188.73, 174.68, 632.01, 266.47
129.77, 177.91, 173.90, 623.20, 241.54
109.97, 188.70, 174.64, 632.00, 266.43
129.63, 177.79, 173.95, 623.20, 241.54
109.99, 188.66, 174.82, 631.95, 266.45
130.02, 177.89, 173.93, 623.24, 241.40
110.41, 188.83, 174.74, 632.16, 266.59
130.14, 177.77, 174.14, 622.79, 242.56
110.33, 188.85, 174.75, 632.20, 266.51
128.69, 178.25, 173.90, 622.90, 243.52
109.77, 188.74, 174.56, 632.21, 266.71
128.58, 178.30, 173.89, 622.90, 243.52
109.66, 188.73, 174.60, 632.22, 266.72
129.54, 177.96, 175.13, 622.57, 241.74
109.35, 188.96, 174.74, 632.18, 267.48
129.54, 177.96, 175.13, 622.57, 241.74
109.35, 188.96, 174.74, 632.18, 267.48
130.46, 178.21, 175.71, 622.41, 241.05
109.55, 189.10, 175.19, 631.92, 267.77
130.46, 178.21, 175.71, 622.41, 241.05
109.54, 189.10, 175.19, 631.92, 267.77
129.42, 179.65, 175.51, 622.31, 241.01
109.06, 189.50, 175.10, 631.92, 268.15
129.42, 179.65, 175.51, 622.31, 241.01
109.10, 189.52, 175.13, 631.92, 268.15
129.06, 180.05, 175.53, 622.24, 241.36
108.82, 189.40, 175.31, 631.86, 268.09
129.06, 180.05, 175.53, 622.24, 241.36
108.82, 189.40, 175.33, 631.86, 268.09
130.73, 180.89, 175.82, 622.22, 241.21
109.05, 189.69, 175.24, 632.09, 268.24
130.84, 180.70, 175.80, 622.22, 241.21
109.04, 189.63, 175.31, 632.03, 268.46
130.72, 180.71, 175.78, 622.22, 241.21
109.00, 189.64, 175.26, 632.12, 268.45
130.70, 180.72, 175.78, 622.22, 241.21
108.98, 189.64, 175.25, 632.13, 268.47
131.32, 181.37, 176.41, 622.25, 241.01
109.14, 189.91, 175.26, 632.24, 268.77
131.05, 181.00, 176.48, 622.35, 240.81
108.87, 189.71, 175.29, 632.34, 268.55
131.16, 180.72, 176.36, 622.42, 240.63
109.07, 189.67, 175.31, 632.42, 268.30
131.14, 180.65, 176.36, 622.42, 240.63
109.01, 189.61, 175.35, 632.43, 268.33
130.73, 181.29, 176.46, 622.39, 240.75
108.91, 189.81, 175.17, 632.44, 268.37
130.77, 181.29, 176.45, 622.39, 240.75
108.93, 189.80, 175.17, 632.45, 268.42
131.04, 181.03, 176.37, 622.44, 240.59
108.91, 189.70, 175.15, 632.50, 268.36
130.79, 180.99, 176.34, 622.44, 240.59
108.83, 189.69, 175.15, 632.52, 268.40
130.79, 181.05, 176.34, 622.47, 240.53
108.97, 189.73, 175.08, 632.65, 268.14
130.77, 181.05, 176.34, 622.47, 240.53
109.02, 189.70, 175.02, 632.67, 268.02
130.53, 180.37, 175.99, 622.49, 240.64
109.05, 189.52, 174.91, 632.67, 267.89
130.53, 180.35, 175.99, 622.49, 240.64
108.99, 189.46, 174.94, 632.70, 267.83
130.65, 180.35, 176.15, 622.53, 240.38
109.19, 189.60, 174.93, 632.73, 267.89
130.86, 180.32, 176.22, 622.54, 240.29
109.12, 189.56, 174.95, 632.78, 267.90
130.67, 180.07, 175.97, 622.48, 240.55
109.23, 189.56, 174.83, 632.79, 267.89
130.74, 179.98, 175.98, 622.45, 240.61
109.12, 189.45, 174.77, 632.82, 267.68
131.52, 180.28, 176.06, 622.44, 240.67
109.40, 189.60, 174.88, 632.84, 267.74
131.44, 180.28, 176.07, 622.44, 240.67
109.37, 189.62, 174.86, 632.91, 267.92
131.23, 180.39, 175.89, 622.40, 241.01
109.53, 189.56, 174.81, 632.87, 267.80
130.96, 180.05, 175.45, 622.48, 241.02
109.49, 189.47, 174.80, 632.76, 267.61
131.32, 180.00, 175.47, 622.50, 240.90
109.63, 189.49, 174.77, 632.81, 267.73
130.93, 180.07, 174.67, 622.71, 241.50
109.66, 189.27, 174.55, 632.75, 267.39
130.93, 180.07, 174.67, 622.71, 241.50
109.63, 189.26, 174.53, 632.75, 267.39
130.93, 180.07, 174.67, 622.71, 241.50
109.59, 189.24, 174.54, 632.75, 267.39
132.26, 179.96, 174.12, 622.74, 242.19
110.12, 189.48, 174.37, 632.96, 267.47
132.17, 179.98, 174.12, 622.74, 242.19
110.19, 189.44, 174.35, 633.00, 267.56
132.04, 179.57, 174.10, 623.17, 241.97
109.71, 189.30, 174.38, 633.43, 267.29
132.04, 179.57, 174.10, 623.17, 241.97
109.64, 189.28, 174.40, 633.43, 267.29
132.24, 179.80, 175.62, 623.20, 242.42
109.54, 189.06, 174.28, 633.70, 266.57
132.28, 179.81, 175.60, 623.20, 242.42
109.49, 189.04, 174.30, 633.69, 266.51
108.88, 189.06, 174.64, 633.71, 266.88
130.24, 180.03, 176.20, 622.88, 242.69
108.76, 189.00, 174.97, 633.27, 267.63
131.16, 180.23, 176.90, 622.78, 243.04
108.69, 189.06, 174.46, 633.33, 267.55
131.45, 179.33, 176.15, 622.90, 241.41
108.73, 189.10, 174.53, 633.31, 267.49
131.45, 179.33, 176.15, 622.90, 241.41
108.96, 188.50, 174.35, 632.92, 266.98
130.79, 178.01, 175.50, 622.66, 240.63
108.97, 188.48, 174.47, 632.83, 267.14
130.79, 178.01, 175.50, 622.66, 240.63
109.20, 188.96, 173.96, 632.69, 267.30
129.26, 179.24, 174.09, 621.93, 241.66
109.09, 188.92, 173.91, 632.72, 267.25
129.26, 179.24, 174.09, 621.93, 241.66
109.20, 188.78, 174.46, 632.38, 267.41
131.43, 178.53, 175.93, 621.77, 239.36
109.11, 188.74, 174.52, 632.33, 267.57
131.43, 178.53, 175.93, 621.77, 239.36
132.25, 178.74, 175.95, 621.29, 239.54
109.55, 188.83, 174.29, 632.15, 267.69
132.25, 178.74, 175.95, 621.29, 239.54
109.59, 188.85, 174.30, 632.13, 267.70
132.83, 179.21, 176.87, 620.60, 240.10
110.35, 189.14, 174.83, 631.89, 267.63
132.83, 179.21, 176.87, 620.60, 240.10
110.05, 189.06, 174.81, 631.84, 267.56
133.24, 179.14, 176.46, 620.48, 239.94
110.28, 189.24, 174.76, 631.94, 267.32
133.29, 179.10, 176.57, 620.51, 239.84
110.32, 189.24, 174.79, 631.95, 267.34
133.05, 179.18, 176.87, 620.51, 239.84
110.09, 189.20, 174.79, 631.73, 267.55
133.05, 179.18, 176.87, 620.51, 239.84
110.03, 189.19, 174.79, 631.75, 267.52
133.50, 179.09, 177.01, 620.61, 239.53
110.52, 189.35, 174.93, 631.76, 267.54
133.47, 179.09, 177.02, 620.61, 239.53
110.52, 189.37, 174.98, 631.81, 267.61
133.39, 178.38, 177.01, 620.50, 239.55
110.63, 189.18, 175.06, 631.85, 267.52
133.38, 178.38, 177.01, 620.50, 239.55
110.45, 189.12, 175.05, 631.79, 267.55
134.08, 177.65, 177.53, 620.60, 238.95
110.81, 188.94, 175.29, 631.99, 266.87
134.11, 177.79, 177.55, 620.60, 238.95
110.57, 188.89, 175.26, 632.05, 266.91
134.65, 177.99, 178.08, 620.49, 239.16
110.59, 188.94, 175.39, 632.04, 267.02
134.65, 177.99, 178.08, 620.49, 239.16
110.44, 188.88, 175.41, 632.04, 267.09
134.25, 178.90, 178.11, 620.66, 239.04
110.43, 189.15, 175.38, 632.22, 267.03
133.65, 178.66, 177.93, 620.70, 239.05
110.25, 189.05, 175.39, 632.19, 266.99
133.65, 178.66, 177.93, 620.70, 239.05
110.25, 189.05, 175.40, 632.19, 266.99
133.65, 178.66, 177.93, 620.70, 239.05
110.25, 189.05, 175.39, 632.19, 266.99
134.30, 177.89, 178.31, 620.82, 238.53
110.66, 188.87, 175.60, 632.12, 266.64
134.21, 177.94, 178.46, 620.82, 238.53
110.11, 188.63, 175.68, 632.10, 266.76
134.18, 177.93, 178.48, 620.82, 238.53
110.11, 188.61, 175.64, 632.10, 266.77
134.17, 177.94, 178.47, 620.82, 238.53
110.02, 188.59, 175.65, 632.12, 266.75
134.36, 178.23, 178.58, 620.82, 238.53
110.47, 188.81, 175.66, 632.19, 266.62
134.35, 178.23, 178.58, 620.82, 238.53
110.59, 188.84, 175.76, 632.26, 266.47
134.06, 178.27, 178.69, 620.81, 238.70
110.47, 188.80, 175.75, 632.18, 266.50
133.89, 178.22, 178.68, 620.81, 238.70
110.51, 188.80, 175.90, 632.22, 266.35
134.10, 178.20, 178.63, 620.81, 238.70
110.71, 188.86, 175.90, 632.16, 266.34
134.02, 178.21, 178.66, 620.81, 238.70
110.63, 188.83, 175.86, 632.19, 266.43
133.63, 178.03, 178.65, 620.81, 238.84
110.54, 188.76, 175.87, 632.16, 266.40
133.62, 178.04, 178.65, 620.81, 238.84
110.40, 188.72, 175.86, 632.13, 266.45
133.65, 178.03, 178.34, 620.84, 238.90
110.70, 188.82, 175.75, 632.20, 266.40
133.66, 178.03, 178.34, 620.84, 238.90
110.74, 188.84, 175.81, 632.19, 266.34
133.03, 178.01, 178.10, 620.95, 239.31
110.62, 188.70, 175.84, 632.20, 266.27
132.99, 177.96, 178.12, 620.95, 239.31
110.59, 188.67, 175.84, 632.20, 266.27
133.18, 178.13, 177.95, 620.95, 239.52
110.74, 188.77, 175.88, 632.17, 266.26
133.17, 178.14, 177.96, 620.95, 239.52
110.67, 188.72, 175.82, 632.22, 266.24
133.17, 178.22, 178.01, 620.95, 239.52
110.71, 188.78, 175.86, 632.25, 266.29
133.08, 178.19, 178.01, 620.95, 239.52
110.61, 188.72, 175.86, 632.27, 266.30
133.05, 178.13, 178.08, 620.95, 239.48
110.66, 188.79, 175.75, 632.39, 266.58
133.05, 178.13, 178.08, 620.95, 239.48
110.68, 188.79, 175.76, 632.39, 266.57
132.96, 178.11, 178.06, 620.95, 239.56
110.54, 188.66, 175.66, 632.37, 266.63
132.96, 178.12, 178.09, 620.95, 239.56
110.53, 188.67, 175.68, 632.39, 266.68
133.03, 178.14, 178.10, 620.95, 239.56
110.69, 188.75, 175.76, 632.31, 266.81
133.04, 178.14, 178.11, 620.95, 239.56
110.67, 188.75, 175.78, 632.33, 266.80
132.93, 177.62, 177.96, 620.92, 239.49
110.44, 188.54, 175.66, 632.36, 266.77
132.45, 177.85, 177.92, 621.41, 238.23
110.35, 188.46, 175.66, 632.34, 266.66
132.49, 177.81, 177.90, 621.41, 238.23
110.33, 188.45, 175.77, 632.24, 266.76
132.51, 177.81, 177.84, 621.44, 238.30
110.28, 188.40, 175.70, 632.24, 266.71
133.49, 177.54, 177.82, 621.65, 237.86
110.35, 188.34, 175.79, 632.37, 266.70
133.88, 177.03, 177.19, 621.24, 240.26
110.76, 187.91, 175.32, 632.17, 266.78
133.89, 176.99, 177.26, 621.21, 240.21
110.75, 187.90, 175.28, 632.16, 266.80
133.82, 176.99, 177.35, 621.19, 240.19
110.68, 187.92, 175.35, 632.16, 266.84
133.90, 176.98, 177.31, 621.19, 240.19
110.70, 187.92, 175.31, 632.16, 266.85
133.91, 176.98, 177.31, 621.19, 240.19
110.66, 187.92, 175.33, 632.15, 266.86
133.85, 176.99, 177.30, 621.19, 240.19
110.72, 187.92, 175.30, 632.14, 266.81
133.74, 176.99, 177.31, 621.19, 240.19
110.62, 187.89, 175.31, 632.15, 266.75
133.75, 176.99, 177.30, 621.19, 240.19
110.63, 187.89, 175.29, 632.15, 266.75
133.74, 176.98, 177.30, 621.19, 240.19
110.60, 187.87, 175.32, 632.16, 266.76
134.08, 176.86, 177.15, 621.20, 240.18
110.78, 187.87, 175.34, 632.10, 266.61
133.87, 176.97, 177.30, 621.19, 240.19
110.72, 187.93, 175.35, 632.13, 266.53
134.11, 176.86, 177.16, 621.20, 240.18
110.80, 187.87, 175.28, 632.15, 266.51
133.85, 176.97, 177.30, 621.19, 240.19
110.61, 187.86, 175.27, 632.21, 266.59
134.23, 177.04, 177.19, 621.20, 240.18
110.78, 187.87, 175.22, 632.19, 266.54
134.28, 177.03, 177.20, 621.20, 240.18
110.79, 187.85, 175.23, 632.18, 266.47
134.29, 177.03, 177.21, 621.20, 240.18
110.84, 187.86, 175.24, 632.17, 266.48
133.95, 177.29, 177.10, 621.18, 240.31
110.69, 187.91, 175.19, 632.19, 266.47
134.34, 176.57, 177.52, 621.09, 240.04
110.84, 187.76, 175.33, 632.05, 266.34
134.18, 176.61, 177.50, 621.09, 240.04
110.83, 187.74, 175.34, 632.04, 266.39
134.18, 176.61, 177.49, 621.09, 240.04
110.91, 187.76, 175.31, 632.03, 266.37
134.18, 176.60, 177.49, 621.09, 240.04
110.86, 187.75, 175.30, 632.06, 266.47
134.28, 176.60, 177.44, 621.09, 240.03
110.80, 187.72, 175.35, 632.00, 266.51
134.08, 176.50, 177.48, 621.09, 240.04
110.72, 187.69, 175.33, 632.03, 266.58
134.09, 176.50, 177.49, 621.09, 240.04
110.72, 187.69, 175.32, 632.03, 266.58
134.08, 176.50, 177.48, 621.09, 240.04
110.75, 187.69, 175.34, 632.03, 266.53
133.96, 176.75, 177.59, 621.08, 240.05
110.48, 187.72, 175.30, 632.04, 266.77
133.96, 176.75, 177.59, 621.08, 240.05
110.39, 187.70, 175.34, 632.00, 266.85
134.00, 176.71, 177.59, 621.08, 240.05
110.38, 187.69, 175.35, 632.03, 266.82
134.04, 176.70, 177.59, 621.08, 240.05
110.34, 187.67, 175.34, 632.02, 266.87
134.34, 176.78, 177.47, 621.07, 240.01
110.89, 187.89, 175.39, 631.98, 266.88
133.84, 176.60, 177.58, 621.06, 240.02
110.39, 187.77, 175.39, 632.05, 267.07
109.32, 188.40, 175.62, 632.17, 267.67
132.04, 179.58, 178.39, 621.99, 234.09
109.28, 188.36, 175.60, 632.20, 267.78
132.04, 179.58, 178.39, 621.99, 234.09
131.84, 178.89, 178.63, 621.17, 229.33
110.06, 189.21, 175.59, 631.63, 269.40
131.84, 178.89, 178.63, 621.17, 229.33
110.06, 189.21, 175.61, 631.63, 269.40
130.96, 179.14, 177.36, 620.44, 225.92
110.96, 189.67, 175.88, 630.44, 269.97
131.50, 178.58, 177.53, 620.48, 225.75
111.10, 189.51, 175.94, 630.43, 269.73
132.43, 177.61, 178.32, 618.73, 221.42
111.00, 189.94, 175.65, 630.43, 270.04
132.42, 177.60, 178.30, 618.73, 221.42
110.94, 189.91, 175.65, 630.42, 270.08
134.94, 178.48, 180.90, 617.80, 216.39
110.33, 190.25, 176.01, 631.02, 269.40
135.09, 178.47, 180.87, 617.80, 216.39
110.30, 190.24, 175.95, 631.03, 269.43
132.38, 177.32, 179.59, 618.26, 211.67
109.40, 190.03, 175.16, 631.38, 270.34
132.38, 177.32, 179.59, 618.26, 211.67
109.41, 190.04, 175.17, 631.38, 270.36
110.49, 189.97, 175.73, 632.02, 271.62
138.05, 173.92, 181.29, 616.62, 205.01
110.47, 189.97, 175.78, 631.99, 271.63
137.94, 173.92, 181.30, 616.62, 205.01
108.37, 191.77, 175.26, 631.96, 277.44
133.71, 181.53, 180.16, 624.81, 200.10
108.37, 191.77, 175.26, 631.96, 277.44
133.71, 181.53, 180.16, 624.81, 200.10
131.61, 181.62, 181.50, 627.44, 196.51
131.61, 181.62, 181.50, 627.44, 196.51
134.11, 179.34, 181.80, 627.89, 191.18
135.12, 179.19, 182.29, 627.26, 190.51
137.95, 177.42, 182.91, 626.27, 186.75
137.82, 177.44, 182.92, 626.27, 186.75
139.93, 175.72, 184.45, 625.22, 183.35
141.10, 175.55, 184.56, 623.47, 187.50
141.10, 175.55, 184.56, 623.47, 187.50
141.10, 175.55, 184.56, 623.47, 187.50
136.58, 177.42, 182.96, 622.85, 192.63
136.91, 177.26, 182.99, 622.88, 192.58
137.22, 178.54, 182.39, 620.14, 192.24
137.46, 179.81, 183.11, 620.31, 192.57
139.11, 178.91, 183.06, 618.62, 191.31
138.99, 178.94, 183.07, 618.62, 191.31
138.32, 179.11, 183.22, 616.91, 190.94
137.87, 179.46, 183.02, 616.56, 191.59
139.11, 178.80, 183.37, 616.05, 190.17
142.90, 176.68, 185.56, 618.88, 186.48
142.99, 176.67, 185.55, 618.88, 186.48
143.04, 176.67, 185.56, 618.88, 186.48
145.75, 175.40, 186.50, 621.17, 184.40
145.51, 175.35, 186.51, 621.17, 184.40
145.19, 175.62, 186.50, 621.08, 184.40
145.43, 175.35, 186.47, 621.17, 184.40
144.72, 175.89, 186.50, 620.99, 184.39
144.72, 175.89, 186.47, 620.99, 184.39
144.82, 175.92, 186.48, 620.99, 184.39
144.07, 175.64, 186.41, 621.03, 184.47
144.51, 174.69, 186.34, 621.49, 184.61
144.45, 174.61, 186.51, 621.49, 184.61
144.45, 174.60, 186.52, 621.49, 184.61
144.45, 174.61, 186.51, 621.49, 184.61
144.70, 174.64, 186.34, 621.48, 184.60
144.57, 174.66, 186.35, 621.48, 184.60
144.57, 174.65, 186.36, 621.48, 184.60
144.45, 174.68, 186.37, 621.48, 184.60
145.98, 175.07, 186.86, 621.32, 184.38
146.07, 175.05, 186.85, 621.32, 184.38
146.07, 175.05, 186.85, 621.32, 184.38
146.07, 175.05, 186.85, 621.32, 184.38
145.60, 175.68, 186.71, 621.32, 184.37
145.45, 176.10, 186.67, 621.49, 184.44
145.45, 176.10, 186.67, 621.49, 184.44
145.45, 176.10, 186.67, 621.49, 184.44
145.56, 176.46, 186.75, 621.32, 184.37
145.56, 176.46, 186.75, 621.32, 184.37
145.60, 176.48, 186.70, 621.32, 184.37
145.39, 176.46, 186.77, 621.32, 184.37
144.74, 176.16, 186.54, 621.43, 184.42
144.61, 176.17, 186.53, 621.43, 184.42
144.59, 176.19, 186.51, 621.43, 184.42
144.59, 176.19, 186.51, 621.43, 184.42
145.20, 176.48, 186.57, 621.32, 184.37
144.79, 176.56, 186.64, 621.24, 184.29
144.73, 176.52, 186.82, 621.24, 184.29
144.68, 176.54, 186.75, 621.24, 184.29
144.93, 176.69, 186.90, 621.24, 184.29
144.72, 176.68, 186.80, 621.24, 184.29
144.80, 176.74, 186.84, 621.24, 184.29
144.75, 176.77, 186.88, 621.19, 184.26
144.94, 176.76, 186.89, 621.19, 184.26
144.90, 176.75, 186.88, 621.19, 184.26
143.07, 175.19, 186.29, 621.17, 183.99
143.07, 175.19, 186.29, 621.17, 183.99
143.63, 173.79, 186.08, 621.21, 182.06
143.63, 173.79, 186.08, 621.21, 182.06
142.51, 176.30, 187.22, 620.58, 181.11
142.51, 176.30, 187.22, 620.58, 181.11
143.40, 171.74, 186.20, 619.71, 178.99
143.33, 171.87, 185.92, 619.71, 178.99
144.59, 175.57, 187.49, 619.42, 176.36
145.22, 174.47, 187.00, 619.66, 176.43
143.69, 173.48, 185.90, 619.52, 174.07
143.69, 173.48, 185.90, 619.52, 174.07
145.41, 171.50, 186.44, 619.54, 171.34
145.41, 171.50, 186.44, 619.54, 171.34
141.85, 174.49, 186.96, 619.06, 167.20
141.78, 174.63, 186.96, 619.06, 167.20
143.79, 174.52, 187.09, 619.77, 164.67
143.79, 174.52, 187.09, 619.77, 164.67
144.49, 176.90, 187.62, 620.92, 160.00
144.49, 176.90, 187.62, 620.92, 160.00
141.60, 176.09, 187.15, 621.66, 156.01
141.60, 176.09, 187.15, 621.66, 156.01
143.61, 173.84, 186.57, 623.00, 154.75
143.61, 173.84, 186.57, 623.00, 154.75
141.02, 173.67, 185.31, 623.40, 150.97
145.79, 171.80, 187.18, 623.93, 151.20
145.68, 171.73, 187.23, 623.95, 151.25
145.70, 171.73, 187.24, 623.95, 151.25
143.87, 173.69, 186.69, 623.99, 150.38
143.87, 173.69, 186.69, 623.99, 150.38
143.45, 174.32, 186.47, 625.42, 147.32
143.45, 174.32, 186.47, 625.42, 147.32
141.08, 176.35, 186.37, 625.35, 147.15
141.08, 176.35, 186.37, 625.35, 147.15
141.43, 175.54, 186.21, 624.35, 146.07
141.43, 175.54, 186.21, 624.35, 146.07
142.03, 173.36, 185.20, 624.44, 144.49
140.26, 176.32, 186.34, 623.99, 143.64
140.66, 176.43, 186.29, 623.99, 143.64
140.61, 176.41, 186.16, 623.99, 143.64
140.85, 176.24, 186.30, 624.08, 143.51
140.85, 176.24, 186.30, 624.08, 143.51
143.02, 171.70, 185.62, 625.83, 143.79
143.02, 171.70, 185.62, 625.83, 143.79
145.05, 172.19, 185.62, 628.01, 142.99
145.05, 172.19, 185.62, 628.01, 142.99
144.60, 172.72, 185.32, 629.66, 143.42
144.75, 173.50, 185.43, 629.66, 143.42
113.13, 191.79, 172.50, 602.92, 216.89
143.78, 176.76, 186.17, 633.54, 140.54
113.13, 191.79, 172.51, 602.92, 216.89
143.77, 176.74, 186.19, 633.54, 140.54
117.39, 188.73, 175.03, 626.82, 203.03
144.13, 175.14, 186.55, 637.23, 135.05
116.73, 188.22, 174.55, 632.88, 195.61
145.37, 173.74, 186.09, 642.10, 131.65
116.74, 188.23, 174.48, 632.88, 195.61
145.37, 173.74, 186.09, 642.10, 131.65
116.73, 188.22, 174.55, 632.88, 195.61
145.37, 173.74, 186.09, 642.10, 131.65
108.87, 192.45, 173.26, 630.04, 213.35
145.77, 172.41, 186.19, 646.35, 122.69
108.86, 192.45, 173.27, 630.04, 213.35
145.77, 172.41, 186.19, 646.35, 122.69
108.73, 193.47, 174.78, 628.86, 211.18
145.22, 171.64, 186.05, 648.49, 119.83
108.67, 193.46, 174.79, 628.86, 211.18
145.22, 171.64, 186.05, 648.49, 119.83
107.86, 193.18, 175.12, 630.26, 212.82
143.54, 173.39, 186.44, 647.77, 119.41
107.86, 193.18, 175.12, 630.26, 212.82
143.54, 173.39, 186.44, 647.77, 119.41
148.13, 167.80, 187.06, 650.03, 118.15
148.13, 167.80, 187.06, 650.03, 118.15
145.66, 164.01, 184.49, 650.46, 119.54
145.66, 164.01, 184.49, 650.46, 119.54
147.84, 167.49, 186.04, 652.29, 115.61
147.84, 167.49, 186.04, 652.29, 115.61
146.53, 161.78, 183.03, 653.29, 112.38
146.53, 161.78, 183.03, 653.29, 112.38
150.86, 159.09, 184.05, 655.74, 108.42
148.81, 159.73, 182.60, 653.89, 110.12
153.33, 152.17, 181.77, 658.35, 108.03
153.33, 152.17, 181.77, 658.35, 108.03
149.81, 158.72, 185.00, 662.22, 108.81
149.81, 158.72, 185.00, 662.22, 108.81
145.67, 163.33, 185.26, 664.83, 107.91
145.67, 163.33, 185.26, 664.83, 107.91
146.91, 163.82, 185.79, 665.16, 106.89
146.91, 163.82, 185.79, 665.16, 106.89
142.17, 164.69, 183.35, 665.53, 108.14
142.17, 164.69, 183.35, 665.53, 108.14
143.92, 163.38, 183.65, 666.75, 108.51
143.92, 163.38, 183.65, 666.75, 108.51
142.22, 168.22, 184.98, 666.17, 110.05
142.22, 168.22, 184.98, 666.17, 110.05
141.65, 167.45, 185.42, 667.21, 111.84
141.65, 167.45, 185.42, 667.21, 111.84
140.63, 168.98, 185.30, 667.26, 113.72
140.63, 168.98, 185.30, 667.26, 113.72
137.26, 170.26, 184.33, 664.55, 117.48
137.26, 170.26, 184.33, 664.55, 117.48
136.56, 162.55, 181.07, 662.08, 119.64
136.56, 162.55, 181.07, 662.08, 119.64
134.53, 158.03, 179.12, 658.09, 122.27
134.53, 158.03, 179.12, 658.09, 122.27
133.96, 151.47, 177.83, 653.92, 124.13
133.96, 151.47, 177.83, 653.92, 124.13
174.54, 135.28, 189.57, 648.22, 106.72
167.64, 153.62, 193.82, 635.77, 116.06
167.64, 153.62, 193.82, 635.77, 116.06
167.64, 153.62, 193.82, 635.77, 116.06
152.04, 162.21, 188.65, 625.99, 123.95
152.04, 162.21, 188.65, 625.99, 123.95
147.48, 167.52, 188.80, 627.20, 121.03
147.10, 167.51, 188.99, 627.33, 120.07
147.10, 167.51, 188.99, 627.33, 120.07
147.10, 167.51, 188.99, 627.33, 120.07
147.74, 165.42, 188.79, 625.40, 124.03
147.74, 165.42, 188.79, 625.40, 124.03
151.42, 160.74, 188.41, 625.00, 127.67
150.95, 160.98, 188.36, 625.08, 127.57
149.32, 159.60, 186.71, 628.12, 128.28
149.32, 159.60, 186.71, 628.12, 128.28
150.50, 157.69, 186.02, 628.62, 127.53
150.78, 164.21, 187.58, 625.90, 127.84
150.78, 164.21, 187.58, 625.90, 127.84
150.78, 164.21, 187.58, 625.90, 127.84
154.47, 150.90, 185.82, 623.10, 127.08
161.28, 156.70, 184.71, 619.07, 124.29
161.28, 156.70, 184.71, 619.07, 124.29
161.28, 156.70, 184.71, 619.07, 124.29
156.16, 162.17, 186.56, 610.91, 124.08
148.66, 170.08, 187.97, 611.79, 119.77
148.66, 170.08, 187.97, 611.79, 119.77
148.66, 170.08, 187.97, 611.79, 119.77
149.23, 169.52, 184.61, 615.21, 115.83
148.96, 170.24, 187.55, 612.63, 116.00
141.37, 154.25, 177.82, 615.04, 113.18
150.52, 154.23, 178.90, 625.00, 113.22
150.52, 154.23, 178.90, 625.00, 113.22
150.52, 154.23, 178.90, 625.00, 113.22
142.26, 149.78, 177.71, 624.32, 114.26
142.26, 149.78, 177.71, 624.32, 114.26
151.09, 157.63, 177.80, 630.43, 116.65
151.09, 157.63, 177.80, 630.43, 116.65
149.88, 161.62, 179.17, 637.08, 124.25
149.88, 161.62, 179.17, 637.08, 124.25
151.09, 156.67, 186.21, 635.08, 128.18
151.09, 156.67, 186.21, 635.08, 128.18
149.14, 161.39, 187.40, 633.29, 131.65
150.33, 166.49, 186.61, 630.49, 132.75
150.33, 166.49, 186.61, 630.49, 132.75
150.33, 166.49, 186.61, 630.49, 132.75
153.10, 164.36, 182.21, 628.46, 128.48
153.10, 164.36, 182.21, 628.46, 128.48
152.06, 159.25, 187.12, 626.28, 131.81
148.52, 167.99, 187.41, 623.55, 127.52
148.52, 167.99, 187.41, 623.55, 127.52
148.52, 167.99, 187.41, 623.55, 127.52
149.77, 163.09, 188.20, 618.93, 128.51
155.03, 164.05, 191.05, 613.53, 130.25
155.03, 164.05, 191.05, 613.53, 130.25
155.03, 164.05, 191.05, 613.53, 130.25
154.13, 164.33, 190.35, 608.84, 129.05
154.13, 164.33, 190.35, 608.84, 129.05
151.95, 165.55, 190.72, 603.23, 129.36
153.48, 165.71, 190.93, 603.31, 129.34
155.81, 164.24, 191.05, 598.33, 126.88
155.81, 164.24, 191.05, 598.33, 126.88
153.04, 167.95, 190.09, 594.95, 124.46
153.04, 167.95, 190.09, 594.95, 124.46
154.65, 161.98, 189.18, 592.40, 118.49
151.28, 165.34, 189.79, 592.82, 113.08
151.32, 165.34, 189.84, 592.82, 113.08
151.28, 165.34, 189.79, 592.82, 113.08
116.06, 193.14, 169.65, 545.14, 165.25
146.80, 166.09, 182.70, 582.77, 120.06
116.04, 193.15, 169.66, 545.14, 165.25
146.80, 166.09, 182.70, 582.77, 120.06
116.48, 195.53, 169.75, 559.61, 160.85
155.45, 163.90, 188.16, 597.36, 99.81
116.74, 190.68, 169.71, 575.79, 147.94
143.68, 161.73, 183.88, 595.46, 99.82
116.74, 190.68, 169.71, 575.79, 147.94
143.74, 161.74, 183.89, 595.46, 99.82
116.74, 190.68, 169.71, 575.79, 147.94
143.73, 161.73, 183.88, 595.46, 99.82
112.12, 191.16, 164.38, 578.19, 141.21
139.46, 164.47, 180.79, 597.60, 100.20
112.37, 191.23, 164.34, 578.38, 141.54
139.93, 164.46, 180.92, 597.56, 99.89
118.63, 189.14, 167.77, 580.46, 127.69
137.13, 163.34, 176.34, 603.33, 102.78
118.63, 189.14, 167.77, 580.46, 127.69
137.13, 163.34, 176.34, 603.33, 102.78
114.20, 193.42, 162.45, 589.92, 132.88
114.20, 193.42, 162.45, 589.92, 132.88
116.96, 149.77, 170.95, 622.11, 44.00
116.96, 149.77, 170.95, 622.11, 44.00
131.80, 172.21, 183.05, 626.53, 36.25
131.80, 172.21, 183.05, 626.53, 36.25
137.34, 180.03, 186.20, 629.91, 18.55
109.80, 193.64, 162.50, 575.36, 110.05
137.34, 180.03, 186.20, 629.91, 18.55
109.80, 193.64, 162.50, 575.36, 110.05
144.46, 178.31, 186.76, 631.34, 12.18
111.53, 194.76, 165.39, 584.21, 106.54
144.46, 178.31, 186.76, 631.34, 12.18
111.53, 194.76, 165.39, 584.21, 106.54
150.15, 175.57, 184.69, 632.87, 6.75
112.86, 194.83, 164.84, 584.95, 107.48
150.56, 176.68, 184.13, 632.87, 6.75
112.42, 194.55, 164.16, 583.70, 107.39
110.00, 193.49, 163.04, 570.23, 109.97
148.96, 171.58, 182.25, 634.88, 6.04
108.43, 191.99, 164.67, 574.43, 117.25
150.92, 173.07, 187.14, 638.80, 8.20
108.43, 191.99, 164.67, 574.43, 117.25
150.92, 173.07, 187.14, 638.80, 8.20
108.43, 191.99, 164.67, 574.43, 117.25
150.92, 173.07, 187.14, 638.80, 8.20
140.25, 174.20, 187.04, 642.97, 13.41
108.91, 192.51, 163.72, 567.80, 117.23
140.25, 174.20, 187.04, 642.97, 13.41
108.91, 192.51, 163.72, 567.80, 117.23
107.37, 192.96, 165.00, 567.91, 116.11
143.48, 170.51, 186.98, 650.48, 13.59
143.48, 170.51, 186.98, 650.48, 13.59
107.40, 192.97, 164.99, 567.79, 116.03
157.14, 162.18, 188.60, 648.96, 18.56
157.25, 162.27, 188.88, 648.96, 18.56
155.92, 156.31, 184.83, 642.36, 25.89
107.91, 192.91, 163.78, 568.69, 117.89
153.02, 163.00, 186.32, 629.79, 55.95
108.43, 193.34, 164.38, 570.37, 119.20
153.00, 163.02, 186.28, 629.79, 55.95
108.36, 193.33, 164.43, 570.52, 119.34
153.02, 163.00, 186.32, 629.79, 55.95
108.45, 193.36, 164.41, 570.44, 119.29
146.30, 171.44, 186.54, 632.33, 62.09
107.76, 191.97, 163.11, 569.78, 117.41
139.26, 174.68, 184.22, 629.53, 77.53
139.21, 174.70, 184.23, 629.53, 77.53
139.13, 174.70, 184.23, 629.53, 77.53
148.38, 172.11, 187.31, 630.62, 79.12
148.38, 172.11, 187.31, 630.62, 79.12
144.85, 173.22, 186.44, 629.65, 88.32
104.57, 192.30, 165.38, 553.58, 126.91
144.85, 173.22, 186.44, 629.65, 88.32
104.57, 192.30, 165.38, 553.58, 126.91
139.99, 174.51, 185.06, 627.83, 99.52
106.24, 192.41, 165.13, 557.60, 132.81
139.99, 174.51, 185.06, 627.83, 99.52
106.24, 192.41, 165.13, 557.60, 132.81
106.61, 191.09, 165.76, 558.07, 140.65
143.49, 163.97, 181.31, 629.63, 104.09
106.64, 191.16, 165.87, 558.07, 140.65
143.55, 164.00, 181.34, 629.63, 104.09
155.53, 156.34, 184.46, 635.92, 110.28
112.02, 193.47, 165.63, 547.05, 147.64
155.60, 163.21, 189.93, 635.62, 130.06
113.70, 193.63, 166.22, 549.09, 158.90
155.60, 163.21, 189.94, 635.62, 130.06
113.77, 193.70, 166.27, 549.08, 158.91
155.58, 163.21, 189.92, 635.62, 130.06
113.83, 193.74, 166.31, 549.08, 158.91
149.23, 167.61, 188.29, 637.22, 149.81
117.89, 193.23, 166.74, 550.04, 168.57
149.23, 167.61, 188.29, 637.22, 149.81
117.89, 193.23, 166.74, 550.04, 168.57
139.33, 173.91, 187.84, 637.54, 165.60
117.46, 194.44, 166.34, 555.26, 181.46
142.42, 174.05, 186.06, 639.20, 180.80
117.18, 194.84, 167.79, 559.14, 185.20
142.42, 174.05, 186.06, 639.20, 180.80
117.17, 194.85, 167.78, 559.14, 185.20
142.42, 174.05, 186.06, 639.20, 180.80
117.18, 194.84, 167.79, 559.14, 185.20
136.25, 180.38, 185.54, 641.42, 185.82
115.44, 194.90, 169.44, 563.18, 197.75
136.25, 180.38, 185.54, 641.42, 185.82
115.43, 194.91, 169.45, 563.16, 197.75
136.47, 175.92, 183.55, 641.31, 192.32
114.67, 195.10, 172.04, 567.79, 206.93
136.54, 180.04, 185.46, 640.83, 207.55
114.18, 195.37, 174.71, 573.24, 211.95
136.51, 180.01, 185.39, 640.83, 207.55
114.17, 195.38, 174.65, 573.25, 211.94
136.42, 179.95, 185.38, 640.83, 207.55
114.15, 195.32, 174.66, 573.24, 211.95
135.79, 178.36, 185.65, 644.89, 219.35
112.83, 195.33, 174.94, 573.79, 219.32
135.65, 178.45, 185.57, 644.64, 219.51
112.84, 195.33, 174.93, 573.76, 219.34
136.01, 174.87, 184.69, 646.27, 225.25
112.46, 194.87, 174.67, 574.49, 224.44
136.01, 174.87, 184.69, 646.27, 225.25
112.39, 194.83, 174.69, 574.54, 224.34
136.92, 174.30, 185.57, 646.43, 233.01
113.51, 195.41, 174.32, 575.13, 228.21
139.50, 176.86, 186.88, 645.36, 239.08
114.36, 195.30, 174.36, 576.35, 231.09
139.50, 176.86, 186.88, 645.36, 239.08
114.35, 195.34, 174.34, 576.55, 230.86
139.50, 176.86, 186.88, 645.36, 239.08
114.38, 195.29, 174.36, 576.51, 230.92
137.78, 178.83, 187.28, 643.85, 245.41
116.17, 194.91, 174.11, 579.11, 232.97
137.78, 178.83, 187.28, 643.85, 245.41
116.10, 194.89, 174.15, 578.97, 233.18
139.29, 176.01, 185.05, 638.72, 249.17
119.27, 191.78, 173.37, 587.22, 234.62
139.15, 175.54, 184.88, 638.77, 249.13
119.30, 191.79, 173.39, 587.21, 234.63
134.54, 182.93, 183.77, 633.16, 253.37
121.44, 191.69, 172.38, 585.03, 242.47
134.44, 182.94, 183.78, 633.16, 253.37
121.44, 191.69, 172.38, 585.03, 242.47
133.26, 181.42, 181.41, 633.21, 251.70
122.03, 190.29, 173.71, 585.92, 241.26
133.25, 181.49, 181.35, 633.13, 251.56
122.05, 190.33, 173.68, 585.98, 241.17
134.42, 184.42, 182.22, 637.44, 257.25
120.71, 189.24, 169.48, 586.27, 237.89
132.57, 183.68, 181.99, 637.18, 256.36
120.87, 189.13, 169.57, 586.59, 237.29
129.99, 180.95, 181.77, 637.56, 267.33
111.41, 192.88, 167.21, 578.83, 238.50
129.58, 182.09, 180.93, 636.83, 269.59
113.27, 193.51, 168.62, 588.81, 238.17
129.58, 182.09, 180.93, 636.83, 269.59
113.27, 193.51, 168.62, 588.81, 238.17
129.58, 182.09, 180.93, 636.83, 269.59
113.27, 193.51, 168.62, 588.81, 238.17
131.48, 182.18, 179.65, 632.17, 276.51
114.14, 193.45, 166.53, 602.46, 241.44
131.48, 182.18, 179.65, 632.17, 276.51
114.02, 193.27, 166.19, 600.89, 241.03
130.92, 183.01, 179.46, 627.40, 283.51
115.78, 192.44, 166.42, 591.71, 243.37
130.92, 183.01, 179.46, 627.40, 283.51
115.78, 192.44, 166.42, 591.71, 243.37
132.69, 180.98, 178.80, 616.51, 289.64
113.14, 192.60, 165.50, 584.52, 246.39
135.67, 180.17, 178.93, 608.42, 298.47
114.37, 192.96, 165.17, 583.32, 250.51
135.73, 180.20, 178.92, 608.41, 298.44
114.38, 192.98, 165.17, 583.32, 250.51
135.75, 180.09, 178.96, 608.36, 298.46
114.40, 192.99, 165.19, 583.32, 250.51
139.81, 177.36, 180.00, 604.22, 307.05
115.14, 193.25, 164.01, 585.64, 249.71
144.72, 175.11, 183.80, 595.50, 316.08
120.44, 192.46, 168.28, 592.89, 250.23
144.88, 175.03, 183.94, 595.62, 316.38
120.44, 192.55, 168.37, 593.13, 249.84
144.92, 175.02, 183.95, 595.64, 316.45
120.44, 192.60, 168.33, 593.18, 249.75
145.41, 171.64, 182.85, 586.92, 319.12
115.25, 192.37, 168.63, 604.10, 261.40
145.46, 171.73, 182.90, 586.92, 319.12
115.25, 192.37, 168.63, 604.10, 261.40
142.90, 173.87, 182.80, 583.41, 318.65
120.23, 188.85, 171.67, 606.10, 279.55
142.90, 173.87, 182.80, 583.41, 318.65
120.23, 188.85, 171.67, 606.10, 279.55
139.20, 176.69, 183.37, 577.86, 325.86
114.91, 192.33, 171.47, 611.19, 299.10
145.07, 172.79, 185.94, 558.36, 332.31
112.12, 193.22, 174.12, 607.99, 312.69
145.07, 172.79, 185.94, 558.36, 332.31
112.12, 193.22, 174.12, 607.99, 312.69
145.07, 172.79, 185.94, 558.36, 332.31
112.12, 193.22, 174.12, 607.99, 312.69
152.42, 170.03, 187.42, 541.51, 335.89
112.24, 194.20, 174.96, 601.82, 316.50
152.42, 170.03, 187.42, 541.51, 335.89
112.24, 194.20, 174.96, 601.82, 316.50
151.88, 170.47, 187.71, 529.88, 338.30
113.67, 194.80, 177.51, 595.12, 326.47
151.88, 170.47, 187.71, 529.88, 338.30
113.67, 194.80, 177.51, 595.12, 326.47
153.64, 168.32, 186.65, 515.45, 339.45
114.05, 196.16, 177.08, 588.33, 331.64
153.70, 168.35, 186.65, 515.45, 339.45
114.02, 196.16, 177.05, 588.33, 331.62
154.12, 169.27, 187.65, 505.27, 341.18
114.60, 196.26, 176.85, 580.19, 333.34
154.12, 169.27, 187.65, 505.27, 341.18
114.62, 196.25, 176.83, 580.19, 333.34
113.34, 195.36, 175.67, 568.96, 335.78
146.38, 173.54, 185.06, 500.81, 342.14
112.19, 195.58, 176.39, 558.69, 335.45
134.09, 176.57, 183.36, 497.58, 341.94
112.20, 195.58, 176.38, 558.69, 335.45
134.09, 176.57, 183.36, 497.58, 341.94
112.20, 195.58, 176.39, 558.69, 335.45
134.09, 176.57, 183.36, 497.58, 341.94
134.35, 176.72, 182.93, 489.30, 341.18
111.13, 195.25, 175.45, 551.20, 335.25
111.94, 195.75, 175.84, 544.29, 333.74
137.27, 176.17, 183.18, 478.91, 339.76
111.93, 195.73, 175.82, 544.29, 333.74
137.27, 176.17, 183.18, 478.91, 339.76
111.94, 195.75, 175.84, 544.29, 333.74
137.27, 176.17, 183.18, 478.91, 339.76
135.64, 179.36, 182.72, 473.89, 339.42
109.99, 195.22, 176.19, 536.26, 331.15
140.38, 177.14, 184.40, 466.61, 339.16
109.96, 195.19, 176.12, 536.35, 331.06
140.36, 177.13, 184.37, 466.61, 339.16
109.97, 195.20, 176.13, 536.35, 331.06
140.38, 177.14, 184.40, 466.61, 339.16
110.10, 195.27, 176.01, 535.28, 330.82
142.73, 175.58, 185.39, 460.16, 340.12
148.58, 173.48, 188.07, 454.05, 340.22
112.22, 195.66, 175.43, 533.62, 331.83
148.17, 173.84, 188.11, 454.11, 340.33
112.20, 195.69, 175.44, 533.65, 331.80
148.17, 173.85, 188.11, 454.11, 340.33
112.19, 195.66, 175.44, 533.64, 331.82
147.62, 172.19, 186.42, 453.78, 340.26
110.51, 195.19, 175.31, 531.64, 331.21
111.01, 195.49, 175.73, 532.19, 330.45
149.67, 172.75, 187.55, 449.03, 338.23
149.67, 172.75, 187.55, 449.03, 338.23
111.02, 195.49, 175.73, 532.19, 330.45
111.01, 195.49, 175.73, 532.19, 330.45
149.67, 172.75, 187.55, 449.03, 338.23
150.03, 171.93, 188.03, 445.57, 337.68
149.11, 171.96, 188.05, 442.45, 336.89
114.24, 195.16, 172.90, 528.79, 332.29
149.11, 171.96, 188.05, 442.45, 336.89
114.21, 195.16, 172.91, 528.73, 332.31
149.11, 171.96, 188.05, 442.45, 336.89
114.24, 195.16, 172.90, 528.79, 332.29
150.07, 172.29, 188.35, 438.16, 335.44
150.07, 172.29, 188.35, 438.16, 335.44
150.04, 171.44, 188.50, 434.20, 332.96
150.66, 171.76, 189.25, 433.94, 334.47
148.77, 172.01, 188.44, 429.76, 331.59
149.73, 173.59, 188.70, 425.99, 329.24
149.73, 173.59, 188.70, 425.99, 329.24
149.73, 173.59, 188.70, 425.99, 329.24
148.64, 169.90, 187.34, 421.79, 326.81
148.64, 169.90, 187.34, 421.79, 326.81
148.40, 170.35, 186.09, 418.47, 323.91
151.37, 173.15, 188.89, 416.81, 320.67
151.37, 173.15, 188.89, 416.81, 320.67
151.37, 173.15, 188.89, 416.81, 320.67
150.70, 170.54, 187.45, 413.94, 317.66
152.09, 172.34, 188.92, 411.72, 314.77
152.09, 172.51, 189.02, 411.72, 314.77
151.92, 172.84, 189.04, 411.74, 314.76
151.13, 171.40, 188.14, 409.68, 311.62
151.13, 171.40, 188.14, 409.68, 311.62
152.31, 171.10, 187.02, 409.98, 307.55
154.14, 170.97, 188.41, 408.24, 305.47
154.14, 170.97, 188.41, 408.24, 305.47
154.14, 170.97, 188.41, 408.24, 305.47
152.08, 169.63, 187.01, 408.79, 302.14
152.08, 171.24, 189.10, 408.97, 299.98
152.08, 171.24, 189.10, 408.97, 299.98
152.08, 171.24, 189.10, 408.97, 299.98
152.34, 171.86, 187.48, 409.81, 297.38
152.34, 171.86, 187.48, 409.81, 297.38
152.43, 172.58, 189.23, 409.54, 296.26
150.22, 174.73, 190.18, 409.11, 294.85
150.30, 175.31, 190.29, 408.97, 294.79
150.46, 174.93, 190.38, 409.11, 294.85
151.13, 173.37, 190.21, 409.57, 294.64
149.77, 175.22, 190.81, 410.46, 294.49
149.77, 175.22, 190.81, 410.46, 294.49
149.77, 175.22, 190.81, 410.46, 294.49
149.97, 173.36, 188.76, 411.17, 294.94
149.90, 173.41, 188.77, 411.17, 294.94
149.53, 174.94, 189.04, 409.45, 295.40
149.48, 174.02, 189.00, 409.33, 295.42
151.41, 170.27, 187.57, 409.50, 296.70
151.79, 173.55, 189.87, 408.93, 298.45
151.78, 173.59, 189.87, 408.93, 298.45
151.77, 173.60, 189.91, 408.93, 298.45
151.27, 171.05, 188.61, 408.60, 300.69
149.05, 174.16, 190.14, 407.75, 303.29
149.05, 174.16, 190.14, 407.75, 303.29
149.05, 174.16, 190.14, 407.75, 303.29
149.10, 173.23, 189.03, 406.38, 305.91
149.10, 173.23, 189.03, 406.38, 305.91
148.69, 173.71, 189.76, 404.75, 309.08
148.69, 173.71, 189.76, 404.75, 309.08
148.46, 173.30, 188.14, 402.51, 312.35
148.49, 173.02, 188.22, 399.96, 315.58
148.49, 173.02, 188.22, 399.96, 315.58
146.54, 175.38, 188.93, 396.15, 318.27
146.54, 175.38, 188.93, 396.15, 318.27
146.54, 175.38, 188.93, 396.15, 318.27
145.81, 174.25, 188.52, 392.31, 321.97
145.81, 174.25, 188.52, 392.31, 321.97
147.52, 172.86, 189.14, 386.94, 324.18
148.34, 173.51, 189.62, 386.82, 324.57
142.92, 173.26, 187.22, 381.51, 327.57
142.92, 173.26, 187.22, 381.51, 327.57
142.80, 174.01, 189.37, 375.14, 328.13
142.80, 174.01, 189.37, 375.14, 328.13
142.10, 171.89, 188.68, 368.09, 328.98
142.10, 171.89, 188.68, 368.09, 328.98
143.62, 170.65, 188.04, 361.50, 328.76
143.62, 170.65, 188.04, 361.50, 328.76
147.32, 169.56, 189.82, 352.87, 327.58
147.32, 169.56, 189.82, 352.87, 327.58
147.75, 170.41, 190.91, 344.96, 325.35
147.75, 170.41, 190.91, 344.96, 325.35
147.25, 169.89, 188.64, 336.17, 323.10
147.25, 169.89, 188.64, 336.17, 323.10
147.60, 169.28, 188.43, 329.28, 318.69
147.60, 169.28, 188.43, 329.28, 318.69
144.01, 170.09, 186.65, 321.87, 314.19
144.23, 169.92, 186.66, 321.87, 314.19
144.56, 172.57, 187.52, 316.79, 308.07
144.56, 172.57, 187.52, 316.79, 308.07
147.06, 172.96, 189.59, 312.50, 302.19
147.06, 172.96, 189.59, 312.50, 302.19
149.69, 171.71, 190.19, 310.43, 294.72
149.69, 171.71, 190.19, 310.43, 294.72
145.64, 169.30, 188.08, 309.80, 287.93
145.64, 169.30, 188.08, 309.80, 287.93
151.72, 167.33, 189.47, 309.86, 280.47
151.72, 167.33, 189.47, 309.86, 280.47
147.31, 172.28, 189.47, 311.98, 272.89
147.31, 172.28, 189.47, 311.98, 272.89
108.10, 193.83, 176.80, 371.82, 314.91
138.94, 175.85, 187.06, 321.34, 272.34
108.10, 193.83, 176.80, 371.82, 314.91
138.94, 175.85, 187.06, 321.34, 272.34
109.83, 192.68, 175.76, 355.48, 318.48
148.34, 170.23, 188.88, 316.07, 257.32
150.17, 169.17, 189.17, 318.08, 249.04
150.17, 169.17, 189.17, 318.08, 249.04
150.17, 169.17, 189.17, 318.08, 249.04
146.93, 168.71, 188.18, 318.93, 241.32
144.24, 171.77, 188.21, 318.30, 232.85
144.21, 171.76, 188.23, 318.30, 232.85
144.31, 171.75, 188.24, 318.30, 232.85
151.02, 169.62, 189.01, 320.38, 224.38
151.02, 169.62, 189.01, 320.38, 224.38
144.52, 172.00, 188.21, 320.54, 217.23
144.52, 172.00, 188.21, 320.54, 217.23
144.60, 168.02, 186.45, 320.17, 208.96
144.60, 168.02, 186.45, 320.17, 208.96
147.28, 167.55, 187.83, 321.07, 200.61
147.28, 167.55, 187.83, 321.07, 200.61
148.49, 168.61, 187.98, 321.64, 192.32
148.46, 168.44, 187.96, 321.64, 192.32
147.77, 167.54, 187.66, 322.87, 184.67
149.13, 168.17, 188.28, 324.42, 175.96
149.13, 168.17, 188.28, 324.42, 175.96
149.13, 168.17, 188.28, 324.42, 175.96
147.00, 172.10, 187.76, 328.00, 168.70
148.29, 171.05, 187.71, 329.93, 159.04
148.29, 171.05, 187.71, 329.93, 159.04
148.29, 171.05, 187.71, 329.93, 159.04
143.89, 174.87, 187.12, 333.54, 150.09
143.71, 173.51, 186.41, 333.50, 150.46
146.89, 171.82, 187.47, 338.00, 142.23
146.89, 171.82, 187.47, 338.00, 142.23
146.95, 167.04, 184.29, 344.30, 135.79
146.72, 168.80, 186.38, 351.25, 131.41
146.82, 168.41, 186.34, 351.20, 131.52
146.92, 168.22, 186.38, 351.20, 131.52
147.11, 171.92, 186.65, 359.25, 128.66
147.11, 171.92, 186.65, 359.25, 128.66
109.09, 192.64, 171.17, 348.20, 241.99
150.53, 165.78, 186.72, 367.05, 129.36
109.09, 192.64, 171.17, 348.20, 241.99
149.32, 166.99, 186.76, 367.19, 128.96
112.18, 192.65, 170.82, 364.47, 232.24
147.94, 171.88, 187.09, 373.79, 130.98
112.18, 192.65, 170.82, 364.47, 232.24
147.94, 171.88, 187.09, 373.79, 130.98
114.20, 193.80, 168.28, 375.93, 218.31
154.38, 161.95, 187.17, 384.87, 125.73
114.15, 193.76, 168.26, 375.93, 218.31
154.38, 161.95, 187.17, 384.87, 125.73
110.40, 155.64, 173.27, 418.36, 55.41
141.82, 166.64, 186.63, 429.11, 24.65
141.82, 166.64, 186.63, 429.11, 24.65
141.82, 166.64, 186.63, 429.11, 24.65
151.01, 169.16, 189.79, 443.71, 7.95
151.01, 169.16, 189.79, 443.71, 7.95
166.71, 157.52, 179.33, 459.57, 1.64
166.71, 157.52, 179.33, 459.57, 1.64
94.09, 185.92, 161.10, 445.29, 114.50
101.86, 162.51, 169.99, 471.11, 55.89
94.09, 185.92, 161.10, 445.29, 114.50
101.86, 162.51, 169.99, 471.11, 55.89
106.80, 168.93, 175.82, 472.13, 63.00
120.38, 190.95, 159.71, 415.48, 97.40
106.57, 171.96, 176.93, 477.21, 53.84
105.83, 187.51, 160.96, 433.82, 105.43
106.57, 171.96, 176.93, 477.21, 53.84
106.08, 187.65, 160.92, 433.10, 105.60
106.57, 171.96, 176.93, 477.21, 53.84
106.08, 187.66, 160.99, 433.10, 105.60
104.53, 168.21, 175.08, 481.02, 51.05
92.44, 184.61, 160.88, 427.17, 115.42
101.77, 165.73, 172.58, 485.99, 56.41
91.12, 184.79, 162.06, 428.90, 118.05
101.77, 165.73, 172.58, 485.99, 56.41
91.12, 184.79, 162.06, 428.90, 118.05
101.77, 165.73, 172.58, 485.99, 56.41
91.12, 184.79, 162.06, 428.90, 118.05
99.63, 151.66, 170.12, 492.26, 64.43
98.79, 186.92, 161.59, 417.81, 119.43
108.38, 190.48, 162.28, 417.42, 113.90
121.00, 136.00, 171.00, 500.00, 79.50
108.35, 190.39, 162.25, 417.09, 114.43
121.00, 136.00, 171.00, 500.00, 79.50
108.35, 190.34, 162.37, 417.02, 114.53
121.00, 136.00, 171.00, 500.00, 79.50
107.68, 190.95, 165.06, 415.32, 118.06
107.68, 190.95, 165.06, 415.32, 118.06
99.00, 188.38, 161.95, 498.67, 127.71
107.32, 188.29, 163.29, 416.58, 123.47
99.00, 188.38, 161.95, 498.67, 127.71
107.32, 188.29, 163.29, 416.58, 123.47
139.83, 161.61, 173.57, 450.08, 133.00
123.91, 177.94, 168.74, 428.01, 130.25
157.56, 162.09, 189.80, 467.24, 145.62
125.16, 180.97, 171.70, 429.65, 135.04
157.56, 162.09, 189.80, 467.24, 145.62
125.18, 180.97, 171.69, 429.65, 135.04
157.56, 162.09, 189.80, 467.24, 145.62
125.16, 180.97, 171.70, 429.65, 135.04
161.13, 162.56, 188.36, 475.90, 141.89
125.86, 180.95, 170.99, 434.76, 138.36
161.13, 162.56, 188.36, 475.90, 141.89
125.86, 180.95, 170.99, 434.76, 138.36
155.64, 167.25, 189.51, 481.72, 143.71
105.92, 189.05, 161.31, 423.77, 141.23
148.23, 169.85, 189.58, 482.29, 142.22
110.80, 185.28, 164.35, 432.14, 149.30
148.23, 169.85, 189.58, 482.29, 142.22
110.80, 185.28, 164.35, 432.14, 149.30
148.23, 169.85, 189.58, 482.29, 142.22
110.80, 185.28, 164.35, 432.14, 149.30
149.30, 168.49, 188.94, 486.30, 143.87
113.08, 190.37, 161.49, 427.37, 157.07
150.90, 172.80, 190.15, 486.71, 150.98
113.31, 191.95, 164.62, 429.58, 170.60
150.88, 172.83, 190.09, 486.71, 150.98
113.31, 191.95, 164.62, 429.58, 170.60
150.90, 172.80, 190.15, 486.71, 150.98
113.31, 191.95, 164.62, 429.58, 170.60
164.50, 158.65, 187.20, 488.21, 164.31
114.93, 194.36, 166.87, 433.18, 176.48
164.50, 158.65, 187.20, 488.21, 164.31
114.93, 194.36, 166.87, 433.18, 176.48
153.66, 164.74, 184.07, 495.29, 166.55
114.36, 194.95, 167.24, 439.96, 196.17
153.66, 164.74, 184.07, 495.29, 166.55
114.41, 194.98, 167.26, 439.96, 196.17
120.16, 188.47, 168.33, 450.68, 200.72
154.20, 165.08, 184.72, 496.65, 183.23
120.16, 188.47, 168.33, 450.68, 200.72
154.20, 165.08, 184.72, 496.65, 183.23
146.12, 166.05, 182.97, 492.71, 205.81
120.15, 185.39, 168.68, 457.66, 197.55
146.12, 166.05, 182.97, 492.71, 205.81
120.15, 185.39, 168.68, 457.66, 197.55
138.86, 170.77, 182.23, 491.66, 217.54
121.34, 189.80, 169.97, 460.25, 192.27
138.86, 170.77, 182.23, 491.66, 217.54
121.34, 189.80, 169.97, 460.25, 192.27
141.11, 170.47, 181.74, 499.42, 224.63
117.36, 192.79, 170.61, 458.78, 194.27
141.14, 170.60, 181.81, 499.42, 224.63
117.36, 192.79, 170.61, 458.78, 194.27
148.25, 165.00, 184.13, 508.50, 228.63
114.43, 191.27, 171.72, 462.24, 195.24
113.77, 193.54, 174.34, 466.03, 196.96
144.02, 167.42, 184.78, 510.36, 232.43
113.80, 193.55, 174.37, 465.99, 196.98
144.56, 167.38, 185.19, 510.61, 232.82
113.89, 193.59, 174.43, 465.90, 197.01
145.58, 167.13, 185.74, 511.11, 233.65
126.58, 178.25, 177.88, 496.26, 224.16
113.68, 192.64, 173.51, 472.81, 188.76
126.58, 178.25, 177.88, 496.26, 224.16
113.68, 192.64, 173.51, 472.81, 188.76
126.77, 183.05, 181.22, 494.26, 215.84
114.88, 195.90, 176.22, 477.63, 190.33
126.77, 183.05, 181.22, 494.26, 215.84
114.88, 195.90, 176.22, 477.63, 190.33
114.93, 195.41, 176.52, 485.88, 193.10
125.46, 184.83, 182.44, 503.14, 217.92
114.93, 195.41, 176.52, 485.88, 193.10
125.46, 184.83, 182.44, 503.14, 217.92
130.04, 183.42, 180.30, 510.78, 222.87
118.10, 195.27, 175.07, 495.15, 197.46
129.99, 183.38, 180.27, 510.78, 222.87
118.01, 195.23, 175.11, 495.21, 197.45
125.39, 191.70, 169.03, 511.86, 202.48
148.41, 168.94, 181.53, 530.79, 242.23
125.39, 191.70, 169.03, 511.86, 202.48
148.41, 168.94, 181.53, 530.79, 242.23
119.50, 192.86, 170.50, 531.06, 205.15
142.20, 168.95, 178.59, 540.97, 240.76
119.49, 192.84, 170.47, 531.06, 205.15
142.20, 168.95, 178.59, 540.97, 240.76
119.87, 192.72, 168.32, 544.29, 203.20
141.68, 178.87, 180.89, 544.89, 244.59
119.87, 192.72, 168.32, 544.29, 203.20
141.68, 178.87, 180.89, 544.89, 244.59
152.42, 164.19, 185.01, 528.59, 254.72
152.79, 164.25, 185.49, 528.60, 255.29
146.85, 167.72, 179.28, 531.40, 248.79
154.99, 160.08, 186.19, 529.88, 258.82
154.99, 160.08, 186.19, 529.88, 258.82
154.99, 160.08, 186.19, 529.88, 258.82
151.00, 162.96, 186.75, 529.79, 259.37
151.00, 162.96, 186.75, 529.79, 259.37
151.29, 162.69, 185.61, 529.82, 258.81
151.29, 162.69, 185.61, 529.82, 258.81
150.68, 163.16, 185.43, 534.46, 257.98
150.68, 163.16, 185.43, 534.46, 257.98
145.77, 171.25, 185.60, 534.45, 256.07
145.77, 171.25, 185.60, 534.45, 256.07
149.40, 168.53, 186.41, 537.84, 255.10
149.40, 168.53, 186.41, 537.84, 255.10
146.14, 167.78, 185.31, 537.97, 253.57
146.14, 167.78, 185.31, 537.97, 253.57
146.17, 169.30, 185.92, 537.85, 253.49
146.17, 169.28, 185.97, 537.85, 253.49
145.16, 169.30, 186.17, 538.56, 254.64
148.12, 168.95, 187.12, 538.97, 254.93
148.12, 168.95, 187.12, 538.97, 254.93
148.44, 170.21, 188.17, 539.04, 254.99
148.26, 165.03, 185.99, 539.50, 254.06
148.26, 165.03, 185.99, 539.50, 254.06
147.34, 169.00, 186.49, 542.29, 252.51
147.34, 169.00, 186.49, 542.29, 252.51
150.57, 167.19, 185.55, 545.45, 251.23
150.57, 167.19, 185.55, 545.45, 251.23
119.35, 194.89, 170.47, 576.61, 186.14
149.21, 170.45, 187.55, 549.89, 248.06
119.31, 194.88, 170.52, 576.65, 186.19
149.21, 170.45, 187.55, 549.89, 248.06
119.25, 194.55, 170.49, 576.24, 186.54
141.68, 175.10, 182.38, 563.93, 240.24
119.23, 194.55, 170.53, 576.15, 186.32
143.07, 174.41, 183.72, 562.40, 241.23
119.23, 194.67, 170.56, 576.42, 186.08
139.05, 180.18, 183.33, 572.76, 234.89
119.05, 194.61, 170.64, 576.40, 186.04
139.05, 180.23, 183.37, 572.76, 234.89
119.70, 194.78, 170.78, 576.25, 186.50
133.12, 183.60, 180.14, 580.73, 229.72
119.70, 194.78, 170.81, 576.20, 186.43
133.09, 183.59, 180.24, 580.73, 229.72
119.70, 194.66, 170.75, 575.48, 184.75
137.56, 183.05, 183.14, 585.35, 228.11
119.64, 194.66, 170.96, 575.65, 184.90
137.45, 183.04, 183.17, 585.35, 228.11
137.71, 171.62, 181.62, 582.77, 231.46
120.08, 194.61, 170.75, 574.16, 184.39
137.55, 172.06, 181.56, 583.07, 231.26
143.93, 170.65, 180.02, 575.01, 232.94
137.01, 180.45, 178.33, 579.28, 225.17
117.82, 194.41, 171.18, 571.19, 193.24
137.01, 180.46, 178.33, 579.28, 225.17
117.73, 194.43, 171.17, 571.26, 193.21
137.01, 180.45, 178.33, 579.28, 225.17
117.75, 194.40, 171.18, 571.26, 193.23
129.04, 183.77, 179.83, 580.16, 225.31
113.22, 194.52, 173.94, 569.55, 201.12
129.04, 183.77, 179.83, 580.16, 225.31
113.22, 194.52, 173.94, 569.55, 201.12
121.47, 185.15, 173.52, 579.21, 226.22
116.85, 193.26, 171.85, 565.26, 213.23
121.47, 185.15, 173.52, 579.21, 226.22
116.85, 193.26, 171.85, 565.26, 213.23
117.05, 184.34, 173.85, 575.56, 233.40
114.43, 192.33, 172.56, 562.32, 223.04
116.81, 180.67, 171.87, 573.60, 247.04
114.75, 190.33, 170.13, 564.37, 232.36
116.81, 180.67, 171.87, 573.60, 247.04
114.75, 190.33, 170.13, 564.37, 232.36
112.74, 192.00, 172.91, 564.97, 242.85
116.81, 184.36, 176.94, 569.37, 262.24
112.74, 192.00, 172.91, 564.97, 242.85
116.81, 184.36, 176.94, 569.37, 262.24
112.74, 192.00, 172.91, 564.97, 242.85
116.81, 184.36, 176.94, 569.37, 262.24
118.46, 184.36, 175.49, 573.17, 269.76
114.63, 191.85, 171.54, 564.09, 254.49
118.46, 184.36, 175.49, 573.17, 269.76
114.63, 191.85, 171.56, 564.11, 254.52
115.25, 192.48, 173.55, 564.83, 262.85
121.38, 185.67, 177.25, 579.06, 273.58
115.19, 192.46, 173.49, 564.97, 262.82
121.31, 185.68, 177.20, 579.14, 273.53
114.43, 193.73, 176.20, 566.86, 268.45
122.03, 187.13, 178.16, 585.75, 276.09
114.19, 193.77, 176.14, 566.51, 268.26
121.98, 187.10, 178.10, 585.77, 276.01
115.94, 193.23, 176.36, 572.18, 277.27
126.52, 185.68, 179.43, 593.88, 286.74
115.94, 193.23, 176.36, 572.18, 277.27
126.52, 185.68, 179.43, 593.88, 286.74
111.58, 194.89, 175.87, 569.92, 287.68
128.27, 183.92, 180.15, 600.34, 300.35
111.49, 194.86, 175.89, 569.92, 287.68
128.27, 183.92, 180.15, 600.34, 300.35
113.37, 191.97, 176.12, 581.27, 303.37
126.25, 182.28, 180.70, 608.05, 314.59
113.37, 191.97, 176.12, 581.27, 303.37
126.29, 182.27, 180.68, 608.09, 314.61
111.26, 191.56, 175.01, 584.71, 317.43
123.44, 180.82, 178.44, 610.97, 326.33
111.26, 191.56, 175.01, 584.71, 317.43
123.44, 180.82, 178.44, 610.97, 326.33
112.06, 191.69, 172.92, 574.93, 327.31
114.76, 177.90, 174.28, 606.57, 338.37
112.56, 191.84, 173.06, 574.97, 327.30
115.26, 177.92, 174.43, 606.50, 338.46
113.82, 192.66, 172.94, 573.56, 340.07
110.92, 181.30, 171.55, 593.47, 348.30
122.66, 190.23, 170.54, 587.78, 353.87
119.95, 193.46, 173.46, 577.23, 352.39
122.66, 190.23, 170.54, 587.78, 353.87
119.95, 193.46, 173.46, 577.23, 352.39
122.66, 190.23, 170.54, 587.78, 353.87
119.95, 193.46, 173.46, 577.23, 352.39
131.69, 183.46, 171.36, 599.30, 371.35
127.61, 190.78, 172.27, 581.66, 364.99
131.69, 183.46, 171.36, 599.30, 371.35
127.56, 190.75, 172.30, 581.67, 365.01
113.22, 188.33, 172.01, 622.96, 399.35
117.75, 192.48, 171.51, 603.91, 387.52
113.22, 188.33, 172.01, 622.96, 399.35
117.75, 192.48, 171.51, 603.91, 387.52
115.05, 194.65, 174.32, 601.02, 399.73
125.03, 176.94, 181.03, 625.95, 438.75
115.05, 194.65, 174.32, 601.02, 399.73
124.93, 176.99, 181.03, 625.95, 438.75
134.79, 181.58, 185.71, 613.18, 473.15
136.66, 181.63, 185.25, 610.47, 489.48
136.66, 181.63, 185.25, 610.47, 489.48
136.66, 181.63, 185.25, 610.47, 489.48
135.55, 181.81, 185.41, 607.71, 502.15
135.55, 181.81, 185.41, 607.71, 502.15
139.59, 178.40, 187.61, 607.45, 519.40
139.59, 178.40, 187.61, 607.45, 519.40
135.28, 182.11, 187.25, 606.92, 528.51
135.18, 182.23, 187.27, 606.92, 528.51
138.62, 180.88, 187.72, 605.43, 534.51
138.54, 180.87, 187.71, 605.43, 534.51
138.29, 181.87, 188.39, 603.35, 539.99
138.29, 181.87, 188.39, 603.35, 539.99
138.18, 181.32, 187.87, 601.45, 544.40
137.76, 182.19, 188.28, 598.92, 547.42
137.76, 182.19, 188.28, 598.92, 547.42
137.76, 182.19, 188.28, 598.92, 547.42
138.79, 181.34, 187.83, 596.69, 549.78
138.77, 183.42, 188.34, 594.28, 551.19
138.77, 183.42, 188.34, 594.28, 551.19
138.77, 183.42, 188.34, 594.28, 551.19
137.97, 182.89, 187.91, 592.51, 552.79
137.97, 182.89, 187.91, 592.51, 552.79
137.25, 184.01, 188.16, 590.94, 553.62
137.25, 184.01, 188.16, 590.94, 553.62
137.88, 181.92, 187.76, 589.14, 554.25
137.88, 181.92, 187.76, 589.14, 554.25
137.58, 183.75, 188.47, 587.65, 554.72
137.58, 183.75, 188.47, 587.65, 554.72
138.39, 182.17, 187.80, 586.36, 555.49
138.47, 182.01, 187.81, 586.38, 555.49
137.64, 184.18, 188.38, 585.10, 555.89
137.64, 184.18, 188.38, 585.10, 555.89
139.30, 181.76, 187.84, 584.18, 556.94
139.30, 181.76, 187.84, 584.18, 556.94
138.83, 183.68, 188.63, 582.95, 556.86
138.83, 183.68, 188.63, 582.95, 556.86
138.72, 182.81, 188.16, 581.77, 557.43
138.72, 182.81, 188.16, 581.77, 557.43
138.39, 183.36, 188.10, 580.67, 557.61
138.71, 184.15, 188.48, 579.55, 557.78
138.71, 184.15, 188.48, 579.55, 557.78
138.71, 184.15, 188.48, 579.55, 557.78
139.50, 184.26, 188.78, 578.64, 557.70
139.62, 184.16, 188.78, 578.64, 557.70
139.72, 183.08, 188.32, 577.73, 557.89
139.79, 182.86, 188.22, 577.74, 558.00
140.45, 184.02, 188.57, 576.82, 557.44
140.45, 184.02, 188.57, 576.82, 557.44
138.46, 184.21, 188.03, 576.05, 558.19
138.46, 184.22, 188.03, 576.05, 558.19
138.84, 184.79, 188.19, 575.42, 558.55
138.84, 184.79, 188.19, 575.42, 558.55
137.85, 183.65, 187.71, 574.57, 558.10
138.45, 183.98, 188.26, 574.34, 558.23
138.46, 183.98, 188.26, 574.34, 558.23
138.47, 183.97, 188.26, 574.34, 558.23
138.51, 183.19, 188.04, 573.92, 558.10
138.52, 183.32, 188.23, 573.73, 558.14
138.57, 183.24, 188.23, 573.73, 558.14
138.53, 183.77, 188.35, 573.73, 558.23
138.04, 182.95, 188.12, 573.52, 558.18
138.05, 182.94, 188.11, 573.52, 558.18
137.48, 183.35, 188.18, 573.74, 558.26
137.48, 183.35, 188.18, 573.74, 558.26
138.36, 182.09, 187.85, 574.19, 558.07
138.32, 182.11, 187.85, 574.19, 558.07
139.44, 182.72, 188.15, 574.90, 558.12
139.44, 182.72, 188.15, 574.90, 558.12
139.36, 182.66, 187.92, 575.40, 558.24
139.30, 182.76, 187.93, 575.41, 558.30
139.66, 183.02, 188.13, 576.05, 558.27
139.68, 182.96, 188.13, 576.05, 558.27
139.65, 182.84, 187.81, 576.60, 558.46
139.65, 182.84, 187.81, 576.60, 558.46
139.15, 182.95, 187.96, 577.31, 558.65
139.15, 182.95, 187.96, 577.31, 558.65
109.74, 192.92, 172.05, 582.08, 503.23
134.05, 185.62, 185.24, 578.23, 552.64
109.69, 192.90, 172.12, 581.71, 503.42
134.05, 185.62, 185.24, 578.23, 552.64
108.98, 190.69, 171.70, 579.71, 515.72
126.79, 188.62, 183.30, 580.04, 545.06
108.98, 190.69, 171.70, 579.71, 515.72
126.68, 188.72, 183.32, 580.04, 545.03
110.27, 190.23, 171.84, 575.38, 521.54
131.42, 181.57, 185.30, 581.83, 558.51
110.22, 190.21, 171.87, 575.29, 521.58
130.56, 181.75, 184.83, 581.81, 557.75
108.39, 190.26, 170.53, 575.40, 525.28
131.93, 181.70, 185.66, 580.51, 566.07
108.34, 190.23, 170.52, 575.34, 525.27
131.93, 181.70, 185.66, 580.51, 566.07
109.67, 191.49, 171.23, 574.31, 529.87
137.22, 181.11, 187.27, 582.31, 576.01
109.69, 191.50, 171.25, 574.36, 529.84
137.13, 181.26, 187.30, 582.30, 575.97
132.60, 181.92, 185.11, 590.95, 576.92
108.50, 192.57, 171.85, 572.51, 532.45
132.47, 182.01, 185.11, 590.97, 576.90
108.47, 192.57, 171.87, 572.52, 532.44
131.15, 184.54, 183.66, 596.92, 580.55
131.27, 184.24, 183.64, 596.95, 580.48
129.52, 184.44, 182.85, 599.18, 584.12
110.71, 194.39, 173.37, 566.98, 535.45
129.59, 184.50, 182.88, 599.13, 584.17
110.71, 194.39, 173.37, 566.98, 535.45
131.26, 183.44, 184.03, 596.57, 590.01
110.98, 193.89, 172.84, 571.00, 539.34
111.71, 193.84, 173.14, 571.23, 541.21
126.54, 185.35, 182.38, 594.59, 591.49
111.73, 193.84, 173.14, 571.20, 541.18
126.62, 185.32, 182.35, 594.56, 591.46
111.74, 193.85, 173.14, 571.20, 541.18
126.48, 185.49, 182.37, 594.60, 591.47
125.31, 187.15, 182.14, 590.26, 594.59
128.70, 187.32, 184.41, 585.68, 600.95
128.73, 187.34, 184.38, 585.66, 600.94
111.63, 193.56, 172.46, 570.70, 548.17
128.74, 187.37, 184.39, 585.66, 600.94
129.89, 186.07, 184.50, 585.80, 605.35
130.49, 185.79, 184.78, 586.11, 606.13
133.64, 184.75, 185.59, 589.63, 611.36
133.61, 184.76, 185.59, 589.63, 611.36
133.21, 183.90, 185.22, 592.99, 614.97
133.19, 183.84, 185.23, 592.99, 614.97
131.04, 185.55, 184.09, 593.69, 616.70
131.18, 185.43, 184.85, 594.26, 617.27
129.49, 185.65, 185.26, 597.58, 621.14
129.49, 185.65, 185.26, 597.58, 621.14
128.89, 185.00, 185.46, 601.26, 625.58
128.89, 185.00, 185.46, 601.26, 625.58
131.35, 183.58, 186.62, 607.44, 631.87
131.35, 183.58, 186.62, 607.44, 631.87
131.72, 185.26, 186.31, 609.79, 636.11
131.72, 185.26, 186.31, 609.79, 636.11
98.62, 188.12, 172.52, 554.22, 613.19
129.69, 184.15, 184.40, 610.67, 640.22
98.70, 188.15, 172.55, 554.21, 613.14
129.92, 183.77, 184.38, 610.77, 640.31
116.17, 182.29, 181.24, 599.42, 642.73
100.43, 186.73, 173.73, 558.37, 625.45
115.18, 181.86, 181.08, 599.21, 642.64
100.04, 186.58, 173.78, 557.96, 625.86
99.70, 186.59, 173.46, 560.06, 636.13
112.36, 182.28, 180.29, 596.72, 649.90
100.59, 186.19, 174.37, 561.89, 643.22
112.10, 180.25, 180.31, 597.62, 657.25
100.81, 186.06, 174.42, 562.25, 643.29
112.21, 180.24, 180.34, 597.69, 657.28
100.80, 186.05, 174.42, 562.25, 643.29
112.18, 180.18, 180.32, 597.69, 657.28
100.09, 186.34, 173.72, 562.34, 647.06
112.28, 181.65, 180.75, 598.46, 664.32
99.72, 186.26, 173.78, 562.56, 647.18
113.47, 181.64, 181.23, 599.68, 664.35
109.87, 179.95, 179.38, 592.93, 664.88
98.71, 186.40, 173.32, 563.16, 648.78
109.88, 179.80, 179.37, 592.93, 664.88
98.73, 186.37, 173.33, 563.16, 648.78
95.89, 187.22, 172.18, 560.78, 647.48
104.48, 182.11, 177.48, 588.42, 665.00
114.09, 182.88, 180.87, 594.00, 672.14
94.32, 187.32, 171.61, 559.36, 646.19
114.09, 182.88, 180.87, 594.00, 672.14
94.39, 187.36, 171.63, 559.42, 646.20
114.11, 182.89, 180.87, 594.00, 672.14
94.42, 187.36, 171.58, 559.61, 645.99
119.37, 182.98, 182.50, 596.10, 677.54
94.12, 187.62, 171.20, 558.84, 645.28
118.66, 184.59, 182.54, 595.91, 677.22
94.13, 187.57, 171.20, 558.91, 645.11
94.41, 187.84, 171.34, 558.65, 644.41
122.01, 185.98, 184.78, 598.63, 679.06
94.31, 187.80, 171.41, 558.66, 644.35
122.01, 185.98, 184.78, 598.63, 679.06
94.00, 187.63, 170.95, 558.79, 643.77
120.07, 183.43, 183.12, 596.12, 677.47
94.40, 187.50, 170.96, 559.18, 642.62
118.22, 186.90, 183.67, 589.61, 677.80
94.40, 187.50, 170.96, 559.18, 642.62
118.22, 186.90, 183.67, 589.61, 677.80
94.40, 187.50, 170.96, 559.18, 642.62
118.22, 186.90, 183.67, 589.61, 677.80
92.87, 187.03, 170.24, 557.86, 641.15
118.37, 184.96, 182.44, 588.85, 677.26
92.93, 187.06, 170.25, 557.96, 640.87
118.48, 185.75, 182.80, 589.19, 677.19
91.42, 185.85, 168.81, 558.83, 637.74
118.93, 186.25, 182.86, 583.27, 675.76
91.44, 185.86, 168.82, 558.90, 637.72
118.90, 186.26, 182.85, 583.27, 675.76
91.45, 186.05, 168.53, 560.79, 631.73
127.63, 188.27, 186.77, 592.73, 680.03
91.43, 186.04, 168.52, 560.76, 631.72
127.63, 188.27, 186.77, 592.73, 680.03
128.88, 187.06, 186.77, 592.20, 679.39
128.89, 187.07, 186.79, 592.20, 679.39
95.02, 188.04, 169.60, 555.60, 621.55
129.13, 187.01, 186.30, 592.03, 679.19
94.99, 188.03, 169.60, 555.60, 621.55
129.17, 186.96, 186.26, 592.03, 679.19
117.39, 185.61, 182.25, 578.07, 670.89
117.39, 185.61, 182.25, 578.07, 670.89
111.38, 187.55, 181.05, 566.64, 662.78
111.38, 187.53, 181.03, 566.64, 662.78
117.57, 187.74, 182.20, 567.15, 665.37
117.57, 187.74, 182.20, 567.15, 665.37
120.05, 185.28, 182.72, 564.58, 667.68
122.02, 183.46, 183.54, 556.17, 667.73
122.10, 183.48, 183.54, 556.17, 667.73
122.12, 183.47, 183.59, 556.17, 667.73
100.93, 190.45, 171.41, 542.96, 600.38
127.31, 182.55, 185.09, 556.69, 670.81
100.91, 190.45, 171.42, 542.96, 600.37
127.42, 182.79, 185.40, 556.30, 670.78
100.82, 190.11, 171.57, 542.42, 598.96
120.98, 185.95, 184.09, 552.38, 664.33
100.81, 190.11, 171.57, 542.43, 598.97
120.98, 185.95, 184.09, 552.38, 664.33
100.86, 190.34, 171.68, 541.33, 597.89
121.17, 185.86, 184.16, 551.37, 663.59
100.84, 190.31, 171.68, 541.29, 597.90
121.18, 185.82, 184.17, 551.37, 663.59
100.73, 190.07, 172.10, 540.39, 598.22
122.72, 185.81, 184.29, 548.95, 660.63
100.73, 190.07, 172.09, 540.36, 598.24
122.72, 185.81, 184.29, 548.95, 660.63
100.90, 190.13, 171.83, 540.12, 597.53
126.31, 185.40, 185.47, 549.92, 661.90
100.94, 190.13, 171.89, 540.11, 597.52
126.31, 185.40, 185.47, 549.92, 661.90
101.16, 190.08, 172.17, 539.77, 595.40
125.81, 185.52, 185.71, 549.79, 660.59
101.17, 190.07, 172.15, 539.81, 595.39
125.82, 185.51, 185.70, 549.79, 660.59
100.86, 190.09, 172.00, 540.11, 593.63
120.03, 185.41, 183.07, 547.56, 653.66
100.67, 190.03, 172.01, 540.03, 593.67
120.03, 185.41, 183.07, 547.56, 653.66
101.06, 190.12, 172.25, 539.69, 593.74
118.78, 185.75, 182.93, 547.42, 651.80
101.04, 190.10, 172.22, 539.70, 593.68
118.78, 185.75, 182.95, 547.42, 651.80
100.93, 190.05, 172.27, 539.42, 593.29
119.39, 184.71, 183.08, 548.02, 652.43
100.88, 190.04, 172.26, 539.38, 593.33
119.43, 184.73, 183.11, 548.02, 652.43
100.60, 190.10, 172.28, 539.33, 593.06
119.04, 185.30, 183.22, 548.20, 652.63
100.26, 189.97, 172.18, 539.41, 593.63
118.92, 185.49, 183.06, 548.12, 652.37
100.27, 189.85, 171.89, 539.25, 593.53
119.07, 185.26, 182.80, 548.24, 652.48
100.24, 189.85, 171.91, 539.28, 593.50
118.83, 185.22, 182.76, 548.22, 652.45
99.65, 189.66, 171.98, 539.18, 593.40
118.69, 185.27, 182.82, 547.64, 652.11
99.51, 189.59, 172.01, 539.23, 593.36
118.66, 185.25, 182.83, 547.64, 652.11
99.33, 189.58, 171.59, 538.94, 593.94
117.83, 184.78, 182.09, 547.31, 650.49
99.27, 189.55, 171.57, 538.95, 593.97
117.79, 184.79, 182.09, 547.31, 650.49
99.18, 189.51, 171.89, 538.54, 594.69
118.70, 184.68, 182.69, 548.02, 651.80
99.19, 189.52, 171.89, 538.54, 594.69
118.70, 184.68, 182.69, 548.02, 651.80
96.97, 188.77, 171.03, 539.00, 596.85
115.42, 184.43, 181.42, 546.94, 649.27
96.97, 188.77, 171.03, 539.00, 596.85
115.45, 184.47, 181.43, 546.94, 649.27
94.57, 187.68, 170.59, 539.31, 600.73
112.70, 183.28, 180.91, 546.91, 648.78
94.57, 187.68, 170.60, 539.27, 600.74
112.72, 183.29, 180.92, 546.91, 648.78
93.62, 187.21, 170.26, 541.47, 603.82
107.65, 182.09, 178.40, 545.89, 644.44
93.62, 187.20, 170.26, 541.47, 603.77
107.65, 182.08, 178.39, 545.89, 644.44
93.48, 187.47, 169.56, 537.00, 606.30
110.53, 183.98, 179.57, 549.13, 642.79
97.39, 188.64, 169.66, 529.76, 606.36
115.65, 184.17, 181.86, 547.35, 649.79
97.39, 188.64, 169.66, 529.76, 606.36
115.64, 184.17, 181.86, 547.35, 649.79
97.39, 188.64, 169.66, 529.76, 606.36
115.62, 184.18, 181.85, 547.35, 649.79
102.91, 190.54, 172.44, 526.01, 607.22
116.02, 178.22, 182.68, 552.23, 660.44
102.87, 190.53, 172.44, 526.01, 607.22
116.34, 178.11, 182.80, 552.33, 660.65
106.50, 184.92, 167.62, 537.55, 619.19
103.25, 174.34, 174.13, 549.33, 653.25
106.56, 184.92, 167.66, 537.31, 619.24
103.20, 174.44, 174.10, 549.31, 653.27
107.59, 188.70, 170.84, 542.00, 629.17
104.31, 178.43, 172.62, 561.49, 661.66
107.55, 188.70, 170.85, 542.02, 629.17
104.31, 178.43, 172.62, 561.49, 661.66
104.53, 189.84, 172.29, 541.43, 635.54
104.51, 189.83, 172.30, 541.43, 635.53
100.97, 190.06, 174.84, 538.05, 646.15
100.88, 190.05, 174.88, 538.00, 646.14
101.52, 189.59, 174.64, 537.44, 654.37
100.83, 189.82, 174.42, 536.92, 653.81
101.54, 189.59, 174.62, 537.40, 654.31
100.85, 189.82, 174.39, 536.89, 653.75
102.43, 189.38, 172.85, 532.07, 660.82
101.83, 188.90, 171.81, 526.00, 667.02
101.93, 188.92, 171.81, 525.98, 667.08
101.88, 188.88, 171.80, 525.98, 667.08
102.70, 188.69, 170.74, 513.61, 672.50
102.78, 188.73, 170.74, 513.64, 672.44
102.78, 190.63, 170.57, 506.46, 671.27
102.78, 190.63, 170.57, 506.46, 671.27
127.47, 173.03, 185.18, 546.95, 691.08
101.44, 189.99, 170.37, 503.58, 671.91
127.47, 173.03, 185.18, 546.95, 691.08
101.44, 189.99, 170.37, 503.58, 671.91
124.09, 180.97, 185.12, 546.22, 690.40
124.09, 180.97, 185.12, 546.22, 690.40
122.16, 178.58, 184.73, 549.16, 689.33
122.16, 178.56, 184.69, 549.16, 689.33
108.97, 178.85, 180.53, 553.29, 690.03
108.97, 178.85, 180.53, 553.29, 690.03
99.04, 175.36, 176.29, 550.36, 690.71
100.06, 188.68, 170.48, 504.66, 672.20
99.04, 175.36, 176.29, 550.36, 690.71
100.03, 188.67, 170.41, 504.64, 672.04
81.40, 175.40, 169.87, 533.94, 684.38
97.73, 188.15, 171.78, 507.56, 667.88
81.40, 175.40, 169.87, 533.94, 684.38
97.73, 188.15, 171.78, 507.56, 667.88
83.21, 181.04, 169.21, 525.96, 676.81
100.04, 188.77, 172.54, 510.81, 661.06
82.76, 180.97, 169.38, 526.01, 677.08
99.87, 188.68, 172.47, 510.78, 661.02
90.30, 178.97, 170.24, 531.73, 668.24
103.49, 188.66, 173.33, 515.78, 651.53
99.82, 188.44, 172.54, 529.04, 645.19
99.78, 188.43, 172.53, 529.12, 645.22
99.82, 188.44, 172.54, 529.04, 645.19
99.14, 188.77, 172.40, 535.40, 637.71
108.26, 182.46, 179.25, 538.01, 668.84
98.63, 188.68, 172.29, 534.85, 637.49
109.33, 182.08, 179.83, 537.92, 669.49
96.53, 188.27, 172.03, 538.03, 629.31
120.46, 180.09, 183.32, 546.67, 672.83
96.49, 188.26, 172.04, 538.08, 629.34
120.54, 180.02, 183.31, 546.77, 672.90
122.96, 181.00, 180.44, 568.00, 668.05
97.52, 188.48, 171.17, 547.13, 621.42
122.96, 181.00, 180.44, 568.00, 668.05
97.50, 188.47, 171.18, 547.08, 621.46
98.95, 189.10, 171.50, 555.36, 611.71
135.12, 179.13, 185.58, 563.91, 671.08
98.95, 189.09, 171.41, 555.72, 611.63
135.16, 179.17, 185.56, 563.97, 671.19
140.75, 174.62, 188.15, 561.39, 670.77
140.56, 174.91, 188.16, 561.46, 670.92
143.52, 172.74, 188.22, 565.30, 665.00
143.52, 172.74, 188.22, 565.30, 665.00
144.10, 171.94, 188.62, 570.06, 659.86
143.73, 172.51, 188.65, 570.09, 659.94
144.06, 172.57, 188.29, 575.83, 655.45
144.78, 172.39, 189.76, 582.48, 650.91
144.78, 172.39, 189.76, 582.48, 650.91
144.78, 172.39, 189.76, 582.48, 650.91
145.70, 172.09, 189.59, 589.64, 648.71
145.42, 173.11, 189.89, 589.65, 648.33
146.56, 172.74, 189.92, 597.48, 647.56
146.56, 172.74, 189.92, 597.48, 647.56
145.58, 173.08, 189.23, 605.41, 647.87
145.29, 173.71, 189.32, 605.45, 647.67
144.00, 174.47, 189.53, 613.66, 648.82
144.00, 174.47, 189.53, 613.66, 648.82
141.55, 173.51, 188.96, 621.18, 651.80
141.53, 173.75, 188.99, 621.22, 651.84
139.34, 173.52, 188.75, 627.86, 656.15
139.33, 173.52, 188.75, 627.86, 656.15
136.18, 173.11, 187.11, 632.73, 661.51
136.17, 173.12, 187.11, 632.73, 661.51
132.95, 177.65, 186.99, 636.80, 667.48
132.95, 177.65, 186.99, 636.80, 667.48
128.78, 181.77, 186.33, 635.98, 670.92
132.23, 181.46, 187.11, 636.06, 669.24
132.15, 181.62, 187.10, 636.06, 669.24
132.03, 181.68, 187.10, 636.06, 669.24
129.48, 182.38, 187.03, 633.66, 667.95
129.55, 182.15, 187.00, 633.71, 667.95
127.47, 179.99, 186.11, 633.08, 668.82
127.47, 179.99, 186.11, 633.08, 668.82
126.31, 180.27, 185.55, 631.21, 670.41
126.34, 180.32, 185.57, 631.21, 670.41
126.18, 180.02, 185.34, 629.32, 672.89
126.18, 180.02, 185.34, 629.32, 672.89
126.32, 177.90, 184.13, 626.64, 676.07
126.08, 178.40, 184.21, 626.68, 676.13
124.85, 177.69, 184.07, 622.32, 678.25
124.90, 177.84, 184.14, 622.32, 678.25
126.29, 179.28, 184.05, 613.97, 675.87
126.17, 179.92, 184.34, 613.97, 675.87
125.65, 182.99, 184.43, 610.45, 678.83
125.69, 183.70, 184.67, 610.45, 678.83
126.07, 180.29, 184.38, 607.45, 679.36
125.91, 183.25, 185.59, 606.27, 677.58
125.86, 183.26, 185.61, 606.27, 677.58
125.91, 183.25, 185.59, 606.27, 677.58
127.10, 181.29, 184.91, 604.15, 676.03
126.51, 181.07, 184.90, 604.06, 676.08
125.58, 182.93, 185.86, 604.18, 674.99
125.07, 183.86, 185.59, 604.23, 674.88
126.24, 181.38, 184.87, 604.51, 674.18
126.24, 181.38, 184.87, 604.51, 674.18
125.17, 183.41, 185.41, 604.90, 674.49
125.17, 183.41, 185.41, 604.90, 674.49
123.60, 183.63, 184.02, 605.11, 675.38
123.60, 183.63, 184.02, 605.11, 675.38
123.83, 183.93, 184.68, 604.57, 676.93
123.83, 183.93, 184.68, 604.57, 676.93
122.54, 181.96, 183.12, 603.73, 678.80
123.03, 181.29, 183.01, 605.09, 679.75
123.03, 181.29, 183.01, 605.09, 679.75
123.03, 181.29, 183.01, 605.09, 679.75
124.24, 180.90, 183.36, 605.36, 680.02
124.24, 180.90, 183.36, 605.36, 680.02
125.34, 181.57, 184.05, 604.65, 679.24
125.56, 181.72, 184.21, 604.65, 679.24
127.55, 180.05, 183.67, 604.73, 679.28
127.55, 180.05, 183.67, 604.73, 679.28
126.09, 182.20, 184.43, 604.49, 679.47
126.09, 182.20, 184.43, 604.49, 679.47
128.32, 181.21, 184.83, 604.65, 679.46
128.32, 181.21, 184.83, 604.65, 679.46
128.22, 180.81, 184.73, 604.59, 679.47
127.85, 181.30, 184.72, 604.65, 679.49
129.16, 181.34, 185.04, 604.65, 679.49
128.54, 181.85, 184.98, 604.63, 679.56
128.65, 181.74, 184.87, 604.59, 679.57
128.66, 181.73, 184.87, 604.59, 679.57
128.58, 182.26, 184.80, 604.64, 679.58
128.38, 182.20, 184.73, 604.64, 679.58
128.26, 182.70, 184.73, 604.70, 679.61
128.01, 182.56, 184.89, 604.70, 679.61
128.27, 183.02, 184.89, 604.70, 679.61
128.48, 182.18, 184.94, 604.70, 679.60
128.48, 182.18, 184.94, 604.70, 679.60
128.48, 182.18, 184.94, 604.70, 679.60
92.16, 186.84, 170.80, 570.43, 637.76
108.37, 183.36, 176.80, 610.48, 667.78
92.18, 186.85, 170.80, 570.45, 637.76
108.39, 183.38, 176.83, 610.48, 667.78
91.26, 186.66, 170.89, 569.03, 647.98
99.24, 174.81, 174.48, 594.36, 672.80
91.21, 186.65, 170.90, 569.00, 648.04
99.05, 174.85, 174.47, 594.24, 672.76
91.81, 187.05, 171.76, 559.09, 658.24
91.82, 187.05, 171.76, 559.10, 658.24
98.41, 181.87, 170.77, 576.08, 669.94
98.34, 181.85, 170.76, 576.06, 669.97
102.97, 186.40, 168.19, 582.07, 673.59
102.94, 186.45, 168.24, 582.08, 673.62
108.00, 155.00, 171.77, 594.69, 684.54
108.00, 155.00, 171.77, 594.69, 684.54
126.01, 160.91, 180.03, 584.10, 680.18
126.01, 160.91, 180.03, 584.10, 680.18
143.03, 170.93, 189.46, 574.11, 677.74
143.20, 170.86, 189.60, 574.06, 677.72
135.19, 180.23, 188.74, 566.60, 676.38
135.19, 180.23, 188.74, 566.60, 676.38
130.70, 181.68, 188.39, 564.09, 675.07
130.70, 181.68, 188.39, 564.09, 675.07
131.74, 181.72, 188.54, 562.09, 673.88
131.74, 181.72, 188.54, 562.09, 673.88
131.63, 180.71, 188.32, 560.46, 673.11
131.63, 180.71, 188.32, 560.46, 673.11
131.84, 180.19, 188.20, 560.05, 673.04
131.55, 180.72, 188.22, 559.93, 673.06
132.26, 182.02, 188.51, 560.30, 672.87
132.33, 181.98, 188.48, 560.30, 672.87
132.64, 183.98, 188.96, 560.60, 672.72
132.45, 184.28, 188.97, 560.55, 672.73
132.60, 184.10, 188.91, 560.46, 672.74
132.57, 184.34, 188.92, 560.55, 672.73
132.23, 184.27, 188.80, 560.38, 672.71
132.21, 184.27, 188.80, 560.38, 672.71
132.75, 184.69, 188.91, 560.38, 672.71
132.74, 184.74, 188.94, 560.38, 672.71
132.74, 184.74, 188.94, 560.38, 672.71
132.74, 184.74, 188.94, 560.38, 672.71
132.86, 184.84, 188.98, 560.38, 672.71
132.84, 184.72, 188.97, 560.38, 672.71
132.63, 184.54, 188.99, 560.38, 672.71
133.33, 183.33, 188.96, 559.98, 672.52
133.33, 183.33, 188.96, 559.98, 672.52
133.33, 183.33, 188.96, 559.98, 672.52
133.33, 183.33, 188.96, 559.98, 672.52
133.31, 183.33, 188.95, 559.98, 672.52
133.31, 183.33, 188.95, 559.98, 672.52
133.36, 183.33, 188.95, 559.98, 672.52
133.39, 183.33, 188.95, 559.98, 672.52
133.38, 183.34, 188.96, 559.98, 672.52
133.44, 183.40, 188.97, 559.98, 672.52
133.43, 183.43, 188.98, 559.98, 672.52
133.45, 183.47, 189.00, 559.98, 672.52
133.05, 183.72, 189.01, 560.03, 672.55
133.25, 183.81, 189.05, 560.03, 672.55
133.29, 183.78, 189.03, 560.03, 672.55
133.41, 184.09, 189.07, 559.95, 672.51
133.29, 183.99, 189.07, 559.95, 672.51
133.31, 184.04, 189.08, 559.95, 672.51
133.61, 183.69, 189.06, 559.99, 672.50
133.66, 183.70, 189.08, 559.99, 672.50
133.59, 183.37, 189.01, 560.08, 672.54
133.21, 183.71, 189.03, 560.03, 672.55
133.19, 183.71, 189.01, 560.03, 672.55
133.10, 183.70, 189.02, 560.03, 672.55
133.09, 183.69, 189.03, 560.03, 672.55
133.26, 183.71, 188.93, 560.08, 672.58
133.24, 183.71, 188.96, 560.08, 672.58
133.37, 183.72, 188.98, 560.08, 672.58
133.29, 183.68, 189.02, 560.08, 672.58
133.70, 184.15, 189.29, 559.95, 672.51
133.73, 183.53, 189.28, 559.89, 672.48
133.73, 183.53, 189.28, 559.89, 672.48
133.73, 183.53, 189.28, 559.89, 672.48
133.80, 183.58, 189.31, 559.89, 672.48
133.78, 183.56, 189.29, 559.89, 672.48
133.79, 183.58, 189.29, 559.89, 672.48
133.67, 183.49, 189.32, 559.89, 672.48
133.85, 183.72, 189.44, 559.89, 672.48
133.82, 183.72, 189.42, 559.89, 672.48
133.92, 183.73, 189.39, 559.89, 672.48
133.85, 183.58, 189.39, 559.89, 672.48
133.83, 183.63, 189.42, 559.89, 672.48
133.82, 183.54, 189.42, 559.89, 672.48
133.81, 183.52, 189.39, 559.89, 672.48
133.62, 183.52, 189.39, 559.89, 672.48
133.75, 183.62, 189.41, 559.89, 672.48
133.64, 183.54, 189.37, 559.89, 672.48
133.63, 183.62, 189.38, 559.89, 672.48
133.46, 183.50, 189.35, 559.89, 672.48
133.47, 182.86, 189.26, 560.22, 672.62
133.47, 182.86, 189.26, 560.22, 672.62
133.55, 182.80, 189.26, 560.22, 672.62
133.27, 182.96, 189.25, 560.27, 672.65
133.39, 183.08, 189.24, 560.27, 672.65
133.39, 183.09, 189.23, 560.27, 672.65
133.42, 183.10, 189.26, 560.27, 672.65
133.39, 183.08, 189.28, 560.27, 672.65
133.85, 182.82, 189.29, 560.22, 672.62
133.89, 182.88, 189.30, 560.22, 672.62
133.74, 182.40, 189.26, 560.31, 672.65
133.26, 182.22, 188.99, 560.50, 672.69
133.57, 180.63, 188.52, 560.29, 673.01
133.57, 180.63, 188.52, 560.29, 673.01
133.00, 179.29, 187.81, 559.96, 674.68
135.29, 179.17, 188.06, 560.98, 677.03
135.39, 179.03, 187.99, 560.98, 677.03
135.25, 179.05, 187.98, 560.98, 677.03
133.00, 181.77, 188.10, 560.75, 679.72
132.99, 181.78, 188.10, 560.75, 679.72
133.91, 179.45, 187.69, 561.56, 682.51
133.91, 179.45, 187.69, 561.56, 682.51
134.05, 182.12, 188.37, 559.20, 684.20
134.05, 182.12, 188.37, 559.20, 684.20
133.97, 178.47, 187.79, 555.66, 684.89
133.97, 178.47, 187.79, 555.66, 684.89
132.78, 179.97, 188.04, 549.43, 684.63
132.78, 179.97, 188.04, 549.43, 684.63
132.06, 181.01, 188.03, 547.85, 684.99
132.06, 181.01, 188.03, 547.85, 684.99
131.52, 180.06, 187.93, 548.45, 684.72
131.52, 180.06, 187.93, 548.45, 684.72
131.09, 181.50, 188.69, 547.66, 684.22
131.09, 181.50, 188.69, 547.66, 684.22
131.59, 180.60, 187.82, 548.05, 684.19
131.59, 180.60, 187.82, 548.05, 684.19
131.65, 180.31, 187.84, 548.03, 684.13
131.65, 180.31, 187.84, 548.03, 684.13
131.51, 180.16, 187.79, 548.68, 684.08
131.51, 180.16, 187.79, 548.68, 684.08
131.35, 179.42, 187.53, 547.21, 683.73
131.34, 179.49, 187.61, 547.21, 683.73
132.10, 181.68, 188.46, 547.70, 684.06
132.10, 181.68, 188.46, 547.70, 684.06
131.62, 181.26, 188.17, 546.55, 683.80
131.62, 181.26, 188.17, 546.55, 683.80
132.16, 180.74, 188.40, 546.69, 683.71
132.41, 180.26, 188.37, 546.91, 683.79
132.57, 179.25, 188.32, 546.51, 683.46
132.57, 179.25, 188.32, 546.51, 683.46
133.33, 179.50, 188.38, 546.57, 683.17
133.33, 179.50, 188.38, 546.57, 683.17
134.53, 178.10, 188.32, 546.29, 683.10
134.77, 178.42, 188.43, 546.29, 683.10
134.44, 179.05, 188.53, 546.41, 683.14
133.95, 179.46, 188.54, 546.38, 683.11
133.25, 181.76, 188.68, 546.08, 683.07
133.49, 181.12, 188.64, 546.32, 683.17
133.15, 182.56, 188.72, 545.76, 682.87
133.15, 182.56, 188.72, 545.76, 682.87
133.75, 179.76, 188.06, 545.58, 682.76
133.75, 179.76, 188.06, 545.58, 682.76
133.05, 180.16, 188.19, 545.76, 682.66
133.05, 180.16, 188.19, 545.76, 682.66
131.62, 178.26, 187.05, 545.07, 682.08
131.67, 178.75, 187.23, 545.07, 682.08
134.76, 179.50, 188.24, 544.97, 681.86
134.76, 179.50, 188.24, 544.97, 681.86
133.85, 179.94, 188.02, 543.47, 681.54
133.60, 179.68, 187.80, 543.47, 681.54
133.23, 180.07, 188.16, 544.41, 681.87
133.29, 180.82, 188.17, 544.43, 681.77
133.40, 180.06, 187.95, 544.15, 681.55
133.32, 179.44, 187.83, 544.15, 681.55
134.24, 179.72, 187.99, 543.20, 681.02
134.11, 179.22, 187.97, 543.20, 681.02
132.77, 180.29, 187.67, 543.17, 680.74
132.87, 180.08, 187.62, 543.17, 680.74
133.88, 181.92, 188.45, 542.96, 680.15
133.88, 181.92, 188.45, 542.96, 680.15
132.47, 181.57, 188.09, 543.05, 680.18
132.47, 181.57, 188.09, 543.05, 680.18
132.43, 181.53, 188.12, 543.05, 680.18
132.39, 181.28, 188.04, 543.05, 680.18
132.62, 181.73, 188.34, 543.03, 680.12
132.62, 181.73, 188.34, 543.03, 680.12
132.62, 182.12, 188.43, 543.02, 680.06
132.41, 181.84, 188.37, 543.02, 680.06
134.77, 182.40, 188.75, 543.04, 680.01
134.76, 182.41, 188.75, 543.04, 680.01
133.82, 182.70, 188.52, 542.98, 679.93
133.71, 181.96, 188.43, 542.92, 679.91
132.89, 181.44, 188.36, 542.87, 679.88
132.78, 181.13, 188.07, 542.49, 679.42
132.75, 181.13, 188.04, 542.49, 679.42
132.74, 181.13, 188.04, 542.49, 679.42
133.48, 180.98, 188.03, 541.74, 678.76
133.48, 180.86, 188.00, 541.74, 678.76
134.26, 181.10, 188.21, 541.46, 678.53
134.24, 181.10, 188.23, 541.46, 678.53
135.60, 181.36, 188.33, 541.14, 678.17
135.60, 181.36, 188.33, 541.14, 678.17
133.94, 181.68, 188.28, 540.50, 677.84
133.94, 181.68, 188.28, 540.50, 677.84
134.06, 179.89, 187.55, 539.84, 677.43
134.06, 179.89, 187.55, 539.84, 677.43
134.32, 180.58, 187.75, 539.31, 676.96
134.32, 180.58, 187.75, 539.31, 676.96
133.54, 180.97, 187.69, 539.17, 676.61
133.63, 181.04, 187.68, 539.17, 676.61
133.75, 183.13, 188.33, 538.92, 676.61
133.75, 183.13, 188.33, 538.92, 676.61
133.47, 180.42, 187.71, 538.36, 676.24
133.53, 180.31, 187.60, 538.36, 676.24
132.93, 184.70, 188.51, 538.16, 676.20
132.94, 184.69, 188.52, 538.16, 676.20
135.81, 179.58, 187.57, 537.74, 676.07
135.81, 179.58, 187.57, 537.74, 676.07
108.69, 188.35, 168.29, 486.32, 629.70
131.75, 182.23, 186.23, 535.47, 672.51
108.69, 188.35, 168.29, 486.32, 629.70
131.75, 182.23, 186.23, 535.47, 672.51
103.93, 184.25, 166.42, 488.82, 650.29
110.57, 184.37, 179.74, 527.37, 658.43
103.96, 184.27, 166.45, 488.82, 650.29
110.57, 184.37, 179.74, 527.37, 658.43
101.50, 182.87, 169.19, 498.25, 662.58
131.76, 174.12, 185.14, 535.61, 672.70
101.50, 182.87, 169.19, 498.25, 662.58
131.76, 174.12, 185.14, 535.61, 672.70
111.83, 186.08, 166.45, 507.13, 660.64
116.43, 178.56, 178.26, 539.98, 666.20
111.72, 186.01, 166.38, 506.87, 660.84
116.30, 178.70, 178.37, 539.76, 666.37
113.93, 183.91, 165.54, 514.95, 662.21
114.43, 180.94, 175.46, 540.36, 663.54
113.87, 183.82, 165.57, 514.90, 662.43
114.43, 180.94, 175.46, 540.36, 663.54
105.65, 190.26, 169.69, 531.01, 642.20
112.28, 180.12, 174.95, 546.53, 660.95
105.83, 190.35, 169.77, 531.02, 642.13
112.28, 180.12, 174.95, 546.53, 660.95
100.39, 189.69, 171.11, 533.47, 642.01
113.08, 179.07, 174.22, 552.39, 663.70
100.51, 189.70, 171.03, 533.47, 641.98
114.60, 178.83, 174.76, 552.84, 664.09
118.27, 182.18, 177.33, 558.31, 662.33
117.63, 182.95, 177.11, 557.34, 661.17
110.27, 181.51, 175.77, 563.93, 664.55
110.35, 181.53, 175.90, 564.10, 664.66
100.65, 181.21, 175.22, 566.61, 666.85
100.74, 181.10, 175.23, 566.74, 666.88
101.10, 177.57, 176.09, 578.13, 671.94
103.07, 177.42, 176.82, 580.04, 672.38
106.04, 179.47, 178.08, 582.30, 670.88
106.06, 179.65, 178.11, 582.30, 670.88
112.91, 181.84, 179.70, 584.45, 670.63
113.01, 181.77, 179.75, 584.66, 670.79
134.40, 178.12, 186.37, 602.28, 672.26
134.38, 178.11, 186.37, 602.28, 672.26
134.41, 178.95, 187.28, 605.29, 674.30
134.41, 178.95, 187.28, 605.29, 674.30
133.52, 180.79, 187.08, 608.14, 676.69
133.52, 180.79, 187.08, 608.14, 676.69
134.61, 180.98, 188.03, 610.34, 678.22
134.61, 180.98, 188.03, 610.34, 678.22
131.51, 179.84, 187.29, 611.66, 677.08
131.51, 179.84, 187.29, 611.66, 677.08
131.46, 181.65, 187.50, 611.22, 676.73
131.46, 181.65, 187.50, 611.22, 676.73
128.61, 180.50, 186.07, 610.15, 676.82
128.79, 180.31, 186.05, 610.15, 676.82
122.81, 182.44, 185.04, 607.98, 676.70
122.81, 182.44, 185.04, 607.98, 676.70
120.84, 181.69, 184.58, 607.84, 676.88
120.84, 181.69, 184.58, 607.84, 676.88
123.02, 181.90, 184.77, 607.92, 676.73
123.02, 181.90, 184.77, 607.92, 676.73
122.56, 183.11, 184.71, 608.04, 676.69
122.56, 183.11, 184.71, 608.04, 676.69
123.34, 182.15, 184.46, 607.87, 676.63
123.33, 182.15, 184.48, 607.87, 676.63
123.38, 182.43, 184.49, 607.87, 676.63
123.18, 182.38, 184.53, 607.87, 676.63
123.14, 182.62, 184.58, 607.87, 676.63
122.98, 182.56, 184.67, 607.87, 676.63
122.62, 182.80, 184.40, 607.87, 676.63
122.62, 182.80, 184.41, 607.87, 676.63
122.83, 182.77, 184.41, 607.87, 676.63
122.88, 182.58, 184.52, 607.87, 676.63
122.94, 182.77, 184.40, 607.87, 676.63
122.92, 182.72, 184.37, 607.87, 676.63
123.36, 182.73, 184.47, 607.90, 676.59
123.44, 182.75, 184.48, 607.90, 676.59
121.81, 182.20, 184.30, 607.36, 675.87
121.81, 182.20, 184.30, 607.36, 675.87
121.93, 182.77, 184.26, 606.78, 675.08
121.92, 182.80, 184.30, 606.73, 675.06
121.91, 178.81, 183.22, 605.33, 675.31
121.91, 178.81, 183.22, 605.33, 675.31
121.49, 178.61, 183.40, 603.06, 675.49
121.49, 178.61, 183.40, 603.06, 675.49
121.06, 180.33, 183.97, 598.43, 677.75
121.06, 180.33, 183.97, 598.43, 677.75
125.46, 180.47, 185.10, 594.07, 678.46
124.67, 181.27, 184.94, 594.05, 678.39
126.55, 179.60, 184.89, 592.01, 676.32
126.56, 179.64, 184.92, 592.01, 676.32
127.88, 179.48, 185.75, 589.34, 674.15
127.88, 179.48, 185.75, 589.34, 674.15
128.48, 179.39, 185.94, 587.50, 671.11
128.57, 180.15, 186.16, 587.43, 671.20
128.57, 179.04, 186.66, 585.14, 667.94
128.57, 179.04, 186.66, 585.14, 667.94
131.91, 177.74, 186.69, 583.17, 664.44
131.91, 177.74, 186.69, 583.17, 664.44
132.94, 178.01, 187.01, 582.37, 660.79
132.94, 178.01, 187.01, 582.37, 660.79
135.07, 178.83, 187.72, 580.30, 656.80
135.07, 178.83, 187.72, 580.30, 656.80
136.61, 178.44, 188.04, 579.63, 652.84
136.57, 178.54, 188.06, 579.65, 652.86
135.75, 178.75, 188.24, 579.87, 648.64
135.74, 178.79, 188.23, 579.87, 648.64
137.39, 177.12, 188.29, 580.03, 644.63
137.39, 177.12, 188.29, 580.03, 644.63
137.27, 178.20, 188.29, 580.56, 640.67
137.27, 178.20, 188.29, 580.56, 640.67
137.18, 178.65, 188.49, 582.23, 637.00
137.18, 178.65, 188.49, 582.23, 637.00
139.38, 176.87, 188.38, 583.05, 633.01
139.38, 176.87, 188.38, 583.05, 633.01
139.13, 178.63, 188.60, 584.72, 629.31
139.21, 178.60, 188.61, 584.72, 629.31
139.49, 176.81, 188.29, 587.07, 625.57
139.38, 177.01, 188.26, 587.07, 625.57
141.07, 178.98, 189.10, 589.24, 621.49
141.13, 178.94, 189.10, 589.24, 621.49
141.42, 174.71, 188.96, 592.54, 618.44
141.42, 174.71, 188.96, 592.54, 618.44
140.65, 178.33, 189.02, 596.31, 615.32
140.63, 178.35, 189.02, 596.31, 615.32
143.71, 176.34, 189.01, 601.02, 612.38
143.71, 176.34, 189.01, 601.02, 612.38
143.76, 178.45, 189.25, 606.47, 610.73
144.12, 178.21, 189.17, 606.53, 610.85
144.72, 175.58, 189.59, 612.22, 608.62
144.72, 175.58, 189.59, 612.22, 608.62
144.36, 174.23, 189.24, 618.92, 607.21
144.36, 174.23, 189.24, 618.92, 607.21
144.83, 173.16, 189.28, 626.02, 607.62
144.83, 173.16, 189.28, 626.02, 607.62
146.40, 171.62, 189.01, 634.10, 609.44
146.40, 171.62, 189.01, 634.10, 609.44
146.17, 169.91, 188.27, 642.30, 613.13
146.45, 169.51, 188.19, 642.43, 613.07
139.71, 180.46, 188.96, 645.46, 617.52
139.71, 180.46, 188.96, 645.46, 617.52
139.18, 179.30, 188.38, 644.05, 622.60
139.29, 179.19, 188.38, 644.15, 622.58
136.39, 176.82, 186.74, 643.75, 628.64
136.39, 176.82, 186.74, 643.75, 628.64
134.83, 175.97, 186.46, 643.33, 635.25
135.01, 176.04, 186.54, 643.33, 635.25
134.16, 176.32, 186.15, 642.31, 642.19
134.80, 175.32, 185.98, 642.06, 641.96
132.82, 174.88, 184.62, 640.16, 649.31
132.82, 174.88, 184.62, 640.16, 649.31
129.86, 174.18, 184.55, 636.71, 655.77
129.87, 174.11, 184.56, 636.71, 655.77
128.90, 174.89, 184.10, 633.27, 662.77
128.96, 174.87, 184.15, 633.22, 662.82
125.64, 174.05, 182.86, 628.94, 669.77
125.64, 174.05, 182.86, 628.94, 669.77
123.24, 173.93, 182.31, 623.39, 675.04
123.24, 173.98, 182.36, 623.39, 675.04
123.07, 176.20, 182.07, 617.19, 673.64
123.07, 176.20, 182.07, 617.19, 673.64
124.22, 176.78, 183.26, 613.02, 672.95
124.13, 176.81, 183.25, 612.96, 672.97
124.41, 177.71, 184.12, 608.08, 676.51
124.58, 178.15, 184.37, 608.19, 676.48
126.91, 177.99, 184.73, 598.38, 680.49
126.76, 178.39, 184.78, 598.30, 680.50
129.16, 175.87, 185.38, 590.58, 679.04
129.16, 175.87, 185.38, 590.58, 679.04
132.27, 176.20, 186.35, 585.87, 674.07
132.32, 176.26, 186.35, 585.87, 674.07
132.87, 175.84, 186.51, 581.08, 668.96
132.87, 175.84, 186.51, 581.08, 668.96
135.98, 175.18, 186.46, 577.08, 662.74
135.98, 175.19, 186.46, 577.08, 662.74
108.22, 187.42, 173.56, 594.55, 631.27
137.46, 175.26, 187.68, 573.81, 659.09
108.25, 187.45, 173.58, 594.55, 631.27
137.46, 175.26, 187.68, 573.81, 659.09
135.94, 175.08, 187.53, 566.35, 659.38
106.25, 186.80, 174.03, 598.76, 642.71
135.64, 176.29, 187.59, 566.62, 659.51
106.23, 186.79, 174.03, 598.76, 642.71
92.49, 185.44, 169.78, 601.24, 639.35
135.97, 174.30, 187.87, 558.94, 657.14
92.49, 185.44, 169.78, 601.24, 639.35
135.62, 175.14, 187.94, 559.09, 657.23
141.82, 173.39, 188.99, 549.18, 657.44
91.71, 185.60, 169.00, 598.31, 648.22
141.82, 173.39, 188.99, 549.18, 657.44
91.71, 185.57, 169.03, 598.34, 648.24
140.46, 179.03, 189.97, 543.49, 655.88
91.67, 186.88, 171.45, 589.04, 644.50
140.46, 179.03, 189.97, 543.49, 655.88
91.73, 186.91, 171.47, 589.04, 644.43
139.58, 176.38, 187.59, 542.45, 652.75
97.41, 187.87, 169.09, 579.11, 635.38
139.58, 176.38, 187.59, 542.45, 652.75
97.10, 187.74, 168.93, 579.10, 635.39
145.69, 174.31, 189.69, 535.36, 651.50
96.72, 178.76, 166.98, 567.17, 650.09
145.69, 174.31, 189.69, 535.36, 651.50
96.71, 178.74, 166.98, 567.17, 650.09
150.71, 170.43, 189.36, 526.83, 648.76
73.73, 178.70, 164.86, 564.34, 671.61
150.61, 170.48, 189.40, 526.87, 648.81
73.73, 178.70, 164.87, 564.34, 671.61
143.79, 175.74, 190.07, 519.62, 647.64
143.79, 175.74, 190.07, 519.62, 647.64
106.83, 179.33, 177.57, 531.67, 657.35
75.72, 180.50, 168.40, 547.52, 677.23
106.87, 179.37, 177.61, 531.67, 657.35
75.79, 180.55, 168.42, 547.54, 677.25
105.09, 180.68, 177.21, 528.15, 657.91
85.69, 182.12, 171.36, 539.06, 669.03
105.02, 180.68, 177.19, 528.19, 657.94
85.66, 182.11, 171.36, 539.10, 669.06
109.82, 180.06, 178.22, 520.42, 655.25
83.49, 182.55, 170.55, 535.65, 673.98
109.73, 180.07, 178.15, 520.48, 655.17
83.52, 182.55, 170.52, 535.64, 673.85
110.76, 180.32, 177.92, 513.54, 654.91
87.32, 183.94, 171.75, 531.90, 671.49
110.65, 180.29, 177.86, 513.58, 654.86
87.21, 183.88, 171.70, 531.89, 671.43
123.98, 176.40, 179.64, 506.06, 646.01
88.07, 185.23, 170.94, 529.06, 673.81
124.01, 176.34, 179.68, 505.99, 646.06
87.77, 185.08, 170.93, 529.09, 674.20
138.17, 174.16, 185.19, 494.22, 640.65
138.17, 174.16, 185.19, 494.22, 640.65
152.31, 168.25, 190.12, 479.48, 629.38
152.31, 168.25, 190.12, 479.48, 629.38
153.76, 169.60, 190.65, 470.48, 626.31
154.26, 168.85, 190.56, 470.50, 626.30
154.86, 167.57, 189.73, 460.45, 624.53
154.69, 167.86, 189.94, 460.45, 624.53
154.07, 170.25, 189.83, 450.81, 623.54
154.07, 170.25, 189.83, 450.81, 623.54
154.20, 167.72, 189.14, 442.02, 623.16
154.20, 167.72, 189.14, 442.02, 623.16
155.41, 167.66, 189.54, 433.30, 622.41
155.41, 167.66, 189.54, 433.30, 622.41
153.60, 169.80, 190.50, 425.54, 624.01
153.60, 169.80, 190.50, 425.54, 624.01
152.45, 171.24, 191.10, 418.07, 625.27
152.45, 171.24, 191.10, 418.07, 625.27
153.01, 171.42, 190.61, 411.02, 626.78
153.01, 171.42, 190.61, 411.02, 626.78
151.63, 170.53, 191.23, 405.30, 629.18
151.63, 170.53, 191.23, 405.30, 629.18
151.95, 171.18, 191.32, 400.31, 632.11
151.95, 171.18, 191.32, 400.31, 632.11
153.87, 170.48, 191.34, 394.99, 636.40
153.88, 170.45, 191.34, 394.99, 636.40
151.11, 170.59, 191.04, 393.66, 640.78
151.26, 170.16, 191.04, 393.45, 640.81
149.19, 171.85, 191.45, 390.13, 646.34
149.10, 171.96, 191.46, 390.20, 646.35
149.42, 172.83, 191.72, 388.31, 652.48
149.42, 172.83, 191.72, 388.31, 652.48
147.48, 173.16, 191.30, 390.07, 657.84
147.48, 173.16, 191.30, 390.07, 657.84
149.21, 173.46, 191.15, 392.10, 664.25
149.20, 173.38, 191.15, 392.10, 664.25
147.02, 172.65, 190.78, 394.57, 670.87
147.06, 172.55, 190.77, 394.57, 670.87
147.37, 172.03, 191.01, 398.21, 677.48
147.26, 172.19, 191.06, 398.21, 677.48
143.92, 179.22, 191.51, 400.82, 682.65
143.92, 179.22, 191.51, 400.82, 682.65
143.27, 178.34, 191.42, 404.50, 682.72
143.27, 178.34, 191.42, 404.50, 682.72
144.71, 178.12, 191.46, 406.64, 683.81
144.68, 178.14, 191.46, 406.64, 683.81
144.16, 178.49, 191.18, 408.32, 685.00
144.16, 178.49, 191.18, 408.32, 685.00
143.19, 178.58, 191.09, 409.61, 686.75
143.41, 178.29, 191.10, 409.69, 686.77
141.02, 180.67, 191.20, 410.82, 688.26
141.02, 180.67, 191.20, 410.82, 688.26
140.16, 181.12, 191.10, 411.22, 688.86
140.18, 181.22, 191.12, 411.22, 688.86
138.21, 180.87, 190.78, 410.79, 689.06
138.57, 181.76, 190.97, 410.76, 689.57
138.34, 180.09, 190.68, 411.12, 689.27
138.34, 180.09, 190.68, 411.12, 689.27
137.43, 183.02, 190.87, 410.80, 689.64
137.43, 183.02, 190.87, 410.80, 689.64
136.52, 182.86, 190.68, 410.24, 689.69
136.52, 182.86, 190.68, 410.24, 689.69
137.23, 183.43, 190.85, 410.24, 689.69
137.17, 183.30, 190.88, 410.24, 689.69
137.30, 182.83, 190.86, 410.32, 689.70
137.16, 183.92, 190.43, 410.24, 689.69
138.73, 180.25, 190.43, 409.78, 690.26
138.73, 180.25, 190.43, 409.78, 690.26
138.29, 180.97, 190.34, 409.13, 689.72
138.25, 181.71, 190.58, 409.34, 690.22
138.94, 182.13, 190.73, 409.34, 690.22
139.09, 181.95, 190.75, 409.34, 690.22
138.38, 183.88, 190.86, 409.57, 690.18
138.11, 183.45, 190.77, 409.44, 690.16
138.83, 182.74, 190.68, 409.57, 690.13
138.57, 183.21, 190.71, 409.62, 690.14
138.35, 183.62, 190.79, 409.48, 690.15
137.83, 183.95, 190.74, 409.53, 690.17
138.20, 184.20, 190.94, 409.53, 690.17
138.06, 183.98, 190.94, 409.53, 690.17
138.06, 184.11, 190.97, 409.53, 690.17
138.06, 184.09, 190.97, 409.53, 690.17
138.34, 182.87, 190.77, 409.66, 690.20
138.34, 182.87, 190.77, 409.66, 690.20
138.30, 183.92, 190.97, 409.66, 690.20
138.30, 183.92, 190.97, 409.66, 690.20
138.85, 181.97, 190.58, 409.73, 689.99
138.85, 181.97, 190.58, 409.73, 689.99
138.37, 183.01, 190.69, 409.65, 690.19
138.37, 183.01, 190.69, 409.65, 690.19
138.07, 182.13, 190.49, 409.65, 690.19
138.07, 182.13, 190.49, 409.65, 690.19
138.18, 181.76, 190.54, 409.96, 689.98
138.18, 181.76, 190.54, 409.96, 689.98
137.30, 179.08, 189.65, 410.18, 688.91
137.37, 178.87, 189.67, 410.24, 688.94
105.99, 187.69, 168.95, 428.20, 635.61
139.79, 175.09, 189.48, 405.21, 689.83
105.99, 187.69, 168.95, 428.20, 635.61
139.73, 175.25, 189.48, 405.21, 689.83
106.45, 190.08, 170.97, 416.83, 642.38
129.83, 182.63, 186.17, 409.63, 685.75
106.39, 190.07, 170.99, 416.83, 642.40
129.83, 182.63, 186.17, 409.63, 685.75
107.01, 184.76, 178.94, 424.54, 673.25
107.01, 184.76, 178.94, 424.54, 673.25
115.80, 188.95, 171.54, 394.51, 661.59
115.77, 188.96, 171.58, 394.52, 661.58
110.28, 190.13, 172.88, 390.87, 658.72
110.28, 190.13, 172.88, 390.87, 658.72
141.82, 181.05, 178.04, 392.49, 684.34
141.82, 181.05, 178.04, 392.49, 684.34
135.44, 180.78, 185.82, 399.27, 685.39
135.44, 180.78, 185.82, 399.27, 685.39
144.09, 174.89, 191.07, 415.71, 690.61
144.09, 175.07, 191.07, 415.71, 690.61
145.89, 177.89, 191.89, 418.93, 691.25
145.89, 177.89, 191.89, 418.93, 691.25
143.67, 175.16, 191.38, 416.87, 691.33
143.67, 175.16, 191.38, 416.87, 691.33
142.22, 177.36, 191.70, 414.99, 691.39
142.22, 177.36, 191.70, 414.99, 691.39
144.26, 178.13, 191.62, 421.31, 690.62
144.26, 178.13, 191.62, 421.31, 690.62
145.89, 181.21, 192.24, 421.74, 690.66
145.89, 181.21, 192.24, 421.74, 690.66
144.51, 178.41, 191.83, 422.10, 690.61
144.05, 179.23, 191.82, 422.23, 690.58
146.00, 179.00, 191.78, 422.48, 690.33
145.59, 177.63, 190.61, 422.48, 690.33
145.33, 175.84, 190.51, 423.00, 690.18
145.33, 175.84, 190.51, 423.00, 690.18
143.68, 179.25, 191.19, 423.15, 689.96
143.68, 179.25, 191.19, 423.15, 689.96
144.16, 177.58, 190.81, 423.65, 689.68
144.29, 178.09, 190.88, 423.75, 689.68
143.68, 179.52, 191.23, 424.52, 689.50
143.68, 179.52, 191.23, 424.52, 689.50
144.65, 176.79, 191.26, 425.07, 689.25
144.65, 176.79, 191.26, 425.07, 689.25
146.05, 178.57, 191.69, 425.26, 688.40
146.05, 178.57, 191.69, 425.26, 688.40
148.56, 176.72, 191.67, 425.41, 687.58
148.56, 176.72, 191.67, 425.41, 687.58
146.56, 176.49, 191.44, 425.91, 687.32
145.85, 179.14, 191.73, 426.19, 687.99
146.11, 178.39, 191.76, 426.14, 688.03
145.97, 178.15, 191.68, 426.14, 688.03
146.52, 177.74, 191.73, 426.24, 687.60
146.83, 176.89, 191.60, 426.17, 687.57
146.04, 179.07, 191.73, 426.83, 687.99
146.04, 179.07, 191.73, 426.83, 687.99
147.41, 177.97, 191.77, 426.99, 688.11
147.38, 177.90, 191.76, 426.99, 688.11
146.22, 176.98, 191.57, 426.86, 688.56
146.22, 176.98, 191.57, 426.86, 688.56
144.18, 178.42, 191.97, 426.06, 689.37
144.18, 178.42, 191.97, 426.06, 689.37
143.70, 177.98, 191.54, 426.17, 689.48
143.76, 177.97, 191.54, 426.17, 689.48
144.25, 180.57, 191.98, 426.16, 688.51
144.28, 180.30, 191.95, 426.16, 688.51
146.46, 180.33, 192.07, 426.04, 687.08
146.46, 180.33, 192.07, 426.04, 687.08
147.08, 180.14, 191.97, 426.47, 686.01
147.08, 180.14, 191.97, 426.47, 686.01
145.88, 181.33, 192.33, 426.39, 686.00
145.88, 181.33, 192.33, 426.39, 686.00
148.33, 176.24, 191.74, 424.26, 687.02
147.42, 178.10, 191.83, 425.23, 686.55
146.37, 177.76, 191.80, 421.06, 687.66
146.43, 177.82, 191.83, 421.06, 687.66
145.75, 178.57, 192.06, 415.90, 688.36
145.75, 178.57, 192.06, 415.90, 688.36
146.23, 177.99, 191.81, 414.83, 687.75
145.95, 178.28, 191.78, 415.03, 687.73
146.34, 178.01, 191.84, 413.82, 687.57
146.34, 178.01, 191.84, 413.82, 687.57
147.58, 174.78, 191.02, 416.20, 686.75
147.58, 174.78, 191.02, 416.20, 686.75
147.52, 175.90, 191.46, 419.65, 685.87
147.60, 175.52, 191.46, 419.64, 685.82
145.89, 176.64, 191.41, 420.45, 684.90
145.89, 176.64, 191.41, 420.45, 684.90
146.99, 177.40, 191.55, 420.59, 685.12
147.00, 177.40, 191.57, 420.59, 685.12
147.03, 174.58, 190.91, 420.70, 685.57
147.03, 174.58, 190.91, 420.70, 685.57
146.78, 177.74, 191.74, 420.95, 685.97
146.66, 177.66, 191.18, 421.08, 685.84
146.78, 176.84, 191.33, 421.22, 686.07
146.78, 176.84, 191.33, 421.22, 686.07
148.08, 175.83, 191.53, 421.07, 686.31
148.08, 175.83, 191.53, 421.07, 686.31
148.77, 175.09, 191.32, 421.91, 686.23
148.89, 174.87, 191.28, 421.91, 686.23
147.68, 174.83, 191.34, 421.81, 685.90
147.68, 174.83, 191.34, 421.81, 685.90
147.69, 174.33, 191.22, 422.04, 685.78
147.69, 174.33, 191.22, 422.04, 685.78
147.51, 176.08, 191.46, 422.78, 685.79
147.51, 176.08, 191.46, 422.78, 685.79
148.82, 173.00, 190.90, 422.44, 686.60
148.82, 173.00, 190.90, 422.44, 686.60
148.60, 175.07, 191.48, 423.10, 686.64
148.60, 175.07, 191.48, 423.10, 686.64
147.66, 177.59, 191.65, 424.09, 685.54
147.66, 177.59, 191.65, 424.09, 685.54
148.87, 175.23, 191.60, 424.41, 684.93
148.87, 175.23, 191.60, 424.41, 684.93
147.13, 176.29, 191.60, 424.98, 683.94
147.13, 176.29, 191.60, 424.98, 683.94
147.42, 176.00, 191.67, 424.72, 683.34
147.42, 176.00, 191.67, 424.72, 683.34
149.01, 174.56, 191.42, 424.53, 683.51
149.01, 174.56, 191.42, 424.53, 683.51
148.26, 175.28, 191.53, 423.84, 684.40
148.26, 175.28, 191.53, 423.84, 684.40
147.89, 174.62, 191.28, 422.34, 684.76
147.79, 174.70, 191.34, 422.34, 684.76
149.00, 173.75, 191.28, 422.16, 683.73
149.00, 173.75, 191.28, 422.16, 683.73
149.07, 174.87, 191.07, 423.03, 681.87
149.04, 174.93, 191.07, 423.03, 681.87
147.05, 177.09, 191.46, 420.78, 682.01
147.05, 177.09, 191.46, 420.78, 682.01
147.65, 175.52, 190.93, 420.54, 681.10
147.65, 175.52, 190.93, 420.54, 681.10
148.90, 174.11, 190.70, 421.27, 679.80
148.90, 174.11, 190.70, 421.27, 679.80
149.21, 173.35, 190.13, 422.90, 677.91
149.21, 173.35, 190.13, 422.90, 677.91
149.00, 176.80, 190.66, 423.57, 676.52
149.00, 176.80, 190.66, 423.57, 676.52
147.74, 174.10, 189.93, 424.17, 676.07
147.18, 174.53, 190.02, 424.14, 676.03
147.28, 176.38, 190.55, 424.65, 675.86
147.28, 176.38, 190.55, 424.65, 675.86
145.75, 174.11, 189.91, 425.13, 675.25
145.75, 174.11, 189.91, 425.13, 675.25
144.87, 178.20, 190.99, 425.64, 674.84
144.87, 178.20, 190.99, 425.64, 674.84
145.97, 175.29, 190.47, 425.61, 674.52
145.91, 175.48, 190.50, 425.66, 674.52
145.62, 177.04, 190.74, 425.52, 674.71
145.62, 177.04, 190.74, 425.52, 674.71
145.79, 174.96, 190.01, 424.87, 674.17
145.79, 174.96, 190.01, 424.87, 674.17
145.55, 177.59, 190.59, 424.54, 673.16
145.87, 177.55, 190.04, 424.51, 673.12
145.57, 174.94, 189.50, 424.54, 672.51
145.57, 174.94, 189.50, 424.54, 672.51
144.80, 177.51, 189.98, 424.10, 671.94
144.80, 177.51, 189.98, 424.10, 671.94
143.64, 178.88, 190.64, 423.84, 671.27
143.64, 178.88, 190.64, 423.84, 671.27
142.30, 181.93, 191.12, 424.03, 670.91
142.30, 181.93, 191.12, 424.03, 670.91
138.68, 183.35, 190.77, 424.18, 670.74
138.68, 183.35, 190.77, 424.18, 670.74
137.01, 182.59, 190.33, 425.12, 670.74
137.01, 182.59, 190.33, 425.12, 670.74
136.23, 180.75, 189.57, 427.05, 671.02
136.62, 180.62, 189.63, 427.05, 671.02
136.95, 178.21, 189.15, 429.76, 670.89
136.95, 178.21, 189.15, 429.76, 670.89
137.22, 180.90, 189.20, 432.33, 670.40
137.12, 181.13, 189.23, 432.33, 670.40
141.77, 174.78, 188.71, 436.24, 670.73
141.77, 174.90, 188.74, 436.24, 670.73
139.23, 177.00, 188.57, 441.95, 674.02
139.41, 176.64, 188.47, 441.91, 674.01
139.67, 175.37, 188.74, 448.39, 675.42
139.67, 175.37, 188.74, 448.39, 675.42
139.76, 175.41, 188.83, 454.11, 674.39
139.87, 175.15, 188.85, 454.15, 674.43
141.67, 175.06, 189.25, 459.66, 672.64
141.67, 175.06, 189.25, 459.66, 672.64
143.02, 175.15, 188.52, 463.99, 669.07
142.63, 175.05, 188.52, 463.86, 669.15
143.30, 175.43, 189.33, 468.28, 665.60
143.30, 175.43, 189.33, 468.28, 665.60
144.38, 175.47, 189.37, 472.02, 661.66
144.38, 175.47, 189.37, 472.02, 661.66
144.34, 175.27, 189.92, 475.63, 657.32
144.34, 175.27, 189.92, 475.63, 657.32
145.78, 174.11, 190.13, 479.42, 653.46
145.78, 174.11, 190.13, 479.42, 653.46
145.14, 175.73, 190.94, 481.68, 649.25
145.14, 175.73, 190.94, 481.68, 649.25
145.45, 174.69, 190.55, 483.51, 644.63
145.45, 174.69, 190.55, 483.51, 644.63
146.67, 175.25, 190.91, 483.52, 639.25
146.67, 175.25, 190.91, 483.52, 639.25
144.69, 175.09, 190.66, 482.05, 634.00
144.69, 175.09, 190.66, 482.05, 634.00
148.11, 175.03, 191.23, 481.58, 627.94
148.11, 175.03, 191.23, 481.58, 627.94
146.85, 173.48, 191.04, 480.28, 622.83
146.85, 173.48, 191.04, 480.28, 622.83
145.59, 175.58, 191.51, 478.19, 618.28
145.59, 175.58, 191.51, 478.19, 618.28
146.34, 174.19, 190.91, 475.91, 613.51
146.34, 174.19, 190.91, 475.91, 613.51
148.93, 175.17, 191.42, 473.04, 609.51
148.93, 175.17, 191.42, 473.04, 609.51
147.47, 173.63, 190.72, 469.25, 606.29
147.47, 173.63, 190.72, 469.25, 606.29
148.19, 174.29, 190.88, 466.06, 603.04
147.80, 175.54, 191.13, 466.02, 602.74
148.25, 173.65, 190.66, 461.60, 600.43
148.25, 173.65, 190.66, 461.60, 600.43
148.25, 174.93, 191.05, 457.73, 599.27
148.25, 174.93, 191.05, 457.73, 599.27
149.20, 172.67, 190.65, 455.01, 597.82
149.20, 172.67, 190.65, 455.01, 597.82
147.13, 175.75, 191.05, 453.57, 597.46
99.51, 187.70, 168.40, 387.11, 604.70
147.13, 175.75, 191.05, 453.57, 597.46
99.37, 187.67, 168.46, 387.15, 604.70
152.74, 165.81, 188.92, 457.85, 601.70
112.06, 187.78, 167.12, 403.88, 604.67
152.62, 165.97, 188.91, 457.78, 601.59
112.04, 187.81, 167.13, 403.88, 604.67
154.20, 163.94, 188.42, 468.19, 609.79
113.12, 189.01, 168.23, 417.55, 611.55
154.39, 163.76, 188.40, 468.27, 609.87
113.11, 189.02, 168.25, 417.55, 611.55
148.69, 166.84, 185.28, 477.92, 608.95
112.15, 188.72, 167.43, 426.70, 625.88
148.69, 166.85, 185.31, 477.92, 608.95
112.17, 188.69, 167.43, 426.59, 625.74
136.63, 176.09, 177.81, 477.51, 616.69
110.33, 187.28, 168.36, 436.83, 650.05
136.63, 176.08, 177.81, 477.51, 616.69
110.32, 187.26, 168.36, 436.83, 650.05
152.37, 165.71, 190.32, 512.59, 625.05
110.47, 187.71, 167.57, 455.80, 654.04
151.22, 166.66, 189.58, 511.57, 624.10
110.42, 187.72, 167.58, 455.79, 654.05
144.22, 167.39, 189.58, 525.67, 628.74
109.85, 186.03, 164.69, 471.84, 655.52
144.10, 167.51, 189.58, 525.67, 628.74
109.88, 186.00, 164.66, 471.88, 655.57
134.15, 170.12, 185.93, 533.63, 635.08
103.71, 184.09, 164.95, 494.62, 657.55
134.83, 170.28, 186.32, 534.24, 634.45
103.61, 184.03, 164.92, 494.69, 657.60
143.34, 169.47, 189.31, 551.10, 632.40
95.44, 186.39, 166.55, 505.77, 645.00
143.34, 169.47, 189.31, 551.10, 632.40
95.37, 186.39, 166.58, 505.86, 645.14
141.74, 169.95, 188.72, 562.65, 633.47
91.57, 186.20, 166.73, 514.61, 642.02
141.52, 170.30, 188.68, 562.84, 633.49
90.73, 186.46, 166.54, 514.69, 642.59
139.34, 170.05, 187.86, 572.07, 633.42
98.37, 184.97, 167.91, 521.73, 643.36
139.34, 170.05, 187.86, 572.07, 633.42
98.37, 184.97, 167.91, 521.73, 643.36
145.90, 171.13, 189.22, 583.26, 630.36
112.96, 183.60, 174.66, 543.43, 643.14
145.86, 170.36, 188.98, 583.49, 630.21
112.63, 183.21, 174.65, 543.57, 643.21
144.17, 171.33, 188.04, 590.23, 627.38
101.98, 185.22, 170.97, 556.06, 652.73
144.17, 171.33, 188.04, 590.23, 627.38
102.03, 185.23, 171.01, 555.93, 652.62
144.62, 173.12, 187.64, 596.15, 618.56
96.10, 186.85, 167.08, 570.40, 654.82
144.61, 173.13, 187.65, 596.15, 618.56
96.17, 186.85, 167.08, 570.17, 654.72
137.23, 172.91, 183.81, 600.52, 613.33
97.65, 188.64, 166.97, 577.93, 648.85
137.24, 172.98, 183.82, 600.52, 613.33
97.85, 188.70, 167.02, 578.28, 648.95
135.79, 176.53, 183.89, 609.46, 607.47
97.06, 188.05, 167.49, 590.92, 648.29
135.80, 176.55, 183.91, 609.46, 607.47
97.10, 188.08, 167.53, 590.92, 648.29
135.45, 177.43, 183.69, 616.19, 602.21
98.88, 188.39, 167.30, 600.98, 643.07
135.45, 177.43, 183.69, 616.19, 602.21
98.57, 188.35, 167.36, 601.51, 643.29
134.79, 176.14, 181.95, 620.72, 597.66
100.09, 188.92, 167.83, 609.84, 634.29
134.79, 176.14, 181.95, 620.72, 597.66
100.08, 188.92, 167.82, 609.84, 634.33
122.28, 181.60, 177.60, 626.10, 602.67
106.28, 189.82, 166.25, 594.32, 626.14
122.28, 181.60, 177.60, 626.10, 602.67
106.27, 189.81, 166.26, 594.38, 626.13
117.40, 181.52, 178.21, 628.72, 598.22
100.97, 188.70, 167.31, 603.24, 628.70
117.40, 181.52, 178.21, 628.72, 598.22
100.90, 188.66, 167.28, 603.47, 628.73
117.18, 182.01, 178.78, 622.73, 594.51
99.57, 188.09, 168.60, 609.77, 628.84
117.03, 182.11, 178.76, 622.71, 594.51
99.57, 188.10, 168.61, 609.77, 628.84
122.48, 178.96, 180.95, 622.50, 585.87
103.37, 189.58, 169.27, 604.20, 628.26
122.48, 178.96, 180.95, 622.50, 585.87
103.33, 189.59, 169.30, 604.23, 628.27
122.72, 182.92, 181.85, 627.48, 584.59
104.03, 190.06, 169.70, 603.25, 628.68
122.72, 182.97, 181.86, 627.48, 584.59
104.04, 190.06, 169.71, 603.25, 628.68
120.18, 181.35, 180.73, 624.73, 587.11
103.28, 190.15, 169.98, 599.96, 628.24
120.18, 181.35, 180.73, 624.73, 587.11
103.25, 190.11, 169.95, 599.93, 628.24
129.88, 179.87, 183.73, 625.37, 574.56
103.85, 190.71, 170.69, 601.10, 627.25
129.66, 180.19, 183.74, 625.40, 574.56
103.81, 190.69, 170.71, 601.11, 627.27
135.51, 177.44, 185.66, 623.78, 567.83
103.16, 190.59, 170.81, 600.16, 627.01
135.51, 177.44, 185.66, 623.78, 567.83
103.19, 190.61, 170.81, 600.26, 626.96
139.51, 179.08, 187.74, 621.22, 562.23
103.34, 190.73, 171.42, 598.82, 625.80
142.00, 178.18, 187.91, 617.00, 558.76
102.58, 190.77, 171.69, 597.98, 623.61
142.00, 178.18, 187.91, 617.00, 558.76
102.58, 190.77, 171.69, 597.98, 623.61
140.82, 178.22, 187.81, 613.10, 555.68
102.50, 190.73, 171.71, 595.48, 621.44
140.82, 178.22, 187.81, 613.10, 555.68
102.52, 190.73, 171.70, 595.46, 621.46
140.82, 178.22, 187.81, 613.10, 555.68
102.52, 190.72, 171.71, 595.44, 621.45
143.07, 175.22, 186.73, 610.37, 554.63
101.82, 190.61, 171.29, 592.95, 616.53
143.21, 175.28, 186.80, 610.32, 554.59
101.75, 190.59, 171.27, 592.95, 616.53
139.01, 173.40, 184.59, 605.44, 552.10
99.26, 189.43, 170.29, 591.75, 608.20
139.01, 173.40, 184.59, 605.44, 552.10
99.27, 189.43, 170.28, 591.75, 608.20
100.15, 189.65, 171.16, 589.73, 601.69
146.25, 169.39, 186.32, 601.16, 543.52
146.11, 169.51, 186.44, 601.16, 543.52
100.07, 189.58, 171.15, 589.87, 601.55
100.77, 189.58, 171.02, 588.37, 593.58
144.32, 171.81, 185.75, 591.65, 537.72
100.77, 189.58, 171.02, 588.37, 593.58
144.32, 171.81, 185.75, 591.65, 537.72
100.37, 189.71, 171.55, 585.02, 585.98
128.00, 176.45, 181.21, 587.03, 544.79
102.97, 188.55, 172.24, 586.67, 575.11
132.62, 176.49, 182.70, 577.81, 534.64
102.97, 188.56, 172.24, 586.67, 575.11
132.62, 176.49, 182.70, 577.81, 534.64
103.11, 188.31, 172.28, 586.78, 574.99
132.67, 176.14, 182.68, 578.07, 534.71
107.32, 188.63, 173.23, 587.77, 563.39
137.22, 172.04, 183.28, 572.01, 527.37
107.31, 188.63, 173.28, 587.80, 563.40
137.62, 171.84, 183.34, 572.01, 527.18
108.64, 188.45, 172.36, 585.46, 552.43
131.99, 171.06, 179.71, 579.00, 521.64
108.66, 188.42, 172.38, 585.46, 552.43
131.99, 171.01, 179.71, 579.00, 521.64
111.45, 187.74, 173.00, 577.81, 542.64
126.75, 174.05, 179.51, 572.14, 516.96
111.38, 187.79, 172.97, 577.83, 542.72
126.16, 174.66, 179.51, 573.41, 516.96
108.19, 189.20, 172.15, 570.15, 541.74
127.64, 174.06, 181.20, 565.90, 508.25
108.19, 189.20, 172.15, 570.15, 541.74
127.64, 174.06, 181.20, 565.90, 508.25
111.38, 188.83, 173.72, 566.25, 534.00
131.52, 175.28, 181.93, 561.80, 500.71
111.49, 188.85, 173.76, 566.32, 534.00
131.54, 175.29, 181.92, 561.80, 500.71
113.36, 189.72, 174.65, 566.39, 528.05
130.32, 178.04, 182.19, 555.34, 499.20
113.36, 189.72, 174.65, 566.39, 528.05
130.32, 178.04, 182.19, 555.34, 499.20
114.76, 188.21, 173.95, 563.26, 523.78
142.09, 169.97, 184.07, 551.75, 486.47
114.75, 188.28, 173.85, 563.37, 523.81
142.15, 170.11, 184.10, 551.69, 486.41
113.83, 189.16, 173.36, 563.94, 520.14
142.57, 171.73, 185.16, 545.87, 482.88
113.83, 189.16, 173.36, 563.94, 520.14
142.57, 171.73, 185.16, 545.87, 482.88
115.62, 188.82, 172.64, 562.73, 517.07
143.09, 170.36, 183.77, 540.80, 480.52
115.62, 188.83, 172.65, 562.73, 517.07
143.09, 170.36, 183.77, 540.80, 480.52
118.81, 189.15, 171.75, 561.43, 515.25
150.18, 169.46, 184.22, 532.59, 477.52
118.81, 189.15, 171.76, 561.43, 515.25
150.11, 169.46, 184.24, 532.59, 477.52
154.29, 162.78, 187.17, 522.93, 473.60
120.18, 189.28, 169.75, 561.79, 513.55
154.39, 162.70, 187.15, 522.93, 473.60
120.20, 189.27, 169.68, 561.86, 513.16
120.93, 189.05, 168.25, 562.41, 521.02
156.28, 169.62, 190.87, 516.03, 470.52
120.93, 189.05, 168.25, 562.41, 521.02
156.28, 169.62, 190.87, 516.03, 470.52
121.33, 189.24, 166.02, 562.86, 523.14
153.59, 169.79, 184.22, 520.92, 467.01
121.33, 189.24, 166.02, 562.86, 523.14
153.57, 169.86, 184.24, 520.92, 467.01
117.40, 187.25, 165.97, 561.16, 528.38
153.91, 171.03, 180.00, 518.15, 473.17
117.44, 187.25, 165.98, 561.16, 528.38
153.91, 171.03, 180.00, 518.15, 473.17
116.40, 188.99, 167.36, 558.61, 531.48
155.54, 168.93, 185.16, 507.42, 469.93
116.25, 188.97, 167.39, 558.62, 531.47
155.51, 168.93, 185.17, 507.42, 469.93
149.98, 169.17, 189.05, 498.85, 466.76
114.94, 189.39, 166.76, 549.91, 527.93
149.98, 169.17, 189.05, 498.85, 466.76
114.94, 189.39, 166.77, 549.91, 527.93
155.93, 167.75, 190.77, 490.29, 463.88
155.93, 167.75, 190.77, 490.29, 463.88
154.45, 170.31, 191.78, 486.09, 463.11
154.47, 170.30, 191.78, 486.09, 463.11
154.65, 168.20, 191.72, 481.40, 464.22
154.65, 168.20, 191.72, 481.40, 464.22
154.41, 170.05, 191.57, 476.37, 466.50
154.41, 170.05, 191.57, 476.37, 466.50
152.58, 168.84, 191.13, 476.38, 465.36
152.58, 168.84, 191.13, 476.38, 465.36
155.70, 167.15, 191.04, 476.38, 465.22
155.56, 165.95, 190.84, 476.10, 465.42
151.05, 167.06, 190.76, 476.47, 465.39
151.05, 167.06, 190.76, 476.47, 465.39
152.42, 169.79, 191.54, 477.36, 463.74
152.42, 169.79, 191.54, 477.36, 463.74
154.66, 167.17, 191.27, 477.56, 461.31
154.66, 167.17, 191.27, 477.56, 461.31
153.63, 167.42, 190.42, 475.30, 458.34
153.63, 167.42, 190.42, 475.30, 458.34
155.07, 167.21, 190.13, 471.88, 454.99
155.07, 167.21, 190.13, 471.88, 454.99
156.49, 167.21, 189.75, 466.59, 452.88
156.49, 167.21, 189.75, 466.59, 452.88
156.13, 166.24, 189.80, 459.56, 453.25
156.42, 166.03, 189.78, 459.54, 453.28
159.20, 164.70, 190.61, 452.43, 451.40
159.20, 164.70, 190.61, 452.43, 451.40
160.49, 163.96, 190.86, 445.25, 451.55
160.49, 163.96, 190.86, 445.25, 451.55
162.84, 161.94, 190.46, 438.44, 449.86
162.84, 161.94, 190.46, 438.44, 449.86
161.00, 161.75, 190.95, 431.23, 449.85
161.00, 161.75, 190.95, 431.23, 449.85
163.46, 161.24, 190.96, 424.71, 449.80
163.46, 161.24, 190.96, 424.71, 449.80
161.73, 161.19, 190.06, 417.40, 450.10
161.73, 161.19, 190.06, 417.40, 450.10
161.83, 162.28, 189.93, 410.75, 453.30
161.83, 162.28, 189.93, 410.75, 453.30
160.59, 164.70, 190.95, 403.96, 455.85
160.15, 164.23, 190.63, 404.13, 456.12
160.06, 164.61, 191.63, 397.29, 458.34
160.06, 164.61, 191.63, 397.29, 458.34
160.84, 164.63, 191.40, 391.66, 462.56
160.84, 164.63, 191.40, 391.66, 462.56
159.24, 163.55, 192.03, 385.67, 466.03
159.24, 163.55, 192.03, 385.67, 466.03
160.40, 161.59, 191.27, 380.49, 470.76
160.40, 161.59, 191.27, 380.49, 470.76
160.09, 163.79, 191.72, 374.83, 475.41
160.09, 163.79, 191.72, 374.83, 475.41
159.64, 164.13, 191.42, 370.74, 482.17
159.64, 164.13, 191.42, 370.74, 482.17
160.18, 164.57, 192.00, 365.66, 488.02
160.18, 164.57, 192.00, 365.66, 488.02
158.71, 164.33, 192.06, 361.77, 495.21
158.71, 164.33, 192.06, 361.77, 495.21
161.72, 165.62, 192.71, 357.64, 502.61
161.57, 165.86, 192.72, 357.64, 502.61
160.04, 165.88, 192.05, 353.87, 510.41
160.04, 165.88, 192.05, 353.87, 510.41
161.40, 166.01, 192.70, 349.28, 517.68
161.33, 166.16, 192.73, 349.28, 517.68
159.41, 167.21, 191.91, 345.57, 525.39
159.41, 167.21, 191.91, 345.57, 525.39
157.89, 167.57, 192.19, 342.02, 532.99
157.89, 167.57, 192.19, 342.02, 532.99
159.51, 164.23, 191.41, 339.16, 540.67
159.51, 164.23, 191.41, 339.16, 540.67
160.49, 164.24, 192.01, 335.56, 548.22
159.87, 166.65, 191.89, 335.32, 548.21
159.71, 166.94, 191.27, 332.85, 556.46
159.71, 166.94, 191.27, 332.85, 556.46
157.87, 168.94, 192.00, 328.76, 564.27
157.87, 168.94, 192.00, 328.76, 564.27
159.18, 164.91, 191.27, 325.99, 572.54
159.22, 164.85, 191.24, 325.99, 572.54
159.70, 166.03, 191.81, 323.92, 581.36
159.70, 166.03, 191.81, 323.92, 581.36
160.35, 165.52, 191.31, 321.30, 589.84
160.35, 165.52, 191.31, 321.30, 589.84
160.82, 166.84, 190.99, 318.81, 598.42
160.82, 166.84, 190.99, 318.81, 598.42
160.52, 165.21, 190.60, 316.49, 607.36
160.82, 165.02, 190.59, 316.49, 607.36
160.93, 164.31, 189.83, 314.81, 616.71
160.04, 165.75, 189.87, 314.41, 625.88
160.19, 165.63, 189.82, 314.36, 625.84
160.08, 165.65, 189.81, 314.36, 625.84
161.86, 166.11, 190.21, 312.75, 634.94
159.31, 166.81, 190.42, 311.18, 644.66
159.25, 166.94, 190.43, 311.18, 644.66
159.26, 166.93, 190.43, 311.18, 644.66
157.52, 165.88, 189.39, 311.16, 653.50
157.06, 166.81, 189.56, 310.86, 653.53
158.69, 168.10, 190.64, 310.67, 662.87
158.71, 168.08, 190.64, 310.67, 662.87
154.87, 170.33, 191.02, 310.66, 672.21
154.87, 170.33, 191.02, 310.66, 672.21
155.23, 168.32, 190.45, 311.27, 681.69
