,Start Time,Frame Read,Waitkey 1,Warp,Object Detection,Color Quant,CD Main,Algorithm,Display Angles,End Time,Elapsed Time
0,23375.4220412,0.0016007999984140042,0.00028000000020256266,0.009689099999377504,0.09593369999856804,0.0026284999985364266,0.000562299999728566,0.00024230000053648837,0.01409849999981816,23375.5704987,0.14845749999949476
1,23375.5705178,0.001508499997726176,0.003441100001509767,0.009181199999147793,0.0676426000027277,0.0015491999984078575,0.00042749999920488335,0.00015919999714242294,0.00033849999817903154,23375.654829,0.08431120000022929
2,23375.6548352,0.0012026000003970694,0.001245399998879293,0.008438499997282634,0.0637894999999844,0.0021329999981389847,0.0005058999995526392,0.0001604999997653067,0.00035180000122636557,23375.7327209,0.07788570000047912
3,23375.7327257,0.0012361000008240808,0.0009347000013804063,0.007955500001116889,0.06645990000106394,0.0018516000018280465,0.00043029999869759195,0.0001650000012887176,0.0003646000004664529,23375.8121793,0.07945359999939683
4,23375.8121843,0.001533200000267243,0.001281199998629745,0.008184199999959674,0.06583920000048238,0.0019334999997226987,0.0004549000004772097,0.0001688999982434325,0.00034899999809567817,23375.8919786,0.07979429999977583
5,23375.8919834,0.0013450000005832408,0.00097250000180793,0.008020199999009492,0.06541169999763952,0.001981499997782521,0.00040269999954034574,0.00017970000044442713,0.0003612000000430271,23375.9707229,0.07873950000066543
6,23375.9707281,0.0012214999987918418,0.0012063000031048432,0.00833740000234684,0.07132739999724436,0.002101300000504125,0.00046020000081625767,0.00018220000129076652,0.00036719999843626283,23376.0559936,0.08526549999805866
7,23376.055999,0.0013677999995707069,0.001001100001303712,0.008367300000827527,0.06421190000037313,0.0016453999996883795,0.00039939999987836927,0.00015829999756533653,0.0003727000002982095,23376.1335873,0.07758829999875161
8,23376.1335928,0.0012429000016709324,0.0009065999984159134,0.0070597999983874615,0.06355249999978696,0.001401000001351349,0.0003828999979305081,0.0001610000035725534,0.0003411999969102908,23376.2086972,0.07510439999896334
9,23376.2087019,0.0012219999989611097,0.0009467999989283271,0.0076913000011700206,0.06334119999883114,0.0017558999970788136,0.00038779999886173755,0.00016400000095018186,0.000351099999534199,23376.2846208,0.07591890000185231
10,23376.2846257,0.0012223000012454577,0.0009596000018063933,0.007763999998132931,0.06600369999796385,0.0017766000019037165,0.0004920999999740161,0.00020109999968553893,0.00038579999818466604,23376.3844858,0.09986010000284296
11,23376.3844978,0.0012338999986241106,0.0015908999994280748,0.007833200001186924,0.06721830000242335,0.0021011999997426756,0.0006065999987185933,0.0002330999996047467,0.0003372999999555759,23376.4657061,0.08120829999825219
12,23376.4657114,0.00176850000207196,0.0012664999994740356,0.008302199999889126,0.06925680000131251,0.0017267000002902932,0.0004273000013199635,0.0001740000006975606,0.00038779999886173755,23376.5492605,0.08354909999980009
13,23376.5492657,0.0012882000009994954,0.0009585000007064082,0.008099700000457233,0.06352890000198386,0.0015351000001828652,0.00036099999852012843,0.00016320000213454477,0.00034579999919515103,23376.6255979,0.07633220000207075
14,23376.6256025,0.001244099999894388,0.0011761999994632788,0.0074504000003798865,0.06067360000088229,0.0012811000015062746,0.000459999999293359,0.0002117000003636349,0.0005227000001468696,23376.6986763,0.07307379999838304
15,23376.698682,0.0015880999999353662,0.0016590999985055532,0.007872299996961374,0.06265029999849503,0.0016226000007009134,0.0003608999977586791,0.00016069999765022658,0.0003660000002128072,23376.7750091,0.0763271000032546
16,23376.7750141,0.001499600002716761,0.001260799999727169,0.006614199999603443,0.06225400000039372,0.0015810000004421454,0.00037680000241380185,0.00016540000069653615,0.0003972000013163779,23376.8492113,0.07419719999961671
17,23376.8492164,0.0012451000002329238,0.0009285999985877424,0.008029000000533415,0.0652881999994861,0.0014486000000033528,0.00037430000156746246,0.0001506000007793773,0.0003088999983447138,23376.9270293,0.07781289999911678
18,23376.9270335,0.0011044999992009252,0.0007631000007677358,0.006740900000295369,0.059469600000738865,0.001352500003122259,0.00030449999758275226,0.00013299999773153104,0.00032049999936134554,23376.9972609,0.07022739999956684
19,23376.9972655,0.0012623000002349727,0.0011784999987867195,0.005907300001126714,0.05785259999902337,0.001470599996537203,0.0004272999976819847,0.00017949999892152846,0.0004317999992053956,23377.0660285,0.06876300000294577
20,23377.0660338,0.0011634000002231915,0.0008678999984113034,0.0061614999976882245,0.06270769999900949,0.0016274000008706935,0.0003859999997075647,0.00015809999968041666,0.00036980000004405156,23377.1608069,0.09477309999783756
21,23377.1608137,0.0012451999973563943,0.0012865000026067719,0.007663600001251325,0.06187090000094031,0.0014010999984748196,0.00035379999826545827,0.00014620000001741573,0.00031369999851449393,23377.2351427,0.07432899999912479
22,23377.2351467,0.001088499997422332,0.000797100001364015,0.006347700000333134,0.06300940000073751,0.001692500001809094,0.00040019999869400635,0.00016730000061215833,0.0003757999984372873,23377.3090842,0.07393749999755528
23,23377.3090894,0.0012736999997287057,0.0009348999992653262,0.007550400001491653,0.062428400000499096,0.0014450999988184776,0.00039710000055492856,0.00019700000120792538,0.00038610000046901405,23377.3837525,0.07466310000017984
24,23377.3837575,0.001277999999729218,0.0009428000012121629,0.00788299999840092,0.06318050000118092,0.0016976000006252434,0.00039009999818517826,0.00015789999815751798,0.00037180000072112307,23377.4597091,0.0759515999998257
25,23377.4597145,0.0012385000009089708,0.000899599999684142,0.007988500001374632,0.06373059999896213,0.0019882999986293726,0.0003961000002163928,0.00017190000289701857,0.0003659999965748284,23377.5365397,0.07682519999798387
26,23377.5365447,0.0017373000009683892,0.0011273000018263701,0.007948599999508588,0.06474069999967469,0.0017259999985981267,0.00039509999987785704,0.0001554000009491574,0.00035339999885763973,23377.6149581,0.07841339999868069
27,23377.6149626,0.001509900001110509,0.0012252999986230861,0.007106900000508176,0.06323450000127195,0.001898599999549333,0.0003708000003825873,0.00016739999773562886,0.00035510000088834204,23377.6908779,0.07591529999990598
28,23377.6908826,0.0012462000013329089,0.0009422000002814457,0.008328100000653649,0.10379810000085854,0.0019836000028590206,0.00038810000114608556,0.00017590000061318278,0.0003510000024107285,23377.8081582,0.11727560000144877
29,23377.8081628,0.001248100001248531,0.000934299998334609,0.008046799997828202,0.06263399999807007,0.0018564999991212972,0.0003871000008075498,0.00023910000163596123,0.0004087999986950308,23377.8839682,0.07580539999980829
30,23377.8839731,0.0012410000017553102,0.0009909000000334345,0.007905299997219117,0.0650945999987016,0.0016796000018075574,0.0004541000016615726,0.00021560000095632859,0.00043450000157463364,23377.9837738,0.09980069999801344
31,23377.9837826,0.0012279999973543454,0.0012819000003219116,0.007858900000428548,0.06099109999922803,0.001436500002455432,0.00039180000021588057,0.00019270000120741315,0.0002921999985119328,23378.0575122,0.07372960000066087
32,23378.057517,0.0012100999992981087,0.0007805999994161539,0.005887100000109058,0.06474739999976009,0.0014004000004206318,0.000409399999625748,0.00017769999976735562,0.0003460000007180497,23378.1325301,0.07501309999861405
33,23378.1325361,0.0016672999990987591,0.001079300000128569,0.007903599998826394,0.06375690000277245,0.001187400001072092,0.00039629999810131267,0.00018840000120690092,0.0003174999983457383,23378.2090801,0.07654399999955785
34,23378.2090851,0.001232200000231387,0.0009377999995194841,0.00811500000054366,0.06279079999876558,0.001987299998290837,0.0003896000016538892,0.0001823999991756864,0.00036579999868990853,23378.2851368,0.07605170000169892
35,23378.2851415,0.0012674999998125713,0.0009501000022282824,0.00750759999937145,0.06204330000036862,0.001387699998304015,0.00043449999793665484,0.00029540000105043873,0.00029259999791975133,23378.3593921,0.07425059999877703
36,23378.3593983,0.0012518999974417966,0.0013813000005029608,0.008084500001132255,0.06387829999948735,0.0014869999977236148,0.00040359999911743216,0.00018399999680696055,0.00029550000181188807,23378.4364133,0.0770150000025751
37,23378.4364185,0.0012354999998933636,0.00097490000189282,0.007920800002466422,0.06631059999926947,0.0013677000024472363,0.0003891000014846213,0.00018249999993713573,0.0003085000025748741,23378.5151556,0.07873709999694256
38,23378.5151606,0.0013784999973722734,0.000990000000456348,0.00778100000025006,0.06618929999967804,0.0013109999999869615,0.0003845999999612104,0.0001951000012923032,0.00029540000105043873,23378.5937411,0.07858050000140793
39,23378.5937462,0.0017227999996975996,0.0009480999979132321,0.008426600001257611,0.06465010000101756,0.0012048000025970396,0.00039710000055492856,0.00019279999833088368,0.00030639999749837443,23378.6717176,0.07797139999820502
40,23378.6717224,0.0012343999987933785,0.0009486000017204788,0.008203099998354446,0.06330800000068848,0.0010160999991057906,0.00039960000140126795,0.00020059999951627105,0.0003152999997837469,23378.7683693,0.09664690000136034
41,23378.7683801,0.0012290999984543305,0.0013939000018581282,0.007964199998241384,0.06303509999997914,0.0010536999980104156,0.0003256999989389442,0.00017740000112098642,0.0003679000001284294,23378.8439807,0.07560060000105295
42,23378.8439853,0.0012418999976944178,0.0009248999995179474,0.007838199999241624,0.06318790000295849,0.0011183999995409977,0.0004415000003064051,0.00018590000036056153,0.00030079999851295725,23378.9192797,0.07529439999780152
43,23378.9192846,0.0012485000006563496,0.001149800002167467,0.007857399999920744,0.06410709999909159,0.0010125999979209155,0.00038499999936902896,0.00018619999900693074,0.00031709999893791974,23378.9956132,0.07632860000012442
44,23378.9956192,0.0012430999995558523,0.0009325999999418855,0.00786810000136029,0.062317100000655046,0.0010543000025791116,0.0003985999974247534,0.00018360000103712082,0.00032389999978477135,23379.0699961,0.07437690000006114
45,23379.070001,0.0012705000008281786,0.0009325999999418855,0.007867500000429573,0.06229739999980666,0.001217299999552779,0.00039009999818517826,0.000180200000613695,0.0003011999979207758,23379.1445132,0.07451220000075409
46,23379.1445179,0.0012181999991298653,0.0009453999991819728,0.007925600002636202,0.06277680000130204,0.0013894000003347173,0.00039629999810131267,0.00019780000002356246,0.000283800000033807,23379.219707,0.07518909999998868
47,23379.2197115,0.0012496999988798052,0.0009519000013824552,0.005856199997651856,0.06352440000046045,0.0013319999998202547,0.0004383999985293485,0.00018980000095325522,0.00031989999843062833,23379.2936297,0.07391819999975269
48,23379.2936347,0.0012643000009120442,0.0009357999988424126,0.008150399997248314,0.0627067999994324,0.001312699998379685,0.0004604999994626269,0.00022849999731988646,0.00030049999986658804,23379.369055,0.07542029999967781
49,23379.3690601,0.0012296999993850477,0.0009242999985872302,0.007855699997890042,0.06570999999894411,0.0011090999978478067,0.00036610000097425655,0.00017749999824445695,0.0003166999995301012,23379.4467965,0.07773639999868465
50,23379.4468012,0.001241699999809498,0.0011844000000564847,0.008317399999214103,0.06428559999767458,0.0011757000029319897,0.0003361000017321203,0.00018869999985327013,0.00026499999876250513,23379.5442371,0.09743589999925462
51,23379.5442504,0.0011970000014116522,0.0013967000013508368,0.007372000000032131,0.06325030000152765,0.0017359999983455054,0.0003539000026648864,0.00018179999824496917,0.0003603000004659407,23379.620153,0.07590260000142734
52,23379.6201576,0.0017745000004651956,0.0009154999970633071,0.00841509999736445,0.0627426999999443,0.001480999999330379,0.00044720000005327165,0.0002863000008801464,0.000278499999694759,23379.696736,0.07657840000319993
53,23379.6967419,0.0012806999984604772,0.0014564000011887401,0.008545000000594882,0.06379069999820786,0.001358299999992596,0.00039789999937056564,0.0001816000003600493,0.0002987000007124152,23379.7741002,0.07735830000092392
54,23379.7741051,0.0012300000016693957,0.0009405999990121927,0.007846000000427011,0.06320709999999963,0.0013373000001593027,0.0003814000010606833,0.00018649999765329994,0.0003226000007998664,23379.8496059,0.0755007999978261
55,23379.849611,0.001324599998042686,0.0010648999996192288,0.008193599998776335,0.06305480000082753,0.0014927999982319307,0.00042949999988195486,0.0002806999982567504,0.00036440000258153304,23379.9258883,0.07627729999876465
56,23379.9258938,0.0012606000018422492,0.0009687999991001561,0.007533300002251053,0.06482929999765474,0.0015530000018770806,0.0003687999997055158,0.00017780000052880496,0.0003763999993680045,23380.0030095,0.07711570000174106
57,23380.0030144,0.001264800001081312,0.0009467999989283271,0.007835200001863996,0.06522169999880134,0.001331300001766067,0.0003209999995306134,0.00017659999866737053,0.00030649999825982377,23380.0804616,0.07744719999755034
58,23380.0804658,0.0013543999993999023,0.0011086999984399881,0.008277499997348059,0.06290420000004815,0.0012296000022615772,0.00031320000198320486,0.00015609999900334515,0.0002939000005426351,23380.1561441,0.07567829999970854
59,23380.1561485,0.001111900000978494,0.000776400000177091,0.005909400002565235,0.06688390000272193,0.0012783999991370365,0.00030139999944367446,0.00014650000230176374,0.0003035000008821953,23380.2329057,0.0767572000004293
60,23380.2329097,0.0014302999989013188,0.0013579000005847774,0.008206099999370053,0.06334309999874677,0.0014111000018601771,0.00037480000173673034,0.0002365000000281725,0.00031569999919156544,23380.3286125,0.09570280000116327
61,23380.3286233,0.0013835999998264015,0.0014628999997512437,0.0071496999989904,0.059404399999039015,0.0011979999981122091,0.0003051999992749188,0.0001534000002720859,0.00032759999885456637,23380.4000572,0.0714339000005566
62,23380.4000612,0.001207000001159031,0.0008627000024716835,0.007496799997170456,0.06281379999927594,0.0014453000003413763,0.0003493000003800262,0.00018490000002202578,0.00034240000240970403,23380.4748214,0.07476019999739947
63,23380.4748259,0.0012542000004032161,0.0009385000012116507,0.007896800001617521,0.061900799999421,0.0011454000014055055,0.0003120000001217704,0.0001512000017100945,0.00032949999877018854,23380.5487938,0.07396789999984321
64,23380.548798,0.0011548999973456375,0.0009434999992663506,0.008007199998246506,0.06061310000222875,0.0014555000016116537,0.0003407000003790017,0.00017139999908977188,0.000432699998782482,23380.6219651,0.0731670999994094
65,23380.621978,0.0013548999995691702,0.001328599999396829,0.007544799998868257,0.06413570000222535,0.001632300001801923,0.00036019999970449135,0.00018319999799132347,0.00033630000325501896,23380.6990887,0.07711070000004838
66,23380.6990935,0.0015449999991687946,0.000963500002399087,0.008477600000333041,0.06327990000136197,0.0015260000000125729,0.00034860000232583843,0.00016939999841270037,0.0003508000008878298,23380.7758002,0.07670670000152313
67,23380.7758052,0.0012577999987115618,0.000949699999182485,0.008038500000111526,0.06306519999998272,0.0014857999995001592,0.00039260000266949646,0.00017970000044442713,0.0003496999997878447,23380.8515717,0.07576650000191876
68,23380.8515766,0.0013675000009243377,0.0010095000034198165,0.007973100000526756,0.06271050000214018,0.001473299998906441,0.00036019999970449135,0.00017909999951370992,0.0003452000019024126,23380.9270428,0.07546620000357507
69,23380.9270473,0.0013127999991411343,0.0009400999988429248,0.008014900002308423,0.06241240000235848,0.0014735999975528102,0.00036469999758992344,0.00018589999672258273,0.0003981000008934643,23381.0021975,0.07515020000209915
70,23381.0022023,0.0013324999999895226,0.001073999999789521,0.007977900000696536,0.06515410000065458,0.0014570000021194573,0.0003663000024971552,0.00017279999883612618,0.0003495999990263954,23381.1014652,0.09926290000294102
71,23381.1014718,0.0012270000006537884,0.0012907000018458348,0.007885600000008708,0.062225399997259956,0.0012067000025126617,0.0003766000008909032,0.00019659999816212803,0.00030619999961345457,23381.1762335,0.07476169999790727
72,23381.1762386,0.0012607000026036985,0.0014135999990685377,0.008328699997946387,0.061017799998808187,0.0011878000004799105,0.00035969999953522347,0.00019980000070063397,0.00030359999800566584,23381.2503583,0.07411969999884604
73,23381.2503631,0.0012254000030225143,0.0009534999990137294,0.008173599999281578,0.0624692999990657,0.001589899999089539,0.0004044999986945186,0.0001967999996850267,0.0003178999977535568,23381.3257453,0.07538220000060392
74,23381.3257499,0.0012104999987059273,0.000923999999940861,0.00788999999713269,0.06386389999897801,0.0018877999973483384,0.00044970000089961104,0.00021829999968758784,0.00035510000088834204,23381.4026168,0.07686689999900409
75,23381.4026218,0.001318300001003081,0.0009471000012126751,0.007889100001193583,0.06407530000069528,0.0013676999988092575,0.00040360000275541097,0.0002100000019709114,0.0003069000013056211,23381.4791838,0.07656199999837554
76,23381.4791884,0.0012835999987146351,0.0011574000018299557,0.007617699997354066,0.06371089999811375,0.0016359000001102686,0.00040050000097835436,0.00021609999748761766,0.00033039999834727496,23381.5555915,0.07640309999987949
77,23381.5555994,0.0012437000004865695,0.0009250000002793968,0.007849100002204068,0.06562309999935678,0.0013103999990562443,0.00041509999937261455,0.0002365000000281725,0.00043340000047464855,23381.6336943,0.07809489999999641
78,23381.6336996,0.0016431999974884093,0.0013895000010961667,0.008514999997714767,0.06384750000142958,0.0014186000007612165,0.0004183000019111205,0.0002114000017172657,0.00029290000020409934,23381.7116223,0.077922700002091
79,23381.711627,0.0014370999997481704,0.000930599999264814,0.008220200001233025,0.06246139999711886,0.0008519000002706889,0.00025069999901461415,0.00010939999992842786,0.0004980999983672518,23381.7864613,0.07483429999774671
80,23381.7864681,0.0013714000015170313,0.001027599999360973,0.008078099999693222,0.06660259999989648,0.0012260000003152527,0.00047670000276411884,0.00022869999884278513,0.0002865999995265156,23381.8872292,0.10076110000227345
81,23381.8872396,0.0013165999989723787,0.0012931999990541954,0.00788749999992433,0.06191190000026836,0.0006912999997439329,0.00025349999850732274,0.00013720000060857274,0.00031099999978323467,23381.9610886,0.07384900000033667
82,23381.9610939,0.001237699998455355,0.0009350000000267755,0.007856500000343658,0.06432379999750992,0.0006546999975398649,0.00033799999800976366,0.0001593000015418511,0.0004272999976819847,23382.0370842,0.07599029999983031
83,23382.0370895,0.0014141000028757844,0.0011620999976003077,0.00671870000223862,0.06332729999849107,0.0005792000010842457,0.0002507999997760635,0.00015019999773357995,0.0003084999989368953,23382.1110511,0.07396159999916563
84,23382.1110563,0.0012415999990480486,0.0009319000018876977,0.007586499999888474,0.06779459999961546,0.0004738000025099609,0.0002275000006193295,0.00011380000069038942,0.0003031999985978473,23382.1897838,0.07872750000024098
85,23382.1897884,0.0013177999971958343,0.0011468000011518598,0.008285299998533446,0.06374529999811784,0.0007436000014422461,0.00023739999960525893,0.00011499999891384505,0.00028929999825777486,23382.2657225,0.07593410000117728
86,23382.2657277,0.001224499999807449,0.0009385000012116507,0.007703700001002289,0.06231059999845456,0.0003890999978466425,0.00029859999995096587,0.00012840000272262841,0.00027520000003278255,23382.3390448,0.07331709999925806
87,23382.3390498,0.001284400001168251,0.0011574999989534263,0.007719299999735085,0.06551570000010543,0.00041880000208038837,0.00021829999968758784,0.00011250000170548446,0.00030649999825982377,23382.41583,0.07678020000093966
88,23382.4158347,0.0013848999988113064,0.0009376000016345643,0.008163700000295648,0.061777700000675395,0.0004576999999699183,0.00023499999952036887,0.00014240000018617138,0.00030930000139051117,23382.4892954,0.07346069999766769
89,23382.4893003,0.0013336000010895077,0.0011697999980242457,0.007862599999498343,0.06566349999775412,0.00040530000114813447,0.00023080000028130598,0.00011499999891384505,0.0003097000007983297,23382.5664393,0.0771390000008978
90,23382.5664444,0.001295800000661984,0.0009497999999439344,0.008049700001720339,0.06617279999773018,0.0003761999978451058,0.00020479999875533395,0.00015809999968041666,0.0003938999980164226,23382.6656029,0.0991585000010673
91,23382.6656122,0.0017225999981747009,0.0014129999981378205,0.008588799999415642,0.06177480000042124,0.00039570000080857426,0.00021440000273287296,0.0001326000019616913,0.00033199999961652793,23382.7403998,0.07478760000230977
92,23382.7404054,0.0012337000007391907,0.0009396999994351063,0.008377999998629093,0.06473109999933513,0.00042050000047311187,0.00021869999909540638,0.00013079999916953966,0.00042609999945852906,23382.8169321,0.07652669999879436
93,23382.8169417,0.0012511999993876088,0.0009484000001975801,0.006919299998116912,0.06260649999967427,0.0008716999982425477,0.0002859999985957984,0.00013179999950807542,0.0002953000002889894,23382.8903169,0.07337520000146469
94,23382.8903218,0.0012754999988828786,0.0009377999995194841,0.008073099998000544,0.06333799999993062,0.00037479999809875153,0.0002153999994334299,0.0001412999990861863,0.00032750000173109584,23382.9650594,0.0747375999999349
95,23382.9650648,0.0012449999994714744,0.0009509000010439195,0.008011699999769917,0.06405159999849275,0.00037149999843677506,0.00021130000095581636,4.6799999836366624e-05,0.0003949999991164077,23383.0403969,0.07533210000110557
96,23383.0404019,0.0012567000012495555,0.0009319999990111683,0.007679500002268469,0.06530280000151834,0.0004015000013168901,0.00023090000104275532,5.690000034519471e-05,0.00038330000097630545,23383.116694,0.0762920999986818
97,23383.1166988,0.0012769000022672117,0.000925299998925766,0.008017199997993885,0.06624340000053053,0.0004151999964960851,0.00022059999901102856,4.310000076657161e-05,0.00037599999996018596,23383.1942642,0.0775653999990027
98,23383.1942691,0.001268699998036027,0.0009272999996028375,0.007947499998408603,0.061381100000289734,0.0003908000035153236,0.0002600999978312757,7.410000034724362e-05,0.0003460000007180497,23383.2669287,0.07265959999858751
99,23383.2669348,0.0012623000002349727,0.0007850000001781154,0.007885800001531607,0.061637899998459034,0.00044349999734549783,0.00019210000027669594,3.730000025825575e-05,0.0003228999994462356,23383.3395375,0.07260269999824231
100,23383.339542,0.00119270000141114,0.0016336000007868279,0.00809300000037183,0.06605510000008508,0.0006012999983795453,0.0002220999995188322,5.1700000767596066e-05,0.00037230000089039095,23383.4394378,0.09989579999819398
101,23383.4394498,0.0012998000020161271,0.0017556999991938937,0.008046599999943282,0.06297420000191778,0.0007934999994176906,0.0002502999996067956,4.6799999836366624e-05,0.00038869999843882397,23383.5150725,0.07562269999834825
102,23383.5150781,0.0012647999974433333,0.001544299997476628,0.007752600002277177,0.0643324999982724,0.0006690999980492052,0.00021740000011050142,4.3000000005122274e-05,0.0003913999971700832,23383.5913559,0.07627779999893392
103,23383.5913606,0.0014225999984773807,0.0011923000020033214,0.007864799998060334,0.06317829999898095,0.0014979999978095293,0.00031650000164518133,4.160000025876798e-05,0.00038750000021536835,23383.6673295,0.0759689000005892
104,23383.6673349,0.0012367999988782685,0.0011732999992091209,0.008462000001600245,0.06424930000139284,0.0021731999986513983,0.00040109999827109277,5.669999882229604e-05,0.00037399999928311445,23383.7456615,0.0783265999998548
105,23383.7456674,0.001572700002725469,0.0013303000014275312,0.008424200001172721,0.06338490000052843,0.0021916000005148817,0.0003890999978466425,4.0099999750964344e-05,0.0003935999993700534,23383.8234554,0.07778800000232877
106,23383.8234605,0.0012540000025182962,0.0012285999982850626,0.007981499999004882,0.06524290000015753,0.001600999999936903,0.00038920000224607065,3.3399999665562063e-05,0.00042440000106580555,23383.9016709,0.07821039999907953
107,23383.9016755,0.001259800003026612,0.0011879000012413599,0.008130999998684274,0.0640665999999328,0.0012814000001526438,0.00031990000206860714,3.3399999665562063e-05,0.0003720999993674923,23383.9783761,0.07670059999873047
108,23383.9783807,0.0011334999981045257,0.0008729000001039822,0.008077499998762505,0.06356010000308743,0.00166940000053728,0.00041930000224965625,0.00020899999799439684,0.0003715999991982244,23384.0547502,0.076369500002329
109,23384.0547576,0.0013910999987274408,0.0009978000016417354,0.00801090000095428,0.0644124999998894,0.0023056999998516403,0.0005075000008218922,0.0002193000000261236,0.0003209999995306134,23384.1329887,0.07823110000026645
110,23384.1329935,0.0012509000007412396,0.0009328999985882547,0.007865999999921769,0.06518169999981183,0.001652500002819579,0.0003832000002148561,0.0003113999991910532,0.00030619999961345457,23384.2333614,0.10036790000231122
111,23384.2333719,0.0011890999994648155,0.0013444000032905024,0.007272399998328183,0.06227729999955045,0.0022678999994241167,0.00048130000141100027,0.00022419999731937423,0.00030920000062906183,23384.308807,0.07543509999959497
112,23384.3088124,0.0012614000006578863,0.0009102000003622379,0.007836299999326002,0.06406579999747919,0.0016744999993534293,0.00038560000029974617,0.00021180000112508424,0.0003073999978369102,23384.3855227,0.07671029999983148
113,23384.3855275,0.0013708000005863141,0.0008629000003566034,0.008032099998672493,0.06360689999928582,0.0030834999997750856,0.0004765999983646907,0.00021980000019539148,0.00031540000054519624,23384.4635656,0.07803810000041267
114,23384.4635707,0.0012761000034515746,0.0009334000023955014,0.007934799999929965,0.06433620000098017,0.0015966999999363907,0.0003969999997934792,0.00020539999968605116,0.0003133999998681247,23384.540624,0.07705329999953392
115,23384.5406287,0.001346099998045247,0.0011525000008987263,0.008165499999449821,0.06712310000148136,0.00213630000143894,0.00038470000072265975,0.00020230000154697336,0.00030789999800617807,23384.6215122,0.08088349999889033
116,23384.6215172,0.0012986000001546927,0.0009264000000257511,0.007908999999926891,0.06507600000259117,0.001600999999936903,0.00035149999894201756,0.00019729999985429458,0.00026810000053956173,23384.6992057,0.0776884999977483
117,23384.6992099,0.0019011000003956724,0.000940699999773642,0.007477300001482945,0.06671189999906346,0.0014617999986512586,0.00041399999827262945,0.00021460000061779283,0.0002884999994421378,23384.778884,0.07967409999764641
118,23384.7788888,0.0012143000021751504,0.0009169000004476402,0.008355300000403076,0.06344949999765959,0.0018861999997170642,0.00041340000097989105,0.00021750000087195076,0.00031820000003790483,23384.8557181,0.07682930000009947
119,23384.8557245,0.001390099998388905,0.0009626000028220005,0.008007500000530854,0.0645823000013479,0.0020263999977032654,0.0004140999990340788,0.00021120000019436702,0.00028139999994891696,23384.9336626,0.0779380999993009
120,23384.9336679,0.0012435000026016496,0.0011369999992894009,0.008109099999273894,0.0655140000017127,0.0015806000010343269,0.00048210000022663735,0.0002274999969813507,0.00027709999994840473,23385.0324145,0.09874660000059521
121,23385.0324256,0.0012189000008220319,0.0013168000004952773,0.006884800000989344,0.062136100001225714,0.0017952000016521197,0.00039370000013150275,0.00021949999791104347,0.00032439999995403923,23385.1067803,0.07435470000200439
122,23385.1067854,0.001318600003287429,0.0009389000006194692,0.008055700000113575,0.07169920000160346,0.003456700000242563,0.00048320000132662244,0.00021879999985685572,0.0003357999994477723,23385.1933678,0.08658239999931538
123,23385.1933727,0.0012962000000698026,0.0009597999996913131,0.008001600002899067,0.06921650000003865,0.002805399999488145,0.0004411000008985866,0.0002299999978276901,0.0002898999991884921,23385.2766986,0.08332589999918127
124,23385.2767042,0.0012879999994765967,0.001084600000467617,0.008399199999985285,0.06494609999936074,0.002067400000669295,0.00041200000123353675,0.00023499999952036887,0.0003056999994441867,23385.3555142,0.07880999999906635
125,23385.3555189,0.0013098999988869764,0.0009571000009600539,0.007900799999333685,0.0634232999982487,0.0038812999991932884,0.0005676999971910845,0.00025800000003073364,0.00036040000122739,23385.4342591,0.07874019999871962
126,23385.4342654,0.001290500000322936,0.0010103000022354536,0.00834499999837135,0.06370199999946635,0.001987600000575185,0.0003913000000466127,0.00021100000230944715,0.00031650000164518133,23385.5115757,0.07731029999922612
127,23385.5115809,0.001221300000906922,0.0009337000010418706,0.007927099999506027,0.0684134000002814,0.0022595999980694614,0.00045229999886942096,0.00021380000180215575,0.0002825999981723726,23385.5933558,0.08177489999798127
128,23385.5933608,0.0012075999984517694,0.0009217999977408908,0.007878200001869118,0.06541099999958533,0.002131299999746261,0.0004530000005615875,0.00021430000197142363,0.00028080000265617855,23385.6719115,0.07855070000005071
129,23385.6719179,0.0011864000007335562,0.0009943000004568603,0.00821670000004815,0.0626946999982465,0.0028340999997453764,0.00046659999861731194,0.00022230000104173087,0.0003180999992764555,23385.7489154,0.07699750000028871
130,23385.7489204,0.0016915000014705583,0.0009930000014719553,0.008241999999881955,0.06871759999921778,0.0033876999987114687,0.0004155999995418824,0.0002032999982475303,0.00025689999893074855,23385.8552586,0.10633819999929983
131,23385.8552705,0.0012260000003152527,0.0016466999986732844,0.008832999999867752,0.06195029999798862,0.002236200001789257,0.0004826000003959052,0.00026050000087707303,0.000334399999701418,23385.9323129,0.07704240000020945
132,23385.9323179,0.0013413999986369163,0.0009500000014668331,0.008030999997572508,0.06279340000037337,0.0021831000012753066,0.000445699999545468,0.00023130000045057386,0.0003642999981821049,23386.0087242,0.07640630000241799
133,23386.0087297,0.0012217000003147405,0.0009323999984189868,0.007878999997046776,0.06326760000229115,0.0022365999975590967,0.0004683999977714848,0.00023349999901256524,0.0003192000003764406,23386.0853514,0.07662170000185142
134,23386.0853562,0.0012678999992203899,0.0009603999969840515,0.007768699997541262,0.06318249999822001,0.0021560000022873282,0.0004365999993751757,0.000207500001124572,0.00031399999716086313,23386.1617104,0.0763541999986046
135,23386.1617154,0.001317800000833813,0.0010168000007979572,0.007859600002120715,0.06320359999881475,0.0021011999997426756,0.00042659999962779693,0.00020420000146259554,0.0003108000018983148,23386.2382149,0.07649949999904493
136,23386.2382202,0.0012335999999777414,0.0009631000029912684,0.00820890000250074,0.0640227000003506,0.0019905000008293428,0.0004284999995434191,0.0002131000001099892,0.00030730000071343966,23386.3156582,0.07743800000025658
137,23386.3156636,0.0012292999999772292,0.0011092999993707053,0.00789480000094045,0.06813730000067153,0.0020450000010896474,0.00039150000156951137,0.00024979999943752773,0.00026050000087707303,23386.3970532,0.08138959999996587
138,23386.3970576,0.0010870000005525071,0.0009047999992617406,0.00785340000220458,0.06325410000135889,0.0019030000003112946,0.0004698000011558179,0.0003003999991051387,0.0002872000004572328,23386.4732076,0.07615000000077998
139,23386.4732135,0.0013897999997425359,0.0009486000017204788,0.00816330000088783,0.06359259999953792,0.0019527000004018191,0.0003768999995372724,0.00021390000256360509,0.00029240000003483146,23386.550211,0.07699750000028871
140,23386.550216,0.0013128999999025837,0.0010216000009677373,0.006486000002041692,0.06641669999953592,0.002316199999768287,0.0004631000010704156,0.00025010000172187574,0.0003056999994441867,23386.6508789,0.10066290000031586
141,23386.650889,0.0012130000031902455,0.0014109000003372785,0.0078125,0.06276729999808595,0.0025206999998772517,0.00046829999701003544,0.00021769999875687063,0.00030049999986658804,23386.727674,0.07678500000110944
142,23386.7276792,0.001315900000918191,0.0009196999999403488,0.00788990000000922,0.0650034999998752,0.003662299997813534,0.00046469999870168976,0.00023999999757506885,0.00034329999834881164,23386.8076044,0.07992519999970682
143,23386.8076107,0.0019016000005649403,0.0009625999991840217,0.008156399999279529,0.06298899999819696,0.002494000000297092,0.0004565999988699332,0.0002195999986724928,0.00028590000147232786,23386.8852645,0.07765379999909783
144,23386.885269,0.0012333000013313722,0.0007871000016166363,0.00723410000136937,0.06393480000042473,0.0024668000005476642,0.0004933999989589211,0.00017320000188192353,0.00030819999665254727,23386.9619545,0.07668550000016694
145,23386.9619587,0.001095200001145713,0.0007790999989083502,0.007118900000932626,0.06176659999982803,0.0028085999983886722,0.0004470999992918223,0.00020960000256309286,0.0003620999996201135,23387.0366131,0.07465439999941736
146,23387.036618,0.0012311999998928513,0.0009252000018022954,0.007920100000774255,0.06576689999928931,0.0031563000011374243,0.0006460999975388404,0.00026160000197705813,0.00039770000148564577,23387.1170019,0.08038390000001527
147,23387.1170081,0.0013053999973635655,0.0010733999988588039,0.00865469999916968,0.0653340000026219,0.0025186000020767096,0.00046320000183186494,0.00021240000205580145,0.00038019999919924885,23387.1970184,0.08001030000013998
148,23387.1970232,0.0012674999998125713,0.0009297000033257063,0.0077937999994901475,0.06185910000203876,0.0030181000001903158,0.00038409999979194254,0.00017020000086631626,0.00031320000198320486,23387.2728181,0.07579489999989164
149,23387.2728309,0.0010820999996212777,0.0008894000020518433,0.008048400002735434,0.06300619999819901,0.00328579999768408,0.00046830000064801425,0.00024699999994481914,0.00028000000020256266,23387.3502329,0.07740199999898323
150,23387.3502376,0.0012301999995543156,0.0009681999981694389,0.008277600001747487,0.0657604000007268,0.002100300000165589,0.0004220000009809155,0.00017909999951370992,0.00032110000029206276,23387.4509542,0.10071660000176053
151,23387.450965,0.0012224999991303775,0.0013947000006737653,0.007693499999732012,0.062174700000468874,0.0027530000006663613,0.0004813999985344708,0.0002049000031547621,0.00036689999978989363,23387.5273258,0.07636080000156653
152,23387.5273309,0.0012433999982022215,0.0009389000006194692,0.007789000002958346,0.061579000001074746,0.002731399999902351,0.000532599999132799,0.0001979000007850118,0.00036869999894406646,23387.602779,0.07544810000035795
153,23387.6027848,0.0012480999976105522,0.0009530999996059109,0.007458500000211643,0.06359970000266912,0.002662799997779075,0.0004503999989537988,0.000198199999431381,0.000338400001055561,23387.6797594,0.0769746000005398
154,23387.6797643,0.0012084000009053852,0.000918699999601813,0.008079200000793207,0.06601000000227941,0.002067099998384947,0.00043009999717469327,0.00022189999799593352,0.00040299999818671495,23387.7591732,0.07940890000099898
155,23387.759178,0.0013853000018571038,0.0010064999987662304,0.006285200001002522,0.06521650000286172,0.0027652999997371808,0.00046640000073239207,0.00020899999799439684,0.00035040000148001127,23387.8369289,0.07775089999995544
156,23387.8369336,0.0017046999964804854,0.0009374000001116656,0.008613800000603078,0.06242070000007516,0.0021321999993233476,0.00046800000200164504,0.0002409999979136046,0.0002764999990176875,23387.9139489,0.07701530000122148
157,23387.9139534,0.0011660999989544507,0.0007839000027161092,0.006018799998855684,0.0645072999977856,0.0025616999992053024,0.0005302999998093583,0.000240100001974497,0.0003225999971618876,23387.9901526,0.07619920000070124
158,23387.9901578,0.0013390999993134756,0.001121400000556605,0.008172300000296673,0.06455559999812976,0.004117199998290744,0.0005917000016779639,0.0002201000024797395,0.0003130000004603062,23388.0706616,0.08050379999986035
159,23388.0706665,0.0012312999970163219,0.000928999997995561,0.007948599999508588,0.061779899999237387,0.002083499999571359,0.0004275999999663327,0.00020560000120894983,0.0003584000005503185,23388.1456967,0.07503020000149263
160,23388.1457014,0.001245700001163641,0.0010049999982584268,0.007642399999895133,0.06540200000017649,0.0019743999982893,0.0010115000004589092,0.0002925000007962808,0.0003423999987717252,23388.248263,0.10256160000062664
161,23388.2482731,0.0013786000017717015,0.001593100001628045,0.00834709999980987,0.062421300001005875,0.0018638000001374166,0.00046829999701003544,0.00023530000180471689,0.0003192000003764406,23388.3249713,0.07669820000228356
162,23388.3249761,0.0014254999987315387,0.0008871999998518731,0.007946699999592965,0.06476029999976163,0.0017972000023291912,0.0005156999977771193,0.0002911000010499265,0.0002844000009645242,23388.4029603,0.07798420000108308
163,23388.4029659,0.0012170999980298802,0.0008071000011113938,0.006753099998604739,0.06279469999935827,0.0019202000003133435,0.0004707000007329043,0.00022249999892665073,0.00031990000206860714,23388.4775221,0.07455620000109775
164,23388.4775273,0.0012490000008256175,0.000929300000279909,0.007305399998585926,0.06343030000061844,0.0018376000007265247,0.0004307000017433893,0.0002178999966417905,0.0003329999999550637,23388.5533131,0.07578579999972135
165,23388.5533178,0.0012435999997251201,0.0009310999994340818,0.007959200000186684,0.06424709999919287,0.0018382999987807125,0.0004608000017469749,0.0002983999984280672,0.00031830000079935417,23388.6306887,0.07737089999864111
166,23388.6306942,0.0011320999983581714,0.0008055999969656114,0.005950399998255307,0.06500759999835282,0.0018993000012414996,0.0004512999985308852,0.00022679999892716296,0.0003015000002051238,23388.7065313,0.07583709999744315
167,23388.706536,0.001322000000072876,0.0009310999994340818,0.007897999999840977,0.06518590000268887,0.002526299998862669,0.0005462999979499727,0.00025610000011511147,0.00030530000003636815,23388.7855738,0.07903779999833205
168,23388.785582,0.0012550999999803025,0.0009816000019782223,0.008088700000371318,0.0632194999998319,0.0032988999992085155,0.0004702000005636364,0.0002992000008816831,0.000276400001894217,23388.8635383,0.07795629999964149
169,23388.8635428,0.0016931999998632818,0.0013967000013508368,0.008157500000379514,0.06324989999848185,0.0025247000012313947,0.0005044999998062849,0.00022300000273389742,0.0003077000001212582,23388.9417954,0.07825259999663103
170,23388.9418003,0.0014644000002590474,0.0010020000008807983,0.008376800000405638,0.06701319999774569,0.002333699998416705,0.00046070000098552555,0.00022780000290367752,0.0002973000009660609,23389.0454343,0.10363399999914691
171,23389.0454458,0.0013290999995660968,0.0015665000028093345,0.0076498999987961724,0.06550119999883464,0.0023507999976573046,0.000505299998621922,0.00022560000070370734,0.00031289999969885685,23389.1249528,0.07950700000219513
172,23389.124958,0.0012362000015855301,0.0009344999998575076,0.007995399999344954,0.06220929999835789,0.0022485000008600764,0.000529699998878641,0.0002330999996047467,0.00029600000198115595,23389.2007047,0.07574670000030892
173,23389.2007168,0.001221300000906922,0.0009275999982492067,0.00789710000026389,0.06371489999946789,0.002019899999140762,0.00045850000242353417,0.0002153999994334299,0.0003958999986934941,23389.277629,0.07691220000197063
174,23389.2776343,0.0013107000013405923,0.0009350000000267755,0.007898699997895164,0.062360400002944516,0.001862600001913961,0.0003805999986070674,0.00020790000053239055,0.00041090000013355166,23389.35306,0.0754257000007783
175,23389.3530661,0.001277999999729218,0.0009203999979945365,0.007929700001113815,0.06141790000037872,0.001517299999250099,0.0004185999969195109,0.00039449999894713983,0.000465600001916755,23389.4274955,0.07442939999964437
176,23389.4275008,0.0014460000020335428,0.0011980999988736585,0.007899899999756599,0.061526299999968614,0.0015310999988287222,0.0003619999988586642,0.00017289999959757552,0.0003028999999514781,23389.5019891,0.07448830000066664
177,23389.5019936,0.0010873999999603257,0.0007872999995015562,0.005924499997490784,0.06435269999929005,0.0016371999990951736,0.0004942999985360075,0.00024810000104480423,0.0005453000012494158,23389.5771273,0.0751337000001513
178,23389.5771337,0.0013771999983873684,0.0009797999991860706,0.007978699999512173,0.06260550000297371,0.0015428999977302738,0.0003526999971654732,0.00018249999993713573,0.0003155999984301161,23389.6525207,0.0753870000007737
179,23389.6525248,0.0011057999981858302,0.0009427000004507136,0.008079700000962475,0.062346799997612834,0.001805100000638049,0.0005352000007405877,0.00026360000265412964,0.0003998000029241666,23389.7280625,0.07553769999867654
180,23389.7280682,0.0012565000033646356,0.0009314999988419004,0.007870499997807201,0.06898499999806518,0.0015404000005219132,0.0004413999995449558,0.00022150000222609378,0.00033800000164774247,23389.8311772,0.10310900000331458
181,23389.8311837,0.0011866999993799254,0.0011610000001383014,0.006654800003161654,0.06291499999861117,0.0021011999997426756,0.00041399999827262945,0.00021379999816417694,0.00034669999877223745,23389.9062293,0.07504559999870253
182,23389.9062343,0.0016531000001123175,0.0009515999990981072,0.00845119999939925,0.06508169999870006,0.0017767999997886363,0.0004174999994575046,0.00020420000146259554,0.00034190000224043615,23389.9853471,0.07911279999825638
183,23389.985352,0.0012395000012475066,0.0009788999996089842,0.007170699998823693,0.061547699999209726,0.001680800000031013,0.00040669999725650996,0.0002234999992651865,0.0003538000019034371,23390.0590129,0.07366090000141412
184,23390.0590175,0.001247999996849103,0.0009887999985949136,0.008142799997585826,0.06189290000111214,0.0017488999983470421,0.0004079999998793937,0.00021520000154851004,0.0003539000026648864,23390.134064,0.0750465000019176
185,23390.134069,0.0012524999983725138,0.0009559999998600688,0.00796009999976377,0.0634663000018918,0.0018667000003915746,0.00044780000098398887,0.00021270000070217066,0.0003660000002128072,23390.2106671,0.07659810000041034
186,23390.2106723,0.0014169999994919635,0.000965299997915281,0.007938900002045557,0.06344159999935073,0.0017585999994480517,0.0003857000010611955,0.00020519999816315249,0.00044780000098398887,23390.2872934,0.0766211000009207
187,23390.2872989,0.00128009999752976,0.0009274000003642868,0.007772800003294833,0.06397289999949862,0.00178070000038133,0.0003952000006393064,0.0002077999997709412,0.0003422999980102759,23390.3640393,0.07674039999983506
188,23390.364044,0.001281199998629745,0.0009446000003663357,0.007878600001276936,0.061301400000957074,0.001722400000289781,0.0004045000023324974,0.00020640000002458692,0.0003558999997039791,23390.4381982,0.07415419999961159
189,23390.4382032,0.0012476999982027337,0.0009231000003637746,0.007939699997223215,0.06224800000200048,0.0017384999991918448,0.0004343999971752055,0.00021949999791104347,0.0003552000016497914,23390.5133698,0.07516659999964759
190,23390.5133747,0.001243100003193831,0.0009434999992663506,0.008053999998082872,0.06569479999961914,0.0017183000018121675,0.00039029999970807694,0.00019249999968451448,0.00031769999986863695,23390.6112961,0.09792139999990468
191,23390.6113069,0.0015363000020442996,0.0014238999974622857,0.005907800001295982,0.06044139999721665,0.0018772000003082212,0.0003956000000471249,0.00021180000112508424,0.0003483000000414904,23390.6835019,0.07219500000064727
192,23390.6835065,0.0012380999978631735,0.0009312000001955312,0.006796699999540579,0.06117210000229534,0.0018787999979394954,0.0004791000028490089,0.00023630000214325264,0.0003174999983457383,23390.7566079,0.07310139999754028
193,23390.7566126,0.001250199999049073,0.0009301999998569954,0.007946199999423698,0.06264199999714037,0.001896500001748791,0.00046940000174799934,0.00023399999918183312,0.00031260000105248764,23390.8323471,0.07573450000199955
194,23390.8323521,0.001264000002265675,0.0009219999992637895,0.007881300000008196,0.06188309999924968,0.001867299997684313,0.0006799000002501998,0.00023689999943599105,0.00033120000080089085,23390.9074717,0.0751196000019263
195,23390.9074762,0.002017099999648053,0.0014392000011866912,0.008448099997622194,0.06154489999971702,0.0018244999992020894,0.00034579999919515103,0.00018510000154492445,0.0003120000001217704,23390.9838781,0.07640190000165603
196,23390.9838821,0.0013878999998269137,0.0012608999968506396,0.008625000002211891,0.062143299997842405,0.0019107000007352326,0.00040689999877940863,0.0002133999987563584,0.0003632000007200986,23391.0602447,0.07636259999708273
197,23391.0602497,0.0012621000023500528,0.0009778999992704485,0.007984799998666858,0.06117570000060368,0.001565000002301531,0.000352399998519104,0.0001790000023902394,0.00031999999919207767,23391.1341076,0.07385789999898407
198,23391.1341118,0.0012616999993042555,0.0008193999965442345,0.006425999999919441,0.06340429999909247,0.0015389000000141095,0.00033460000122431666,0.00017890000162879005,0.00031090000265976414,23391.2084271,0.07431530000030762
199,23391.2084316,0.0011387000013201032,0.0009456000007048715,0.008319600001414074,0.0635978000027535,0.0019019999999727588,0.0003956000000471249,0.00021349999951780774,0.0003580999982659705,23391.2853534,0.07692179999867221
200,23391.2853583,0.0012334000020928215,0.0009585999978298787,0.007847900000342634,0.06465470000330242,0.0019221000002289657,0.0004410999972606078,0.0002206999997724779,0.00033350000012433156,23391.3842382,0.09887990000061109
201,23391.3842522,0.001237500000570435,0.0014111999989836477,0.007695600001170533,0.06146490000173799,0.0019750999999814667,0.0003862000012304634,0.000207199998840224,0.0003509999987727497,23391.4590326,0.07478039999841712
202,23391.4590375,0.0012414000011631288,0.0009360000003653113,0.00802520000070217,0.06220440000106464,0.001644199997826945,0.0003665000003820751,0.00017839999782154337,0.00033430000257794745,23391.5340089,0.07497139999759383
203,23391.5340129,0.0012084000009053852,0.0009274000003642868,0.007840599999326514,0.06184269999721437,0.001953399998456007,0.0003916000023309607,0.00021999999808031134,0.0003724999987753108,23391.6088227,0.07480980000036652
204,23391.6088275,0.0012405999987095129,0.0009379000002809335,0.007872700000007171,0.061964100001205225,0.0019547000010788906,0.0003735999998752959,0.00023530000180471689,0.0003575000009732321,23391.6838232,0.07499570000072708
205,23391.6838279,0.0014400999971257988,0.0008748000000196043,0.00786109999899054,0.06341199999951641,0.0017944999999599531,0.00041430000055697747,0.0002190000013797544,0.0003442999986873474,23391.7602521,0.07642420000047423
206,23391.7602568,0.0012214000016683713,0.0009730999991006684,0.008021800000278745,0.06330509999679634,0.0018541999997978564,0.00040050000097835436,0.0002111000030708965,0.00035180000122636557,23391.8366525,0.07639569999810192
207,23391.8366572,0.0012357999985397328,0.0009271000017179176,0.007980500002304325,0.06397470000229077,0.001837599997088546,0.0004260000023350585,0.0002213000007031951,0.00039760000072419643,23391.9137197,0.07706249999682768
208,23391.9137249,0.0013751999977102969,0.0011647999999695458,0.008899399999791058,0.06457709999813233,0.0017213999999512453,0.00035319999733474106,0.0001863999968918506,0.0003018000024894718,23391.992547,0.07882210000025225
209,23391.9925517,0.0015022999978100415,0.0007977000022947323,0.006928800001333002,0.05940810000174679,0.0015423000004375353,0.0003983999995398335,0.0002392999995208811,0.0004560999987006653,23392.0638917,0.07133999999859952
210,23392.0639004,0.001292299999477109,0.0009817999998631421,0.008218099999794504,0.06307279999964521,0.0015185000011115335,0.0005000999990443233,0.00032979999741655774,0.0003245999978389591,23392.1633235,0.09942310000042198
211,23392.1633343,0.0013123999997333158,0.0015110999993339647,0.007953500000439817,0.0630498999998963,0.0019281999993836507,0.00046460000157821923,0.0002407000029052142,0.00030300000071292743,23392.2401513,0.07681700000102865
212,23392.2401564,0.001266600000235485,0.0009284000007028226,0.008086400001047878,0.06415259999994305,0.0019021000007342082,0.00039290000131586567,0.00022499999977299012,0.0003635000030044466,23392.3175346,0.07737819999965723
213,23392.3175395,0.0012663000015891157,0.0009327000007033348,0.007966699999087723,0.06173540000236244,0.0018727999995462596,0.0003913000000466127,0.00022170000011101365,0.00034359999699518085,23392.3923195,0.0747799999990093
214,23392.3923242,0.0012313000006543007,0.0009499000007053837,0.007757300001685508,0.05997850000130711,0.0018679999993764795,0.0003400999994482845,0.0001857999995991122,0.0003771999981836416,23392.4650531,0.07272890000240295
215,23392.4650577,0.0013058000004093628,0.001140500000474276,0.00693929999761167,0.060904500001925044,0.0018829999971785583,0.00042639999810489826,0.0002189999977417756,0.0003612000000430271,23392.5382855,0.07322779999958584
216,23392.5382902,0.0012977999977010768,0.0008116999997582752,0.007837299999664538,0.06103620000067167,0.001936000000569038,0.00040219999937107787,0.0002282999994349666,0.0003662999988591764,23392.6122541,0.07396390000212705
217,23392.6122587,0.0013964999998279382,0.0014771999994991347,0.006284700000833254,0.06495920000088518,0.0019624000015028287,0.0003999999971711077,0.00021639999977196567,0.00034719999894150533,23392.6893533,0.07709460000114632
218,23392.6893581,0.001295800000661984,0.0009393000000272878,0.007958199999848148,0.06198219999714638,0.001956600000994513,0.0003876999981002882,0.00023210000290418975,0.0004411000008985866,23392.7646137,0.07525560000067344
219,23392.7646195,0.0013931000030424912,0.0009213999983330723,0.00758010000208742,0.06395010000051116,0.0017340999984298833,0.0004048999981023371,0.00021350000315578654,0.0003462999993644189,23392.8412119,0.0765923999970255
220,23392.8412165,0.0012592999992193654,0.000945699997828342,0.007768499999656342,0.06131299999833573,0.0017851000011432916,0.0005323000004864298,0.0002576000006229151,0.00031820000003790483,23392.9390681,0.09785159999955795
221,23392.9390782,0.0016066000025602989,0.0014310000005934853,0.008063699999183882,0.0629741999982798,0.0019442999982857145,0.00046750000183237717,0.00023739999960525893,0.00031519999902229756,23393.0163472,0.07726899999761372
222,23393.0163522,0.0012731000024359673,0.0009320999997726176,0.00842959999863524,0.06466390000059619,0.0018326999997952953,0.0004017999999632593,0.00021349999951780774,0.0003407000003790017,23393.0945002,0.07814800000051036
223,23393.0945049,0.0012469000030250754,0.0009492999997746665,0.008071799999015639,0.06460010000228067,0.0018403000030957628,0.0003968999990320299,0.0002303000001120381,0.0003588999970816076,23393.1722496,0.0777447000000393
224,23393.1722545,0.0012573999993037432,0.0009411999999429099,0.0073268999985884875,0.05981439999959548,0.001561299999593757,0.00040129999979399145,0.000247199997829739,0.00028469999961089343,23393.2441385,0.07188399999722606
225,23393.2441431,0.0012062999994668644,0.0009281999991799239,0.006867100000818027,0.06299430000217399,0.0015877000005275477,0.0003574999973352533,0.00018369999816059135,0.0003251999987696763,23393.3186404,0.07449730000007548
226,23393.3186447,0.0011319000004732516,0.0009213999983330723,0.00786780000271392,0.062331500001164386,0.001956899999640882,0.0004656999990402255,0.0002761999967333395,0.0003983999995398335,23393.3940632,0.07541850000052364
227,23393.3940682,0.0012784999998984858,0.0009429999990970828,0.008093999997072387,0.06656860000293818,0.0019958000011683907,0.00043229999937466346,0.0002724999976635445,0.00038560000029974617,23393.4741151,0.08004690000234405
228,23393.4741209,0.001491299997724127,0.0009666000005381647,0.0080110999988392,0.06305309999879682,0.0018201000020781066,0.00041319999945699237,0.0002533000006224029,0.00031060000037541613,23393.5504921,0.07637120000072173
229,23393.5504973,0.0012480000004870817,0.0009142999988398515,0.007899800002633128,0.06383279999863589,0.0017847999988589436,0.0004939999998896383,0.000248799999098992,0.0003906999991158955,23393.6273631,0.07686580000154208
230,23393.627369,0.0012414999982865993,0.0009337000010418706,0.00816810000105761,0.06306419999964419,0.00182199999835575,0.0005893000015930738,0.000265800001216121,0.00032730000020819716,23393.7270824,0.09971339999901829
231,23393.7270915,0.0012023000017507002,0.0014062000009289477,0.008031699999264674,0.06288910000148462,0.001905500001157634,0.00047229999836417846,0.00023739999960525893,0.00029599999834317714,23393.8035961,0.07650459999786108
232,23393.8036008,0.0012070999982825015,0.0009355000001960434,0.00787059999856865,0.06343890000061947,0.002026100002694875,0.0004971999987901654,0.000243499998759944,0.0003141999986837618,23393.8801936,0.07659280000007129
233,23393.8802014,0.0012987999980396125,0.0009974999993573874,0.008002400001714705,0.06471779999992577,0.0019369000001461245,0.0003758999991987366,0.00019600000086938962,0.0003233999996155035,23393.9581,0.07789860000048066
234,23393.9581045,0.001552300000184914,0.0008425999985774979,0.0072929999987536576,0.06708119999893825,0.0026585000014165416,0.0005129000019223895,0.0002640999991854187,0.0004470999992918223,23394.0389879,0.08088339999812888
235,23394.0389943,0.0013567999994847924,0.0013218999993114267,0.008573800001613563,0.08111160000044038,0.0022697000022162683,0.000540600001841085,0.00027259999842499383,0.00032160000046133064,23394.1348486,0.09585429999788175
236,23394.1348539,0.0013221000008343253,0.0010111999981745612,0.008946199999627424,0.07632039999953122,0.002124099999491591,0.0005266000007395633,0.0002730999985942617,0.00038979999953880906,23394.2258379,0.09098400000220863
237,23394.2258433,0.0015609000001859386,0.0012225999998918269,0.008969599999545608,0.07774770000105491,0.0023843999988457654,0.0005620000010821968,0.00029010000071139075,0.0002978999982587993,23394.3189573,0.09311400000296999
238,23394.3189616,0.0013758999994024634,0.0012463000020943582,0.008690499998920131,0.08050150000053691,0.0023342999993474223,0.0005245000029390212,0.00027400000180932693,0.0003170000018144492,23394.4142955,0.09533389999705832
239,23394.4143006,0.0013515999999071937,0.0011995999993814621,0.008408099998632679,0.07307809999838355,0.002113000002282206,0.00048429999878862873,0.00024449999909847975,0.0003046000019821804,23394.5015513,0.08725069999854895
240,23394.501556,0.0012864000018453225,0.0010351999990234617,0.007844399999157758,0.06751919999805978,0.0021752000029664487,0.0004134999981033616,0.00023700000019744039,0.00025239999740733765,23394.6059254,0.10436939999999595
241,23394.605935,0.00120249999963562,0.001442299999325769,0.00733080000281916,0.06202860000121291,0.0021887000002607238,0.000488599998789141,0.0002480000002833549,0.00029830000130459666,23394.6812259,0.07529090000025462
242,23394.6812307,0.001279100000829203,0.0009558999990986194,0.008046999999351101,0.06469600000127684,0.002228199999080971,0.0004119000004720874,0.00021860000197193585,0.0003515999997034669,23394.7594786,0.07824790000086068
243,23394.7594833,0.0012471000009099953,0.0009506000023975503,0.007206300000689225,0.06164880000142148,0.0022141000008559786,0.0005021999968448654,0.0002471000007062685,0.0003080000024056062,23394.833872,0.07438869999896269
244,23394.8338768,0.00123639999947045,0.0009294999981648289,0.007847299999411916,0.06452129999888712,0.002260799999930896,0.0004960000005667098,0.0003120000001217704,0.0003211999974155333,23394.9118883,0.07801150000159396
245,23394.9118939,0.0012188000000605825,0.0007946000005176757,0.007830400001694215,0.0631336000005831,0.0021283999994921032,0.0004281999972590711,0.00025910000113071874,0.0002919000035035424,23394.9880498,0.07615589999841177
246,23394.9880549,0.0017194000029121526,0.0014130000017757993,0.009150999998382758,0.07602739999856567,0.002306400001543807,0.00048269999751937576,0.0002511000020604115,0.00030750000223633833,23395.0799256,0.09187069999825326
247,23395.0799308,0.001252300000487594,0.0009375999979965854,0.0083688999984588,0.06738359999872046,0.002271699999255361,0.0005167999988771044,0.000252800000453135,0.0002989999993587844,23395.1612868,0.08135600000241539
248,23395.1612914,0.0012590000005729962,0.0009377999995194841,0.008052600001974497,0.06621630000154255,0.0021412000023701694,0.0005227999972703401,0.00024670000129844993,0.0003139000000373926,23395.241045,0.07975359999909415
249,23395.2410499,0.0012497999996412545,0.0009446000003663357,0.008020799999940209,0.06180020000101649,0.0014503999991575256,0.0003971999976783991,0.00024529999791411683,0.0002749999985098839,23395.3154906,0.07444070000201464
250,23395.315495,0.001545899998745881,0.0010991999988618772,0.006541299997479655,0.0637036000007356,0.001346400000329595,0.0005081000017526094,0.0002639999984239694,0.00028000000020256266,23395.4138395,0.09834450000198558
251,23395.4138481,0.001211800001328811,0.0014317000022856519,0.00803999999698135,0.06242579999889131,0.0012800000004062895,0.00042799999937415123,0.0002516999993531499,0.0002829000004567206,23395.4892643,0.07541619999756222
252,23395.4892694,0.0012906000010843854,0.0014209000000846572,0.008036300001549534,0.06305090000023483,0.001624900000024354,0.00043300000106683,0.0002473999993526377,0.000310799998260336,23395.5657469,0.0764774999988731
253,23395.5657521,0.0013610999994853046,0.0010978999998769723,0.007865199997468153,0.0638479000008374,0.0017637000019021798,0.0004595000027620699,0.00026559999969322234,0.0003127999989374075,23395.6427893,0.07703720000063186
254,23395.6427943,0.001237699998455355,0.000934600000618957,0.00793560000238358,0.06360090000089258,0.0018355000029259827,0.00043789999836008064,0.0002474000029906165,0.0003040000010514632,23395.7193936,0.0765992999986338
255,23395.7193987,0.0012162999992142431,0.0009399999980814755,0.007896499999333173,0.06290449999869452,0.0018772000003082212,0.00044269999852986075,0.00033320000147796236,0.00028499999825726263,23395.7953856,0.07598689999940689
256,23395.7953915,0.0012965999994776212,0.001398600001266459,0.007823099997040117,0.066580900002009,0.0017566999995324295,0.00032949999877018854,0.0001923000017995946,0.00033089999851654284,23395.8751568,0.07976530000087223
257,23395.8751613,0.0013278000005811919,0.0009413000007043593,0.007983200001035584,0.06277339999724063,0.0018937000022560824,0.0005185000009078067,0.0003084999989368953,0.00040440000157104805,23395.9513782,0.07621690000087256
258,23395.9513834,0.0013345999977900647,0.0009285000014642719,0.008035999999265186,0.06475940000018454,0.002078199999232311,0.0004044999986945186,0.0002454999994370155,0.00037140000131330453,23396.0296018,0.07821840000178781
259,23396.0296067,0.0017121999990195036,0.000936699998419499,0.008208399998693494,0.06543220000094152,0.0021142000005056616,0.000491300001158379,0.00025660000028437935,0.00035489999936544336,23396.1093691,0.0797623999969801
260,23396.1093743,0.0012700999977823813,0.0009479000000283122,0.008465300001262221,0.06361240000114776,0.001908899997943081,0.0004743999998026993,0.0002647000001161359,0.0002706000013859011,23396.2078808,0.09850650000225869
261,23396.2078917,0.0012253999993845355,0.0014293999993242323,0.007808199999999488,0.06281079999826034,0.001856999999290565,0.0004885000016656704,0.00025239999740733765,0.00033509999775560573,23396.284161,0.07626929999969434
262,23396.2841659,0.00130880000142497,0.0009485000009590294,0.007896000002801884,0.06333119999908376,0.0018588999992061872,0.0005089000005682465,0.00027440000121714547,0.0003147000024910085,23396.3606576,0.07649169999785954
263,23396.3606628,0.001259500000742264,0.0009659999996074475,0.007959599999594502,0.06320500000219909,0.002106299998558825,0.0004625999972631689,0.00026730000172392465,0.00029889999859733507,23396.4372637,0.07660089999990305
264,23396.4372687,0.0012835000015911646,0.001399099997797748,0.008067300001130207,0.06398880000051577,0.0019456000009085983,0.0005382999988796655,0.0003308000013930723,0.00028810000003431924,23396.5151833,0.07791460000225925
265,23396.5151893,0.0012354999998933636,0.0008210000014514662,0.006566299998667091,0.06379709999964689,0.001947900000232039,0.0005022000004828442,0.0002533000006224029,0.0003056999994441867,23396.5906644,0.07547509999858448
266,23396.5906693,0.0013409000021056272,0.0010946000002149958,0.007743000001937617,0.06223429999954533,0.0019463999997242354,0.000561500000912929,0.0003341000010550488,0.0002921999985119328,23396.6662899,0.07562060000054771
267,23396.6662957,0.0013438000023597851,0.0009944000012183096,0.00831599999946775,0.0674682999997458,0.0030614999996032566,0.000584299999900395,0.0002542000001994893,0.00032760000249254517,23396.7487075,0.08241179999822634
268,23396.7487127,0.0013199999993958045,0.00098230000003241,0.00822889999835752,0.06324369999856572,0.0022959000016271602,0.0004808999983652029,0.0002659999991010409,0.000293100001726998,23396.8258831,0.07717039999988629
269,23396.8258911,0.0012088000003132038,0.0009257999990950339,0.007942500000353903,0.06384740000066813,0.0015897999983280897,0.000537899999471847,0.00029459999859682284,0.00037399999928311445,23396.9026774,0.07678630000009434
270,23396.9026826,0.0012501000019256026,0.0009468999996897765,0.0080229999985022,0.06436269999903743,0.0014264999990700744,0.0004946000008203555,0.0003240000005462207,0.0003099999994446989,23397.0027595,0.10007689999838476
271,23397.0027724,0.001299199997447431,0.0013506000032066368,0.008256499997514766,0.063854199997877,0.002087600001686951,0.00041480000072624534,0.00034589999995660037,0.0002730000014707912,23397.0807311,0.07795869999972638
272,23397.0807365,0.0017305999972450081,0.0014114000005065463,0.008973100000730483,0.06559350000316044,0.001994300000660587,0.00042380000013508834,0.0002597999991849065,0.0003059999980905559,23397.1616291,0.08089259999906062
273,23397.1616342,0.0012409999981173314,0.0009591000016371254,0.00788749999992433,0.06326429999899119,0.0022099999987403862,0.00045569999929284677,0.0002916000012191944,0.0002877000006265007,23397.2383061,0.07667189999847324
274,23397.2383113,0.0012368999996397179,0.0014497000011033379,0.008293200000480283,0.062367999998969026,0.0022331000000122003,0.0004501999974309001,0.00026640000214683823,0.0003069000013056211,23397.3149803,0.07666900000185706
275,23397.3149855,0.00122660000124597,0.0009441000001970679,0.008005400002730312,0.06379139999990002,0.0018245999999635387,0.0004670999987865798,0.00028509999901871197,0.0003462999993644189,23397.3919444,0.07695889999740757
276,23397.39195,0.0013715000022784807,0.0009916999988490716,0.008363200002349913,0.06123540000044159,0.0018149999996239785,0.00042329999996582046,0.00034410000080242753,0.0002877000006265007,23397.466868,0.07491799999843352
277,23397.4668741,0.0012635999992198776,0.0009424999989278149,0.006718500000715721,0.06908449999900768,0.002094999999826541,0.000445699999545468,0.00025129999994533136,0.00029680000079679303,23397.5480357,0.08116160000281525
278,23397.5480406,0.0012145000000600703,0.0009565999971528072,0.008076699999946868,0.06752140000025975,0.0040650000009918585,0.0005133999984536786,0.00024990000019897707,0.00029069999800412916,23397.6310027,0.08296210000116844
279,23397.6310076,0.001212300001498079,0.0009348999992653262,0.008079200000793207,0.06350620000011986,0.0090680000030261,0.0006914000005053822,0.0002555999999458436,0.00028960000054212287,23397.7151373,0.08412970000063069
280,23397.7151424,0.0012597999993886333,0.0009741000030771829,0.00789710000026389,0.06470869999975548,0.0015737999965494964,0.00041369999962626025,0.0002406999992672354,0.00035030000071856193,23397.8154526,0.1003101999995124
281,23397.8154632,0.001230300000315765,0.0014942999987397343,0.00823339999988093,0.06314500000007683,0.002028899998549605,0.0005148999989614822,0.00024249999842140824,0.00031289999969885685,23397.8927184,0.0772551999980351
282,23397.8927232,0.0012475000003178138,0.0009257000019715633,0.007843600000342121,0.06442430000242894,0.004185900001175469,0.00047569999878760427,0.00022920000265003182,0.0003662000017357059,23397.9724792,0.07975600000281702
283,23397.9724843,0.0012333000013313722,0.0009265000007872004,0.007912699998996686,0.07721119999769144,0.004380999998829793,0.0005904000026930589,0.00025100000129896216,0.0003132999991066754,23398.065376,0.09289169999829028
284,23398.0653811,0.0012284000004001427,0.0009331000001111533,0.007913699999335222,0.06594209999821032,0.002086699998471886,0.0004292999983590562,0.00024309999935212545,0.00035179999758838676,23398.1445615,0.07918040000004112
285,23398.1445665,0.0017301999978371896,0.00094600000011269,0.008216900001571048,0.06388800000058836,0.001955600000655977,0.00037399999928311445,0.0002342000007047318,0.0003393000006326474,23398.2224768,0.07791030000225874
286,23398.2224815,0.0012085000016668346,0.000937000000703847,0.008640600000944687,0.06189699999958975,0.0020610999999917112,0.00043840000216732733,0.0002289000003656838,0.00036550000004353933,23398.2983064,0.07582489999913378
287,23398.298311,0.001357300003292039,0.0009449999997741543,0.00820450000173878,0.0646015999991505,0.002235700001619989,0.00037150000207475387,0.000198199999431381,0.0003269000008003786,23398.3765982,0.07828720000179601
288,23398.3766024,0.001315599998633843,0.001106799998524366,0.007155800001783064,0.062268600002425956,0.002122199999575969,0.0005538999976124614,0.0003096000000368804,0.0003262999998696614,23398.4518187,0.07521629999973811
289,23398.4518239,0.001431699998647673,0.0010327999989385717,0.008241999999881955,0.06740520000312245,0.002269299999170471,0.0005409000004874542,0.0002682999984244816,0.00032949999877018854,23398.5334009,0.08157700000083423
290,23398.5334059,0.0012554000022646505,0.0009390000013809185,0.008343500001501525,0.06497009999657166,0.0020980000008421484,0.00046329999895533547,0.0002767999976640567,0.00028469999961089343,23398.635535,0.10212909999972908
291,23398.6355455,0.001277999999729218,0.0015583999993395992,0.008002000002306886,0.061291199999686796,0.001972000001842389,0.00041340000097989105,0.00021270000070217066,0.0003319000024930574,23398.7106512,0.07510569999794825
292,23398.7106555,0.0011177999986102805,0.0008163000020431355,0.005918200000451179,0.06438060000073165,0.003032000000530388,0.0006023999994795304,0.0003355000008014031,0.00031150000359048136,23398.7872509,0.07659540000167908
293,23398.7872568,0.0013010000002395827,0.0014019000009284355,0.00810529999944265,0.06196379999892088,0.0030220000007830095,0.0004912999975204002,0.00024820000180625357,0.0002767000005405862,23398.8641165,0.0768597000023874
294,23398.8641206,0.0011130999992019497,0.0008087999995041173,0.006654299999354407,0.05846769999698154,0.0020906000027025584,0.000446999998530373,0.0002604000001156237,0.000274499998340616,23398.9342855,0.07016490000023623
295,23398.9342902,0.0011630999979388434,0.0007932000007713214,0.008166499999788357,0.06713089999902877,0.0026795999983733054,0.0005301999990479089,0.0002576000006229151,0.0003037999995285645,23399.0153735,0.08108329999959096
296,23399.0153783,0.0012366000009933487,0.0009558000019751489,0.007902900000772206,0.08998359999895911,0.003809400001046015,0.007634999998117564,0.00043250000089756213,0.0003451000011409633,23399.1277848,0.11240650000036112
297,23399.1277912,0.0013757000015175436,0.0011778000007325318,0.008948700000473764,0.0731032999974559,0.0030040000019653235,0.00045419999878504314,0.0002488999998604413,0.0002684999999473803,23399.2164257,0.08863449999989825
298,23399.2164301,0.0021128000007593073,0.001341099999990547,0.0074227999975846615,0.06323329999941052,0.0016794000002846587,0.000342100000125356,0.0002555999999458436,0.0003015999973285943,23399.2932501,0.07681999999840627
299,23399.2932549,0.0012291000020923093,0.0007953999993333127,0.006304700000328012,0.06109330000253976,0.0021035999998275656,0.00045790000149281695,0.0002530999990995042,0.00031260000105248764,23399.3658537,0.0725988000012876
300,23399.3658589,0.0012137000012444332,0.0009247999987564981,0.008184400001482572,0.06510179999895627,0.0028922000019520056,0.00045429999954649247,0.00027520000003278255,0.0002913999996962957,23399.4682975,0.10243859999900451
301,23399.4683088,0.0013274999982968438,0.0015468999990844168,0.008258800000476185,0.06200910000188742,0.0015038999990792945,0.0004006000017398037,0.0004202999989502132,0.0003758999991987366,23399.5442044,0.07589560000269557
302,23399.5442092,0.0013156000022718217,0.0009175000013783574,0.007869900000514463,0.06246609999652719,0.0024787999973341357,0.0004532000020844862,0.0002410000015515834,0.00036639999962062575,23399.6203654,0.07615619999705814
303,23399.6203707,0.00137660000109463,0.0009568999994371552,0.007885800001531607,0.061279300000023795,0.002463499997247709,0.0004797000001417473,0.0002305999987584073,0.0003407000003790017,23399.6954448,0.07507410000107484
304,23399.6954494,0.0012065999981132336,0.0009233000018866733,0.006314300000667572,0.06215710000105901,0.0025142999984382186,0.0004580000022542663,0.00022759999774280004,0.0003371999991941266,23399.7696495,0.07420009999987087
305,23399.7696544,0.0013808000003336929,0.001017300000967225,0.007918100000097184,0.0648959999998624,0.004444999998668209,0.0005225999993854202,0.00026000000070780516,0.00031600000147591345,23399.8504881,0.08083370000167633
306,23399.8504931,0.0012171999987913296,0.0009329000022262335,0.008234699998865835,0.06406229999993229,0.00251130000106059,0.0004981999991287012,0.00024930000290623866,0.0002961999998660758,23399.9285621,0.07806900000286987
307,23399.9285669,0.0012500000011641532,0.0010522999982640613,0.007982299997820519,0.06697619999977178,0.0025821000017458573,0.0006556000007549301,0.00031099999978323467,0.00033740000071702525,23400.0098034,0.08123650000197813
308,23400.0098095,0.0014491000001726206,0.0011558000005607028,0.008249300000898074,0.0645741000007547,0.005073099997389363,0.0005462999979499727,0.000274800000624964,0.0002768000013020355,23400.0915341,0.081724600000598
309,23400.0915417,0.0013206999974499922,0.0009518999977444764,0.008041299999604234,0.06420879999859608,0.0024424999974144157,0.0005219000013312325,0.0002502999996067956,0.0003324000026623253,23400.1696789,0.07813720000194735
310,23400.1696837,0.0013901999991503544,0.0012768999986292329,0.008004899998923065,0.06814149999991059,0.003620800001954194,0.0006514999986393377,0.0003279000011389144,0.00035030000071856193,23400.2766271,0.10694339999827207
311,23400.2766374,0.001911900002596667,0.0016854999994393438,0.009060799999133451,0.0643275000002177,0.002357800000027055,0.0005001999998057727,0.00023040000087348744,0.00035519999801181257,23400.3572782,0.080640800002584
312,23400.3572834,0.001264499998796964,0.0009403000003658235,0.007723600003373576,0.062271100003272295,0.0029577000022982247,0.0005286000014166348,0.00026419999994686805,0.0003133999998681247,23400.4336182,0.07633480000004056
313,23400.4336229,0.0012419000013323966,0.0009510999989288393,0.008187899999029469,0.06241010000303504,0.0022485000008600764,0.0003958000015700236,0.00020429999858606607,0.00030499999775202014,23400.5096241,0.07600119999915478
314,23400.5096284,0.0011228000003029592,0.0008209000006900169,0.005959999998594867,0.06437590000132332,0.002723999998124782,0.0005300000011629891,0.00023920000239741057,0.00030750000223633833,23400.5857787,0.07615029999942635
315,23400.5857835,0.0012384000001475215,0.0009258999998564832,0.008014900002308423,0.06529310000041733,0.0032232999983534683,0.00048499999684281647,0.00022639999951934442,0.00035290000232635066,23400.6656106,0.07982710000214865
316,23400.665615,0.0012157000019215047,0.0009681000010459684,0.008007000000361586,0.06460400000287336,0.0019391999994695652,0.0004284999995434191,0.0002266000010422431,0.0003558999997039791,23400.7434301,0.07781509999767877
317,23400.7434348,0.0011952999993809499,0.0008540000017092098,0.007973899999342393,0.068430499999522,0.00219219999780762,0.0004775000015797559,0.00022109999918029644,0.0003240999976696912,23400.8251673,0.08173250000254484
318,23400.8251717,0.0011133000007248484,0.0009387000027345493,0.006879500000650296,0.06552159999773721,0.003570400000171503,0.00048769999921205454,0.0002415000017208513,0.00035940000088885427,23400.9043518,0.07918010000139475
319,23400.9043568,0.0016525999999430496,0.0011296000011498109,0.008626599999843165,0.06296239999937825,0.002240199999505421,0.00035349999961908907,0.00020229999790899456,0.00033569999868632294,23400.9819153,0.07755849999739439
320,23400.9819197,0.00130400000125519,0.0011508999996294733,0.008041799999773502,0.06560560000070836,0.001945199997862801,0.00042050000047311187,0.00022389999867300503,0.0004303999994590413,23401.082697,0.10077730000193696
321,23401.0827066,0.0011856999990413897,0.0013051999994786456,0.00794569999925443,0.06073119999928167,0.001841599998442689,0.000539800003025448,0.0003501999999571126,0.0003192999974999111,23401.1570124,0.0743058000007295
322,23401.1570184,0.001255499999388121,0.0009363000026496593,0.007999500001460547,0.06697209999765619,0.0017584999986866023,0.0004025000016554259,0.00022529999841935933,0.0003699000008055009,23401.236997,0.07997859999886714
323,23401.2370021,0.0012833999971917365,0.0009518000006210059,0.008130900001560804,0.06667369999922812,0.0020284000020183157,0.0003999999971711077,0.00023360000341199338,0.0003575999980967026,23401.3171217,0.08011960000294494
324,23401.3171266,0.001765299999533454,0.000949699999182485,0.00889380000080564,0.06588860000192653,0.0018778000012389384,0.000411000000895001,0.0002282999994349666,0.00033819999953266233,23401.3976939,0.0805672999995295
325,23401.3976989,0.0012276999987079762,0.0009271999988413882,0.00825280000208295,0.06299249999938183,0.0018383000024186913,0.000416300001234049,0.0002229999990959186,0.0003531000002112705,23401.4739891,0.07629019999876618
326,23401.4739939,0.0012564999997266568,0.0009404999982507434,0.00804489999791258,0.06370500000048196,0.0018732999997155275,0.00040749999971012585,0.0002468999991833698,0.0003589999978430569,23401.5508877,0.07689380000010715
327,23401.5508931,0.0013055999988864642,0.0010087999980896711,0.008167700001649791,0.06723889999921084,0.0014711999974679202,0.00037040000097476877,0.0002461000003677327,0.00026839999918593094,23401.6310228,0.08012969999981578
328,23401.6310269,0.0012850999992224388,0.0011358000010659453,0.0075556000010692514,0.06034470000304282,0.001850399999966612,0.00044940000225324184,0.000247800002398435,0.00030929999775253236,23401.7042687,0.07324180000068736
329,23401.7042734,0.0012525000020104926,0.0010705999993660953,0.008330899996508379,0.061390599999867845,0.0014197999989846721,0.0003885000005539041,0.0003673999999591615,0.0002974999988509808,23401.7788778,0.07460440000068047
330,23401.778884,0.0013131999985489529,0.0009723999974085018,0.007994300001882948,0.06273589999909746,0.001525499999843305,0.0004033999975945335,0.0003789999973378144,0.0003768999995372724,23401.877646,0.09876200000144308
331,23401.8776573,0.0012080999986210372,0.0014370999997481704,0.008050700002058875,0.06409699999858276,0.0015978999981598463,0.0004461999997147359,0.0002611999989312608,0.0003051999992749188,23401.9551207,0.07746340000085183
332,23401.9551257,0.001283100002183346,0.000949699999182485,0.007931399999506539,0.0633336999999301,0.001922999999806052,0.00042359999861218967,0.00024900000062189065,0.0003192999974999111,23402.0315982,0.0764725000008184
333,23402.0316033,0.001267399999051122,0.0009315999996033497,0.007687900000746595,0.06252060000042547,0.0019132999987050425,0.00041059999784920365,0.0002975999996124301,0.0004138000003877096,23402.1071145,0.0755111999969813
334,23402.1071202,0.0014175000032992102,0.0009582999991835095,0.007929799998237286,0.06311179999829619,0.002089599998726044,0.00039509999987785704,0.00025660000028437935,0.00029770000037387945,23402.1836291,0.07650890000149957
335,23402.1836334,0.0012755000025208574,0.0011312999995425344,0.00802309999926365,0.06329810000170255,0.002405499999440508,0.00048460000107297674,0.0002390000008745119,0.0003496999997878447,23402.2609025,0.07726909999837517
336,23402.2609073,0.0013260999985504895,0.0012988999988010619,0.005940200000623008,0.060933000000659376,0.002911399998993147,0.00038299999869195744,0.0002043999993475154,0.00031379999927594326,23402.3342719,0.0733646000007866
337,23402.3342763,0.0017494000021542888,0.0008339999985764734,0.007862299997213995,0.06885020000117947,0.002311200001713587,0.0004374999989522621,0.0002421000026515685,0.0003603000004659407,23402.417204,0.08292770000116434
338,23402.4172091,0.0012826000020140782,0.0009272999996028375,0.009331000001111533,0.06276449999859324,0.0021531000020331703,0.0004028000003017951,0.00022309999985736795,0.0003842000005533919,23402.4947608,0.07755170000018552
339,23402.4947664,0.00123140000141575,0.0009374000001116656,0.00793590000102995,0.06383550000100513,0.002023400000325637,0.0004408000022522174,0.00022729999909643084,0.0003648999991128221,23402.5718234,0.0770570000022417
340,23402.5718286,0.001341299997875467,0.0010555000008025672,0.008036200000788085,0.06995169999936479,0.0034508000026107766,0.000632499999483116,0.00027159999808645807,0.00026509999952395447,23402.6812229,0.10939429999780259
341,23402.6812315,0.0012733000003208872,0.0013398999981291126,0.007832100000086939,0.0662080000001879,0.004679900001065107,0.0005923999997321516,0.000243800001044292,0.000307400001474889,23402.7637992,0.08256770000298275
342,23402.763804,0.0012217000003147405,0.0009461999979976099,0.008157499996741535,0.06198020000010729,0.0016251000015472528,0.0003937999972549733,0.0003249000001233071,0.00027150000096298754,23402.8388255,0.07502150000073016
343,23402.8388315,0.0012186999992991332,0.0010326999981771223,0.006201599997439189,0.06402929999967455,0.0019505999989632983,0.00046129999827826396,0.00024820000180625357,0.00030839999817544594,23402.9143491,0.07551759999842034
344,23402.9143539,0.0012262000018381514,0.0009327000007033348,0.007986000000528293,0.06215190000148141,0.002861299999494804,0.0005262999984552152,0.0002963999977509957,0.0003986000010627322,23402.9908158,0.0764619000001403
345,23402.9908214,0.0013255000012577511,0.0010505999998713378,0.007990599999175174,0.06441169999743579,0.0029214000023785047,0.0004989000008208677,0.0002510999984224327,0.00028699999893433414,23403.0696359,0.07881450000058976
346,23403.0696404,0.0012255000001459848,0.0009059000003617257,0.007914599998912308,0.06295840000166208,0.0024260999998659827,0.0004574000013235491,0.00027129999944008887,0.00031859999944572337,23403.1461883,0.07654790000015055
347,23403.146193,0.0012377000020933338,0.0009251000010408461,0.007903999998234212,0.06535530000110157,0.0026153999970119912,0.0004813999985344708,0.0002710999979171902,0.0003116000007139519,23403.2253701,0.07917710000037914
348,23403.2253747,0.0012673000019276515,0.0009420999995199963,0.007901500001025852,0.06415930000002845,0.0026725000025180634,0.0004656999990402255,0.00030130000232020393,0.0003150000011373777,23403.3034689,0.07809420000194223
349,23403.3034739,0.001251800000318326,0.0009159000001091044,0.008116900000459282,0.06343679999918095,0.003943499999877531,0.0004698000011558179,0.00025180000011459924,0.00030059999699005857,23403.3822435,0.07876960000066902
350,23403.3822482,0.0017694000016490463,0.0009857999975793064,0.008448199998383643,0.06965259999924456,0.004199999999400461,0.0005576000003202353,0.0002888999988499563,0.00030110000079730526,23403.4919982,0.10974999999962165
351,23403.4920091,0.0014024999982211739,0.001586700000189012,0.007372799998847768,0.06974780000018654,0.002061799998045899,0.0005270000001473818,0.00038920000224607065,0.0003943999981856905,23403.575594,0.08358490000318852
352,23403.5756001,0.0012749000015901402,0.0009661999974923674,0.008014200000616256,0.06300710000141407,0.0016509000015503261,0.00041119999877992086,0.0002706000013859011,0.0002918999998655636,23403.6515505,0.07595039999796427
353,23403.6515585,0.0013677999995707069,0.0014316000015242025,0.008272899998701178,0.06431099999826984,0.0017528999997011852,0.0004315999976824969,0.00024420000045211054,0.00030279999919002876,23403.7297369,0.07817839999916032
354,23403.7297416,0.0012708000031125266,0.0009501999993517529,0.008039399999688612,0.06251759999940987,0.0020162000000709668,0.0004808000012417324,0.00036780000300495885,0.0003187000002071727,23403.8057952,0.07605360000161454
355,23403.8058011,0.0012306999997235835,0.000943299997743452,0.008012300000700634,0.06471989999772632,0.004124799997953232,0.0005411000020103529,0.00025329999698442407,0.0003099999994446989,23403.8860181,0.08021699999881093
356,23403.8860232,0.0012243000019225292,0.0009420999995199963,0.008085299999947893,0.06339250000019092,0.003345099998114165,0.00047169999743346125,0.0002322999971511308,0.0003577999996196013,23403.964151,0.07812779999949271
357,23403.9641559,0.0012320999994699378,0.0009233000018866733,0.007769700001517776,0.0661989000000176,0.0028199999978824053,0.0005143000016687438,0.0002578000021458138,0.00032750000173109584,23404.044274,0.08011809999879915
358,23404.0442794,0.001216799999383511,0.0009454999999434222,0.0074984000020776875,0.06614979999721982,0.003872000001138076,0.0005315000016707927,0.00024219999977503903,0.0003753000019059982,23404.1251946,0.08091520000016317
359,23404.1251997,0.0013402000004134607,0.0009505999987595715,0.008258400001068367,0.0649507000016456,0.003298800002085045,0.0004893000004813075,0.00022309999985736795,0.000352700000803452,23404.2051611,0.07996139999886509
360,23404.2051657,0.0011919999997189734,0.000969600001553772,0.008295399999042274,0.06868170000234386,0.0030479999986710027,0.000516200001584366,0.00032219999775406905,0.0002973000009660609,23404.3123902,0.10722449999957462
361,23404.3124002,0.0012993000018468592,0.001216000000567874,0.007853800001612399,0.06204959999740822,0.002266399998916313,0.0004079999998793937,0.00024330000087502412,0.00035370000114198774,23404.3881547,0.07575449999785633
362,23404.3881596,0.0017736999980115797,0.0009500999985903036,0.008806400001049042,0.06386570000177016,0.0019305000023450702,0.0004029000010632444,0.00023119999968912452,0.00035480000224197283,23404.4667471,0.0785875000001397
363,23404.4667518,0.0012284000004001427,0.0009284999978262931,0.00814410000020871,0.06388700000024983,0.003952999999455642,0.0005655999993905425,0.0002523000002838671,0.00030809999952907674,23404.5460983,0.07934650000242982
364,23404.5461029,0.0012179000004834961,0.0009621999997762032,0.008063799999945331,0.06369160000031115,0.002412400001048809,0.0004208000027574599,0.00023579999833600596,0.0003656999979284592,23404.6235416,0.07743870000194875
365,23404.6235467,0.001235600000654813,0.0009652000007918105,0.0068415000023378525,0.05755999999746564,0.0021067000016046222,0.00047899999844958074,0.00034950000190292485,0.00029659999927389435,23404.693477,0.06993030000012368
366,23404.6934818,0.001115600000048289,0.0007933999986562412,0.00600760000088485,0.06267119999756687,0.002355500000703614,0.0004406000007293187,0.0002514000007067807,0.0003436999977566302,23404.7675199,0.07403809999959776
367,23404.7675242,0.001091999998607207,0.0007836999975552317,0.006014300000970252,0.06430829999953858,0.003089099998760503,0.0004834000028495211,0.00023080000028130598,0.00036970000292058103,23404.8439662,0.07644199999776902
368,23404.8439709,0.0013209999997343402,0.000995499998680316,0.007997699998668395,0.06132179999985965,0.00193089999811491,0.0003939000016544014,0.00019489999976940453,0.00031880000096862204,23404.9184894,0.0745184999977937
369,23404.9184937,0.0011110999985248782,0.0007879000004322734,0.007764699999825098,0.0598320999997668,0.002388299999438459,0.0004117999997106381,0.00020840000070165843,0.00033010000333888456,23404.9913727,0.07287899999937508
370,23404.9913768,0.0013708000005863141,0.0010660000007192139,0.008038600000872975,0.06406699999934062,0.002439699997921707,0.0005565999999816995,0.00025549999918439426,0.0002948000001197215,23405.0924744,0.10109759999977541
371,23405.0924852,0.0014024000010977034,0.001466200003051199,0.00800590000289958,0.0644639999991341,0.0023779000002832618,0.000418099996750243,0.00024109999867505394,0.00037880000309087336,23405.1713038,0.07881860000270535
372,23405.1713091,0.0012446999971871264,0.0009333999987575226,0.008000800000445452,0.06279459999859682,0.0020719999993161764,0.00038830000266898423,0.00025409999943803996,0.00034270000105607323,23405.2473906,0.07608150000305614
373,23405.247395,0.00130640000134008,0.00115400000140653,0.008222000000387197,0.06233350000184146,0.002911399998993147,0.00045650000174646266,0.00023180000061984174,0.00036890000046696514,23405.3244404,0.07704540000122506
374,23405.3244451,0.0012727999965136405,0.0009700000009615906,0.008128199999191565,0.06291850000343402,0.002489300000888761,0.0005017999974370468,0.0002598999999463558,0.0002978999982587993,23405.4013422,0.07689709999976913
375,23405.4013471,0.001863599998614518,0.001130200002080528,0.008415999996941537,0.06532319999678293,0.002340899998671375,0.0005057000016677193,0.00025999999706982635,0.0003854000024148263,23405.4817324,0.08038529999976163
376,23405.4817381,0.0013696000023628585,0.0009933000001183245,0.008505200003128266,0.06498089999877266,0.003593500001443317,0.0005634000008285511,0.0002590000003692694,0.00028160000147181563,23405.5623607,0.08062260000224342
377,23405.5623656,0.0012252999986230861,0.0009497000028204639,0.007940299998153932,0.06786900000224705,0.0044969000009587035,0.0005479999999806751,0.0002716999988479074,0.00033350000012433156,23405.6460945,0.08372890000100597
378,23405.6460998,0.0013070000022707973,0.0009315000024798792,0.007940999999846099,0.0635346999988542,0.0033464000007370487,0.0004139000011491589,0.0002055000004475005,0.0003207000008842442,23405.7241526,0.07805279999956838
379,23405.7241569,0.0011151999970024917,0.0008003999973880127,0.008233299999119481,0.06371669999862206,0.003860999997414183,0.0004780000017490238,0.0002395999981672503,0.00035679999928106554,23405.8030244,0.07886750000034226
380,23405.8030295,0.0011807999981101602,0.0012353999991319142,0.007431500001985114,0.06537649999881978,0.00359770000068238,0.0006171999993966892,0.0002626999994390644,0.0004071000003023073,23405.9075973,0.10456780000095023
381,23405.9076042,0.0011973000000580214,0.0012010999998892657,0.007667800000490388,0.06142569999792613,0.004183400000329129,0.0005268000022624619,0.00022840000019641593,0.0003619999988586642,23405.984468,0.07686379999722703
382,23405.9844731,0.0012595999978657346,0.0009482999994361307,0.007873700000345707,0.061659400002099574,0.0038129999993543606,0.0006654999997408595,0.0003741000000445638,0.000334399999701418,23406.0615105,0.07703739999851678
383,23406.0615166,0.0012026000003970694,0.0009443000017199665,0.008005499999853782,0.0658460999984527,0.00441800000044168,0.0005488999995577615,0.00026389999766252004,0.00037990000055287965,23406.1432063,0.08168970000042464
384,23406.1432118,0.0013441000010061543,0.0011594000025070272,0.00722910000331467,0.061196999999083346,0.004157899998972425,0.0005134999992151279,0.0003376000022399239,0.0002888999988499563,23406.2195479,0.07633609999902546
385,23406.2195537,0.0012567000012495555,0.0014102000022830907,0.007905300000857096,0.061385600001813145,0.00279690000024857,0.00046609999844804406,0.000280100000964012,0.0003026999984285794,23406.295427,0.0758733000002394
386,23406.2954319,0.0011938999996345956,0.0009280999984184746,0.007963300002302276,0.06528529999923194,0.0017707999977574218,0.00036890000046696514,0.0002554000020609237,0.00030440000045928173,23406.3735535,0.07812160000321455
387,23406.3735589,0.001214399999298621,0.000934299998334609,0.008016499999939697,0.06790220000038971,0.002486400000634603,0.00042210000174236484,0.0002684999999473803,0.00028649999876506627,23406.4551415,0.08158259999981965
388,23406.4551463,0.0017845000002125744,0.0009640000025683548,0.008787399998254841,0.06537890000254265,0.001982599998882506,0.00047429999904125,0.00026110000180779025,0.0003391999998711981,23406.5352402,0.08009390000006533
389,23406.5352448,0.0012237999981152825,0.0009312000001955312,0.008215199999540346,0.0626393000020471,0.002075600001262501,0.00046890000157873146,0.0002640999991854187,0.0003440000000409782,23406.6114631,0.07621829999698093
390,23406.6114679,0.0012329999990470242,0.0009761000001162756,0.007673899999645073,0.06631539999943925,0.0019878000020980835,0.0004102000020793639,0.0002733999972406309,0.000287499999103602,23406.7133978,0.10192989999995916
391,23406.7134109,0.0013379999982134905,0.0014464000014413614,0.007994999999937136,0.06338859999959823,0.0019452000015007798,0.0004644999971787911,0.00037850000080652535,0.0004441999990376644,23406.7909156,0.07750469999882625
392,23406.7909227,0.0014187000015226658,0.0008568000012019183,0.007971300001372583,0.06532520000109798,0.0021087999994051643,0.0003800999984377995,0.00025490000189165585,0.0002863000008801464,23406.8695792,0.07865650000167079
393,23406.8695838,0.001166699999885168,0.0009457999985897914,0.007924199999251869,0.06178619999991497,0.002775400000246009,0.00048800000149640255,0.0002635000018926803,0.00030809999952907674,23406.9453014,0.07571760000064387
394,23406.9453064,0.001218099998368416,0.000987600000371458,0.005980099998851074,0.06301819999862346,0.0029108999988238793,0.0004687000000558328,0.0002612999996927101,0.00030170000172802247,23407.0205151,0.07520870000007562
395,23407.0205203,0.001224800002091797,0.0009409999984200113,0.00801570000112406,0.06390119999923627,0.0029121000006853137,0.0004633999997167848,0.00022910000188858248,0.0003561999983503483,23407.0986225,0.07810220000101253
396,23407.0986276,0.001230100002430845,0.0009361000011267606,0.007968399997480446,0.0634661000003689,0.0023905999987618998,0.0003857000010611955,0.0002413000001979526,0.00034470000173314475,23407.1756579,0.07703029999902355
397,23407.1756626,0.0012251000007381663,0.000982800000201678,0.008176999999705004,0.06550079999942682,0.0022065999983169604,0.0003463000030023977,0.000207199998840224,0.0003187000002071727,23407.2546767,0.0790140999997675
398,23407.2546808,0.0013577000026998576,0.0013037000026088208,0.007944499997392995,0.06096289999914006,0.001288400002522394,0.0003580999982659705,0.0006126000007498078,0.0004195000001345761,23407.3290389,0.07435809999878984
399,23407.3290451,0.001480999999330379,0.0012203000005683862,0.00812690000020666,0.0643184000000474,0.002987200001371093,0.00043990000267513096,0.00023750000036670826,0.00035460000071907416,23407.4082689,0.07922379999945406
400,23407.4082734,0.001224999999976717,0.000938299999688752,0.007557199998700526,0.06370020000031218,0.0020097999986319337,0.00041510000301059335,0.00027739999859477393,0.00027070000214735046,23407.5080355,0.09976209999877028
401,23407.5080582,0.0017375999996147584,0.0013973999994050246,0.008771900000283495,0.06227020000005723,0.002440000000206055,0.0004431000015756581,0.00022470000112662092,0.00033180000173160806,23407.5858816,0.07782339999903343
402,23407.5858858,0.0013163000003260095,0.0011152000006404705,0.007806399997207336,0.05901559999983874,0.0017198999994434416,0.0004318999999668449,0.00026819999766303226,0.00031680000029155053,23407.6579397,0.072053899999446
403,23407.6579447,0.0012409000009938609,0.0009241000007023104,0.008004400002391776,0.06437440000081551,0.0016422000007878523,0.0004015000013168901,0.0002497000023140572,0.00031060000037541613,23407.73516,0.07721529999980703
404,23407.7351651,0.0012462999984563794,0.0009429999990970828,0.008070099996984936,0.061852499999076826,0.0022442999979830347,0.0004702000005636364,0.00023720000172033906,0.00033909999910974875,23407.8106373,0.0754722000019683
405,23407.8106422,0.0012471000009099953,0.0009497999999439344,0.008066999998845858,0.06318689999898197,0.0016567999991821125,0.0004195000001345761,0.0002812999991874676,0.00029410000206553377,23407.8868035,0.07616130000315025
406,23407.8868079,0.001220999998622574,0.0009589000001142267,0.008008799999515759,0.0638805999988108,0.0031365000031655654,0.0004565999988699332,0.000256199997238582,0.0002905000001192093,23407.9650856,0.0782777000022179
407,23407.9650899,0.00120749999769032,0.0009311000030720606,0.007912299999588868,0.06586559999777819,0.0033865999976114836,0.000498399997013621,0.0002486000012140721,0.00037320000046747737,23408.0455866,0.08049670000036713
408,23408.0455917,0.0013476999993145,0.0010665000008884817,0.008136100001138402,0.06392039999991539,0.0021025000023655593,0.00044770000022253953,0.0002725000013015233,0.0002884999994421378,23408.1232438,0.0776521000007051
409,23408.1232488,0.0012332999976933934,0.0009544999993522651,0.008662999996886356,0.06297339999946416,0.0022542999977304135,0.0004315999976824969,0.00026480000087758526,0.0003085999996983446,23408.2003989,0.07715010000174516
410,23408.2004038,0.0012668999988818541,0.0009862999977485742,0.007926599999336759,0.06367419999878621,0.001603400000021793,0.0004487000005610753,0.0002738999974098988,0.00029409999842755497,23408.3004004,0.09999659999812138
411,23408.3004128,0.0012638999978662468,0.0016154000004462432,0.007897999999840977,0.06173580000177026,0.0016329999998561107,0.00035679999928106554,0.00024790000315988436,0.0002884999994421378,23408.3755132,0.07510040000124718
412,23408.3755182,0.001215800002682954,0.0009357000017189421,0.008208799998101313,0.06334010000136914,0.0019042999992961995,0.0003996999985247385,0.000258100000792183,0.00029150000045774505,23408.452136,0.07661780000125873
413,23408.4521411,0.0012282000025152229,0.0009315999996033497,0.007934500001283595,0.06377629999769852,0.002305599999090191,0.00041369999962626025,0.0002674999996088445,0.0003429000025789719,23408.5294051,0.07726399999955902
414,23408.5294106,0.0018066999982693233,0.0009508000002824701,0.00858679999873857,0.06254079999780515,0.002007799997954862,0.00041260000216425397,0.00023940000028233044,0.00029379999978118576,23408.6063921,0.07698149999851012
415,23408.6063967,0.0012284000004001427,0.0009232999982486945,0.007976299999427283,0.0634022999984154,0.0020900999988953117,0.00039730000207782723,0.00025739999910001643,0.0003098999986832496,23408.6830444,0.07664769999973942
416,23408.6830498,0.0012205999992147554,0.0009342000012111384,0.008000400001037633,0.06459309999991092,0.0019119999997201376,0.0003809000008914154,0.0002482999989297241,0.0003260000012232922,23408.7607263,0.07767649999732384
417,23408.7607312,0.0012403000000631437,0.000942300001042895,0.008471700002701255,0.06726119999802904,0.0021212999999988824,0.0004135000017413404,0.00031149999995250255,0.00029569999969680794,23408.8418832,0.08115199999883771
418,23408.8418891,0.0012977000005776063,0.0009361000011267606,0.008128299999953015,0.06430169999657664,0.001893600001494633,0.00040210000224760734,0.00025579999783076346,0.00029770000037387945,23408.9194667,0.07757760000095004
419,23408.919472,0.0012291999992157798,0.000930900001549162,0.007946699999592965,0.06275399999867659,0.0015669999993406236,0.00034980000054929405,0.000245400002313545,0.000279799998679664,23408.9948324,0.07536039999831701
420,23408.9948369,0.0011930999971809797,0.0010664000001270324,0.008298400000057882,0.06652010000107111,0.001722700002574129,0.00041029999920283444,0.00027880000197910704,0.00029740000172751024,23409.0956774,0.10084049999932176
421,23409.0956874,0.0013565999979618937,0.0014420000006793998,0.007979999998497078,0.06428009999945061,0.00265150000268477,0.000458399998024106,0.0002468999991833698,0.0003065000018978026,23409.1744795,0.07879210000101011
422,23409.174485,0.0013437000015983358,0.0009443000017199665,0.00794319999840809,0.06356000000232598,0.0024615000002086163,0.0004808000012417324,0.0002552999976614956,0.0003007000013894867,23409.2518352,0.07735020000109216
423,23409.2518395,0.0012170999980298802,0.0009327000007033348,0.007877200001530582,0.06195590000061202,0.0019393000002310146,0.00038560000029974617,0.00025580000146874227,0.000293100001726998,23409.3267617,0.07492219999767258
424,23409.3267664,0.0012633000005735084,0.001470400002290262,0.008513199998560594,0.06445730000268668,0.002587900002254173,0.0004631000010704156,0.0002539999986765906,0.0003083000010519754,23409.4061537,0.07938730000023497
425,23409.4061585,0.0012878999987151474,0.001008499999443302,0.00828650000039488,0.06317060000219499,0.0024972999999590684,0.0004353000003902707,0.00026500000240048394,0.0003023999997822102,23409.4834793,0.07732079999914276
426,23409.4834846,0.0012391999989631586,0.000985500002570916,0.00798650000069756,0.06478860000061104,0.0026366999991296325,0.0004262000002199784,0.00024979999943752773,0.0003288000007160008,23409.5621907,0.07870609999736189
427,23409.5621959,0.0019477999994705897,0.001205700002174126,0.008305600000312552,0.06639960000029532,0.0024088999998639338,0.0004383999985293485,0.00025689999893074855,0.00030669999978272244,23409.6436152,0.08141930000056163
428,23409.6436202,0.0012724000007438008,0.0009339999996882398,0.008623999998235377,0.06433319999996456,0.0022935999986657407,0.00037679999877582304,0.0002538999979151413,0.0003007000013894867,23409.7220774,0.07845720000113943
429,23409.7220825,0.0012226999970152974,0.0009308999979111832,0.007937799997307593,0.06530740000016522,0.0019653000017569866,0.00042240000038873404,0.0002640999991854187,0.00030440000045928173,23409.8005292,0.07844670000122278
430,23409.8005341,0.0012492999994719867,0.0009447000011277851,0.007905399997980567,0.06722579999768641,0.0026419999994686805,0.00046460000157821923,0.0002831999991030898,0.0002824000002874527,23409.903361,0.1028269000016735
431,23409.9033703,0.0011967999998887535,0.0013943000012659468,0.006535299999086419,0.061255599997821264,0.0016623000010440592,0.00038689999928465113,0.0003556000010576099,0.00028220000240253285,23409.9765273,0.07315700000253855
432,23409.9765332,0.001128799998696195,0.0007884000006015413,0.0077264999999897555,0.062496499998815125,0.001771899998857407,0.0003612000000430271,0.0002606999987619929,0.0003251000016462058,23410.0514489,0.07491570000274805
433,23410.0514539,0.0012600999980350025,0.0009353000023111235,0.00795540000035544,0.06399579999924754,0.0020308999992266763,0.00042079999911948107,0.0002587999988463707,0.0003022999990207609,23410.1286665,0.07721260000107577
434,23410.1286713,0.0012325999996392056,0.0009231000003637746,0.008525299999746494,0.061329899999691406,0.0023799000009603333,0.0004441999990376644,0.0002604000001156237,0.000323799999023322,23410.2041475,0.07547619999968447
435,23410.2041547,0.0014575999994121958,0.00119769999946584,0.006097800000134157,0.063756800002011,0.003320300002087606,0.0004453000001376495,0.00024620000112918206,0.000381799996830523,23410.2811273,0.07697259999986272
436,23410.2811341,0.0013948000014352147,0.0010723999985202681,0.007943500000692438,0.06154909999895608,0.0016054000006988645,0.0003561999983503483,0.0002257999985886272,0.0002727999999478925,23410.355611,0.07447689999753493
437,23410.3556155,0.001128299998526927,0.0008008000004338101,0.006068200000299839,0.06449870000142255,0.002447700000629993,0.00041029999920283444,0.0002700000004551839,0.00034890000097220764,23410.4316524,0.07603689999814378
438,23410.4316578,0.001397800002450822,0.0010443000028317329,0.008020900000701658,0.06366580000030808,0.0019510999991325662,0.0003954999992856756,0.00024259999918285757,0.00028360000214888714,23410.5087114,0.07705360000181827
439,23410.5087162,0.0012528000006568618,0.0009387999998580199,0.008585899999161484,0.06359100000190665,0.0023404999992635567,0.0004391000002215151,0.00026330000036978163,0.00030450000122073106,23410.5864862,0.07776999999987311
440,23410.586491,0.001756300000124611,0.0009753999984241091,0.008557100001780782,0.0652141999999003,0.0018020999996224418,0.0004112999995413702,0.0003020999974978622,0.00028050000037183054,23410.688796,0.10230500000034226
441,23410.6888083,0.0013894000003347173,0.0015179000001808163,0.007585999999719206,0.06242919999931473,0.0031785999999556225,0.0005132999976922292,0.00029940000240458176,0.0003235000003769528,23410.7661214,0.07731309999871883
442,23410.7661266,0.0012509000007412396,0.0009234999997715931,0.007936599999084137,0.06387620000168681,0.0017704999991110526,0.00041309999869554304,0.0002676999974937644,0.0003171999996993691,23410.8429477,0.07682109999950626
443,23410.8429528,0.001264499998796964,0.0009155000007012859,0.008068600000115111,0.06578299999819137,0.0031149999995250255,0.0004684000014094636,0.0002490999977453612,0.00029549999817390926,23410.9231893,0.08023649999813642
444,23410.9231944,0.0012735999989672564,0.0009288000001106411,0.007788900002196897,0.06354459999784012,0.0028960999989067204,0.0004695999996329192,0.0002579000029072631,0.00030359999800566584,23411.0007346,0.07754019999993034
445,23411.0007398,0.0012939999978698324,0.0009332000008726027,0.007949500002723653,0.0625925999993342,0.0020721000000776257,0.000438300001405878,0.00034279999817954376,0.0003157999999530148,23411.0767678,0.07602799999949639
446,23411.0767736,0.0013013999996474013,0.0014291000006778631,0.006782299999031238,0.06339509999816073,0.002425899998343084,0.0005246000000624917,0.0003175999991071876,0.0003068000005441718,23411.1533442,0.07657059999837657
447,23411.1533496,0.0013402000004134607,0.0009251000010408461,0.008039399999688612,0.06403120000322815,0.002004300000407966,0.0004409000030136667,0.00024060000214376487,0.0003133999998681247,23411.2307364,0.07738679999965825
448,23411.2307413,0.0014658000000054017,0.0010823999982676469,0.008020199999009492,0.06452590000117198,0.0019215000029362272,0.00037739999970654026,0.0002404000006208662,0.00028789999851142056,23411.308716,0.07797469999786699
449,23411.308721,0.0012688999995589256,0.000930900001549162,0.008016399999178248,0.06324619999941206,0.001736700000037672,0.0003685000010591466,0.0002525999989302363,0.0003175000019837171,23411.3849231,0.07620209999731742
450,23411.3849281,0.0012233000015839934,0.0008324999980686698,0.008081300002231728,0.06518680000226595,0.0013857999983883929,0.00029580000045825727,0.00026230000003124587,0.00025939999977708794,23411.4833749,0.09844679999878281
451,23411.4833846,0.0013819999985571485,0.0015044000028865412,0.007931700001790887,0.06322849999924074,0.0017172000007121824,0.0004030999989481643,0.00025739999910001643,0.00032479999936185777,23411.5601988,0.07681420000153594
452,23411.5602041,0.0012495000009948853,0.0009404000011272728,0.008016899999347515,0.06317229999694973,0.002066400000330759,0.0003896999987773597,0.00025720000121509656,0.0003715999991982244,23411.6367291,0.07652500000040163
453,23411.6367342,0.0021340999992389698,0.0009486999988439493,0.008270099999208469,0.06376970000201254,0.0018066000011458527,0.00039449999894713983,0.00023209999926621094,0.00036159999945084564,23411.7148823,0.07814809999763384
454,23411.7148868,0.0013622999977087602,0.0009857000004558358,0.00882340000316617,0.0636473999984446,0.0018132000004698057,0.00032730000020819716,0.00019670000256155618,0.0003481999992800411,23411.7924389,0.07755209999959334
455,23411.792443,0.0011895000025106128,0.0009376999987580348,0.008022400001209462,0.06318930000270484,0.0017633999996178318,0.00039339999784715474,0.00023120000332710333,0.000361700000212295,23411.8685921,0.0761491000012029
456,23411.8685969,0.001341400002274895,0.0008941000014601741,0.007958499998494517,0.0636092999993707,0.0017846000009740237,0.0003913000000466127,0.0002339000020583626,0.0003498999976727646,23411.9452203,0.07662340000024415
457,23411.9452284,0.001225799998792354,0.0009846000029938295,0.007877299998654053,0.06654540000090492,0.0017096000010496937,0.0003802999999606982,0.0002310999989276752,0.0003550000001268927,23412.0245977,0.07936930000141729
458,23412.0246028,0.0013600999991467688,0.0009484000001975801,0.008023599999432918,0.0644852000004903,0.0017660000012256205,0.000378400000045076,0.0002351000002818182,0.00035829999978886917,23412.1022274,0.07762459999867133
459,23412.1022321,0.0012325999996392056,0.0009396999994351063,0.007939399998576846,0.06218749999970896,0.001740399999107467,0.00046719999954802915,0.0002375999974901788,0.00030669999978272244,23412.1773446,0.07511250000243308
460,23412.1773493,0.0012577000015880913,0.0009351000007882249,0.0081343999991077,0.06543249999958789,0.0016988000024866778,0.000500300000567222,0.00030079999851295725,0.0002965000021504238,23412.2777208,0.10037150000061956
461,23412.2777303,0.0011864999978570268,0.0014184000028762966,0.007356199999776436,0.062155100000381935,0.001717099999950733,0.00044320000233710743,0.0002691000008780975,0.00032219999775406905,23412.3526647,0.07493439999961993
462,23412.3526692,0.0012482000020099804,0.0009360999974887818,0.007943200002046069,0.06566919999750098,0.0032412000000476837,0.00042240000038873404,0.00023720000172033906,0.000352700000803452,23412.4327877,0.08011849999820697
463,23412.4327927,0.0012538000009953976,0.0009524999986751936,0.008051199998590164,0.06347490000189282,0.0017238000000361353,0.00034619999860296957,0.0002289000003656838,0.00035910000224248506,23412.5092437,0.07645099999717786
464,23412.5092484,0.0012475000003178138,0.0009356000009574927,0.006923500000993954,0.0611159999971278,0.0013901000020268839,0.00029720000020461157,0.0001936999979079701,0.00032049999936134554,23412.5817229,0.07247449999704259
465,23412.5817269,0.0011313999966660049,0.0008772000001044944,0.006310499997198349,0.05994950000240351,0.0018491999981051777,0.00037739999970654026,0.00024339999799849465,0.00036689999978989363,23412.6529018,0.07117490000018734
466,23412.652907,0.001888600003439933,0.0009358999996038619,0.008536299999832409,0.06453210000108811,0.0015669999993406236,0.00033209999673999846,0.00021239999841782264,0.00032360000113840215,23412.7314546,0.07854760000191163
467,23412.7314588,0.0011279000027570873,0.0007932000007713214,0.007454200000211131,0.06286069999987376,0.0018854000009014271,0.00038639999911538325,0.00023689999943599105,0.0003507000001263805,23412.8066044,0.0751455999998143
468,23412.8066095,0.001268199997866759,0.0009465000002819579,0.008069600000453647,0.06218120000266936,0.0013139000002411194,0.0003972000013163779,0.00026650000290828757,0.00039960000140126795,23412.8815068,0.07489730000088457
469,23412.8815124,0.00123879999955534,0.0008342999972228426,0.008244900000136113,0.06087960000149906,0.0016881000010471325,0.00038920000224607065,0.00022949999765842222,0.0003361999988555908,23412.9554027,0.07389030000194907
470,23412.9554079,0.0011936000009882264,0.0009886999978334643,0.007928999999421649,0.06497909999961848,0.0014547000027960166,0.0004215000008116476,0.00023839999994379468,0.00034589999995660037,23413.0539971,0.09858919999896898
471,23413.0540064,0.0012033999992127065,0.0013957999981357716,0.00793820000035339,0.0623769000012544,0.0017100000004575122,0.0003850999964924995,0.00022360000002663583,0.00043480000022100285,23413.1297238,0.07571739999912097
472,23413.1297291,0.0013475999985530507,0.0011722999988705851,0.007955799999763258,0.0618596999993315,0.00163070000053267,0.00036380000165081583,0.00022280000121099874,0.000356700002157595,23413.2046962,0.07496709999759332
473,23413.2047012,0.0012384000001475215,0.0009597999996913131,0.006247499997698469,0.060072099997341866,0.001645799999096198,0.00037510000038309954,0.00023829999918234535,0.0003440999971644487,23413.2758708,0.07116959999984829
474,23413.2758758,0.0012330999998084735,0.0009290000016335398,0.007952500000101281,0.06229639999946812,0.0015966999999363907,0.0003628000013122801,0.00020339999900897965,0.0003813999974227045,23413.3508734,0.07499759999700473
475,23413.3508792,0.0016246000013779849,0.0010230999978375621,0.006142800000816351,0.0619862000021385,0.0019102000005659647,0.00039850000030128285,0.00023909999799798243,0.0002982000005431473,23413.4245528,0.07367359999989276
476,23413.4245579,0.0012330999998084735,0.0009348999992653262,0.007097900001099333,0.061988099998416146,0.0015376000010292046,0.00045790000149281695,0.00024029999985941686,0.0003285999991931021,23413.498424,0.07386609999957727
477,23413.4984288,0.001222099999722559,0.0009236000005330425,0.008168700001988327,0.06541740000102436,0.00168179999673157,0.00035940000088885427,0.00023090000104275532,0.0003555000002961606,23413.5768386,0.07840980000037234
478,23413.5768435,0.0013060000019322615,0.000939599998673657,0.008444800001598196,0.06238200000007055,0.0016533000016352162,0.0003983999995398335,0.0002473999993526377,0.00044640000123763457,23413.6527157,0.07587219999913941
479,23413.6527212,0.0012602999995579012,0.0009387999998580199,0.008176499999535736,0.06360739999945508,0.0014031999999133404,0.000305800000205636,0.0002085999985865783,0.00031970000054570846,23413.7289885,0.07626729999901727
480,23413.7289929,0.001734100002067862,0.0010148000001208857,0.009035900002345443,0.06594720000066445,0.0014498000018647872,0.00034589999995660037,0.00020979999681003392,0.000351099999534199,23413.828408,0.09941510000135168
481,23413.8284175,0.0013610999994853046,0.0015959000011207536,0.00684460000047693,0.061158299999078736,0.001392500002111774,0.00040240000089397654,0.0003786000015679747,0.00035760000173468143,23413.9019607,0.07354320000013104
482,23413.9019666,0.0013963999990664888,0.0007963999996718485,0.005912099997658515,0.06346399999893038,0.0012848000005760696,0.0003925000019080471,0.00025469999673077837,0.0003271999994467478,23413.9758433,0.07387670000025537
483,23413.9758485,0.0012738999976136256,0.0009312000001955312,0.008082000000285916,0.06341380000230856,0.0013099999996484257,0.00040950000038719736,0.00028329999986453913,0.00042360000225016847,23414.0520336,0.07618510000247625
484,23414.0520391,0.001289099996938603,0.0009738999979163054,0.007931600001029437,0.06382200000007288,0.0010333999998692889,0.0003541000005498063,0.0002554000020609237,0.0002916000012191944,23414.1280361,0.07599699999991572
485,23414.1280409,0.0012599000001500826,0.0008009000011952594,0.008167500000126893,0.06379500000184635,0.0012502999998105224,0.00037850000080652535,0.000252800000453135,0.0003150999982608482,23414.2043096,0.0762687000024016
486,23414.2043146,0.0012390000010782387,0.0009530999996059109,0.008057999999437016,0.06474350000280538,0.0012628000004042406,0.00034899999809567817,0.00025019999884534627,0.0003026000013051089,23414.2815199,0.07720530000005965
487,23414.2815252,0.0012344999995548278,0.0009394000007887371,0.007849000001442619,0.06511899999895832,0.0010053000005427748,0.00026869999783230014,0.0002037999984167982,0.00030669999978272244,23414.3584999,0.07697470000130124
488,23414.358505,0.0012662000008276664,0.0009377999995194841,0.007793200002197409,0.06454129999838187,0.0009320999997726176,0.0002342000007047318,0.00015179999900283292,0.00029010000071139075,23414.4346934,0.07618839999850024
489,23414.4346984,0.001406300001690397,0.0010212999986833893,0.008108099998935359,0.06312729999990552,0.0016261000018857885,0.0002897000013035722,0.0001567999970575329,0.00029880000147386454,23414.51079,0.07609159999992698
490,23414.5107953,0.0012630999990506098,0.0009654000023147091,0.008205999998608604,0.06311990000176593,0.0014018000001669861,0.0003600000018195715,0.00028469999961089343,0.00027520000003278255,23414.6084462,0.09765089999928023
491,23414.6084554,0.0012132000010751653,0.0014534999972966034,0.007979000001796521,0.060536299999512266,0.002222200000687735,0.00037199999860604294,0.00024679999842192046,0.00030309999783639796,23414.6828577,0.0744023000006564
492,23414.6828629,0.001990000000660075,0.0009500999985903036,0.008901099998183781,0.06473460000052,0.0015351000001828652,0.00040209999860962853,0.00023800000053597614,0.0002975999996124301,23414.7619803,0.07911740000054124
493,23414.761985,0.0012509999978647102,0.000937000000703847,0.008104500000627013,0.0654967000009492,0.0016176000026462134,0.00042970000140485354,0.0002603999964776449,0.00033260000054724514,23414.8405671,0.0785820999990392
494,23414.8405721,0.0012387000024318695,0.0009372999993502162,0.007936500001960667,0.06400600000051782,0.0016310999999404885,0.00042219999886583537,0.00024929999926825985,0.0003414999991946388,23414.917397,0.0768248999993375
495,23414.9174019,0.0012806999984604772,0.00094600000011269,0.008088099999440601,0.06293260000165901,0.0013199999993958045,0.00037760000122943893,0.00024679999842192046,0.00028169999859528616,23414.9929365,0.07553460000053747
496,23414.9929416,0.001230300000315765,0.0009337999981653411,0.008079499999439577,0.06284230000164825,0.0013484000010066666,0.0004174999994575046,0.0002440999996906612,0.00032169999758480117,23415.0684175,0.07547589999740012
497,23415.0684224,0.0014642000023741275,0.0010747000014816877,0.00810039999851142,0.06579190000047674,0.00144180000279448,0.0004121000019949861,0.0002457000009599142,0.0002994999995280523,23415.1473127,0.07889029999932973
498,23415.1473178,0.0012829000006604474,0.0009457000014663208,0.008249000002251705,0.06381700000201818,0.0014943999995011836,0.0004436999988683965,0.0002486000012140721,0.0002913000025728252,23415.22414,0.07682219999696827
499,23415.2241451,0.0012018999987049028,0.0009371000014652964,0.007961600000271574,0.0630137999978615,0.0012152000017522369,0.00029439999707392417,0.00019630000315373763,0.0003352999992785044,23415.2993383,0.0751931999984663
500,23415.2993426,0.0013094999994791579,0.0012762000005750451,0.007282499998837011,0.06286589999945136,0.0014603000017814338,0.000361700000212295,0.00021719999858760275,0.00031630000012228265,23415.3952165,0.09587390000160667
501,23415.3952264,0.0013185000025259797,0.0014358000007632654,0.007676199998968514,0.06217879999894649,0.001624900000024354,0.0004245999989507254,0.00027550000231713057,0.00042720000055851415,23415.4706385,0.0754120999990846
502,23415.4706431,0.0012406999994709622,0.0009915000009641517,0.00794329999916954,0.062225499998021405,0.001616400000784779,0.00035969999953522347,0.0002243999988422729,0.0003490999988571275,23415.5456399,0.07499679999818909
503,23415.5456448,0.0012747000000672415,0.0009484000001975801,0.00796950000221841,0.06272600000011153,0.0015544999987469055,0.00046859999929438345,0.0002787000012176577,0.00035660000139614567,23415.6212811,0.07563630000004196
504,23415.6212866,0.0012608999968506396,0.0010384000015619677,0.00922569999966072,0.06001310000283411,0.0014467000000877306,0.00033149999944726005,0.00021429999833344482,0.00031600000147591345,23415.6951731,0.07388650000211783
505,23415.6951773,0.0020488000009208918,0.0008357000006071758,0.008358399998542154,0.060352699998475146,0.0015003000007709488,0.0003283000005467329,0.00019800000154646114,0.0003084999989368953,23415.7691543,0.0739770000000135
506,23415.7691583,0.0013792999998258892,0.001430100001016399,0.009124799998971866,0.062283400002343114,0.00109359999987646,0.00037309999970602803,0.0003481999992800411,0.00029210000138846226,23415.8457642,0.07660589999795775
507,23415.8457701,0.0012817999995604623,0.0009303000006184448,0.008319800002936972,0.0647123000017018,0.0013010999973630533,0.0004530000005615875,0.000261799999861978,0.0002874000019801315,23415.9233764,0.0776062999975693
508,23415.9233815,0.0012263000025996007,0.0009461999979976099,0.008141199999954551,0.06663779999871622,0.0012253999993845355,0.0003536000003805384,0.0002474000029906165,0.00030329999935929663,23416.0025247,0.07914320000054431
509,23416.0025298,0.0013269000010041054,0.0009829000009631272,0.008139899997331668,0.06552530000044499,0.002723800000239862,0.00043310000182827935,0.0002471000007062685,0.00029229999927338213,23416.0822746,0.0797448000012082
510,23416.0822794,0.001229800000146497,0.0009387999998580199,0.008141300000716,0.06747790000008536,0.00173220000215224,0.00044180000259075314,0.0002829000004567206,0.00029319999885046855,23416.1831764,0.10089700000025914
511,23416.1831851,0.0014449000009335577,0.0014823999990767334,0.008377399997698376,0.06193100000018603,0.0012682999986282084,0.00038390000190702267,0.00025969999842345715,0.0003116000007139519,23416.2587062,0.07552109999960521
512,23416.2587112,0.001249700002517784,0.000934299998334609,0.007537199999205768,0.06358129999716766,0.0010277000001224224,0.00039449999894713983,0.0002392999995208811,0.000305499997921288,23416.3340339,0.07532269999865093
513,23416.3340392,0.0012458999990485609,0.0009313000009569805,0.00827700000081677,0.06075330000021495,0.0014118999970378354,0.00040779999835649505,0.00025630000163801014,0.0003144000002066605,23416.4076962,0.07365700000082143
514,23416.4077013,0.0012436999968485907,0.000929600002564257,0.007982499999343418,0.0632076000001689,0.0022175000012794044,0.0004396999975142535,0.000258100000792183,0.0003036999987671152,23416.4843508,0.07664950000253157
515,23416.4843557,0.0012203000005683862,0.0009260000006179325,0.007994499999767868,0.06015069999921252,0.002422999998088926,0.0004969000001437962,0.00035879999995813705,0.00030169999809004366,23416.5583365,0.07398079999984475
516,23416.5583424,0.0012421999999787658,0.0009530999996059109,0.008006899999600137,0.06488360000003013,0.0010900000015681144,0.0003987000018241815,0.00024329999723704532,0.0003832000002148561,23416.6356118,0.07726940000065952
517,23416.6356164,0.001184699998702854,0.0009213000012096018,0.008058799998252653,0.06737830000201939,0.002446599999530008,0.00046639999709441327,0.00026020000223070383,0.00032050000299932435,23416.7167289,0.08111250000001746
518,23416.7167338,0.002153800000087358,0.0009635999995225575,0.009160699999483768,0.06531330000143498,0.0018718999999691732,0.0004250999991199933,0.00026059999800054356,0.00031269999817595817,23416.7972693,0.08053550000113319
519,23416.7972745,0.0012824000004911795,0.0009558999990986194,0.008213600001909072,0.06604149999839137,0.002360499998758314,0.0004670999987865798,0.0002486000012140721,0.00031690000105299987,23416.8773504,0.08007589999760967
520,23416.877355,0.0012466000007407274,0.0009449999997741543,0.007993400002305862,0.06448689999888302,0.0016251999986707233,0.00047540000014123507,0.00032479999936185777,0.0003155999984301161,23416.9776641,0.10030909999841242
521,23416.9776783,0.0012395999983709771,0.0014960999978939071,0.008109300000796793,0.06321920000118553,0.0016636000000289641,0.0003488000002107583,0.00023570000121253543,0.0003695999985211529,23417.0544292,0.07675089999975171
522,23417.0544345,0.0013084000020171516,0.0009849999987636693,0.007959499998833053,0.06403770000179065,0.0015277999991667457,0.0003744999994523823,0.00023770000188960694,0.0003791999988607131,23417.1313016,0.07686709999688901
523,23417.1313064,0.0012422999971022364,0.0009334000023955014,0.007969499998580432,0.06091300000116462,0.0016948000011325348,0.00035519999801181257,0.00023050000163493678,0.0003816999997070525,23417.2050854,0.07377900000210502
524,23417.20509,0.0012761999969370663,0.0009362999990116805,0.008025999999517808,0.06370740000056685,0.001657699998759199,0.0003804000007221475,0.0002376000011281576,0.00035879999995813705,23417.2817364,0.07664640000075451
525,23417.2817416,0.001243300001078751,0.0009384000004502013,0.007716700001765275,0.06332320000001346,0.0017481999966548756,0.0003909999977622647,0.00023400000281981193,0.00036919999911333434,23417.357773,0.07603139999991981
526,23417.3577783,0.0013134000000718515,0.0009305000021413434,0.007942299998831004,0.0622241999990365,0.0017044999985955656,0.00037040000097476877,0.00025150000146823004,0.0003832000002148561,23417.4329583,0.07517999999981839
527,23417.432963,0.0012481999983720016,0.0009422999974049162,0.007875799998146249,0.06249559999923804,0.001825999999709893,0.0003432000012253411,0.00023259999943547882,0.0003670999976748135,23417.5083571,0.07539410000026692
528,23417.5083628,0.0013627000007545575,0.0010111999981745612,0.007266100001288578,0.06200639999951818,0.0018014999986917246,0.00041280000004917383,0.00022340000214171596,0.00037289999818312936,23417.5828792,0.07451639999999315
529,23417.5828841,0.001247300002432894,0.0009344999998575076,0.008058200000959914,0.06308359999820823,0.0018640000016603153,0.0003844999991997611,0.0002358999990974553,0.0003605999991123099,23417.6591118,0.07622769999943557
530,23417.6591167,0.0012659999993047677,0.0009398000001965556,0.007675100001506507,0.06509030000233906,0.001786800003173994,0.00041009999767993577,0.00023580000197398476,0.00036440000258153304,23417.7594624,0.10034570000061649
531,23417.7594736,0.0022164000001794193,0.001410000000760192,0.00839550000091549,0.06281259999741451,0.0018228000008093659,0.0004211000014038291,0.00021429999833344482,0.0003971999976783991,23417.8372237,0.0777501000011398
532,23417.8372286,0.001419800002622651,0.001035799999954179,0.009356600003229687,0.06680000000051223,0.0018693999991228338,0.00044359999810694717,0.00023630000214325264,0.00034890000097220764,23417.918983,0.08175439999831724
533,23417.9189878,0.0012442000006558374,0.0008756999995966908,0.008161400000972208,0.05925040000147419,0.001578800001880154,0.0003512999974191189,0.00023320000036619604,0.00039539999852422625,23417.9911429,0.07215509999878122
534,23417.9911472,0.0013040999983786605,0.0009637999974074773,0.008034099999349564,0.06408020000162651,0.0018460999999660999,0.00047249999988707714,0.0002316999998583924,0.0004726000006485265,23418.0686185,0.07747130000279867
535,23418.0686288,0.001325699999142671,0.0011945000005653128,0.008184800000890391,0.06316230000084033,0.0017181000002892688,0.0003804000007221475,0.00022529999841935933,0.00035339999885763973,23418.1452339,0.07660509999914211
536,23418.1452383,0.0012583000025188085,0.0009414999985892791,0.007093500000337372,0.06269270000120741,0.0017815999999584164,0.00037149999843677506,0.00023919999875943176,0.00035040000148001127,23418.2200275,0.07478919999994105
537,23418.2200324,0.001248100001248531,0.0009926999991876073,0.0076991999994788785,0.0647266000014497,0.001882699998532189,0.00043369999912101775,0.000234800001635449,0.0003391999998711981,23418.2976481,0.07761570000002393
538,23418.2976528,0.001286499998968793,0.0009462000016355887,0.008005300001968862,0.06311060000007274,0.0020189999995636754,0.0004989000008208677,0.00025150000146823004,0.00044490000072983094,23418.3742846,0.07663179999872227
539,23418.3742899,0.0012798000025213696,0.0009431999969820026,0.007903199999418575,0.06158309999955236,0.0017960999975912273,0.00037290000182110816,0.00022249999892665073,0.00034560000131023116,23418.4487952,0.07450530000278377
540,23418.4488003,0.0012415999990480486,0.0009391999992658384,0.007718700002442347,0.07287530000030529,0.0019523000009940006,0.0004454000008990988,0.00027719999707187526,0.0003972000013163779,23418.5588965,0.11009619999822462
541,23418.5589071,0.00137400000312482,0.001662999999098247,0.008951799998612842,0.07524449999982608,0.0019309999988763593,0.0004177000009804033,0.00023689999943599105,0.0003561999983503483,23418.6491485,0.09024140000110492
542,23418.6491533,0.0012430000024323817,0.0009376000016345643,0.007980799997312715,0.06163649999871268,0.0011726999982784037,0.00039229999674716964,0.00046320000183186494,0.0004852999991271645,23418.7235369,0.07438360000014654
543,23418.7235418,0.0012238000017532613,0.0009994000029109884,0.007995699997991323,0.06400969999958761,0.0034048999987135176,0.0004740999975183513,0.00023770000188960694,0.0003456999984337017,23418.8022982,0.07875640000202111
544,23418.802303,0.00214609999966342,0.0009371000014652964,0.009128099998633843,0.0634332000008726,0.001551199999084929,0.00033819999953266233,0.0002204000011261087,0.00033629999961704016,23418.8804561,0.07815309999932651
545,23418.880461,0.0012984999993932433,0.001397300002281554,0.008227300000726245,0.06337659999917378,0.0018922000017482787,0.00045309999768505804,0.0003744000023289118,0.00042329999996582046,23418.9581994,0.07773839999936172
546,23418.958206,0.0012773000016750302,0.0011589000023377594,0.008013299997401191,0.06218540000190842,0.0017388000014761928,0.00039430000106221996,0.00022519999765791,0.000374399998690933,23419.0336352,0.07542920000196318
547,23419.0336415,0.0016083000009530224,0.001288900002691662,0.007262999999511521,0.06398840000110795,0.00250410000080592,0.00044460000208346173,0.0002426999999443069,0.0004229000005580019,23419.1114628,0.07782130000123288
548,23419.1114684,0.001256300001841737,0.0009442000009585172,0.00799669999832986,0.062491799999406794,0.001498199999332428,0.0003561000012268778,0.00018940000154543668,0.0003203999985998962,23419.1865646,0.07509620000200812
549,23419.1865691,0.001085100000636885,0.0009250000002793968,0.008398100002523279,0.06208709999918938,0.0018620999981067143,0.0004092999988642987,0.00022460000036517158,0.0003532999980961904,23419.2619741,0.07540500000322936
550,23419.2619787,0.0012365000002318993,0.0009554999996908009,0.007620200001838384,0.06247289999737404,0.0016582000025664456,0.0004866999988735188,0.00023040000087348744,0.0003159000007144641,23419.3576369,0.0956581999998889
551,23419.3576449,0.0013042999999015592,0.0012638000007427763,0.007960600003571017,0.06168650000108755,0.0020345999982964713,0.0004521999981079716,0.00023010000222711824,0.0003538000019034371,23419.4329915,0.07534660000237636
552,23419.4329961,0.0012454000025172718,0.0009523999979137443,0.008109400001558242,0.06206759999986389,0.0020140000015089754,0.00040609999996377155,0.00023499999952036887,0.00035659999775816686,23419.508443,0.07544689999849652
553,23419.508448,0.001257100000657374,0.0009654999994381797,0.007992900002136594,0.061327799998252885,0.0018091000019921921,0.0004171999971731566,0.0002379000034125056,0.00036210000325809233,23419.5828786,0.07443059999786783
554,23419.5828834,0.0012449999994714744,0.0009363999997731298,0.00809819999994943,0.06088310000268393,0.0018821000012394506,0.0004126999992877245,0.0002227000004495494,0.0003440000000409782,23419.6569665,0.07408310000027996
555,23419.6569718,0.0013682999997399747,0.0009829000009631272,0.007986100001289742,0.06308480000006966,0.001594099998328602,0.0003426000002946239,0.0001928000019688625,0.0003189000017300714,23419.732896,0.07592420000219136
556,23419.7329007,0.0013948000014352147,0.0011999000016658101,0.00680110000030254,0.061477899998862995,0.0021587000010185875,0.0004186000005574897,0.00022679999892716296,0.00035760000173468143,23419.8070065,0.07410579999850597
557,23419.8070112,0.0022691999984090216,0.0009429000019736122,0.006841700000222772,0.06354859999919427,0.0017487000004621223,0.0004231999992043711,0.00023810000129742548,0.00035289999868837185,23419.8834378,0.07642660000055912
558,23419.8834431,0.0012871999970229808,0.0009538000012980774,0.009061200002179248,0.0628870000000461,0.001901499999803491,0.0003797000026679598,0.0002407000029052142,0.0003490999988571275,23419.9607617,0.07731860000058077
559,23419.9607664,0.0012459999998100102,0.0009221000000252388,0.008022699999855831,0.06409490000078222,0.0019164999976055697,0.00043539999751374125,0.00022300000273389742,0.000347400000464404,23420.0380407,0.07727430000159075
560,23420.0380454,0.0012618000000657048,0.0009909000000334345,0.007305600000108825,0.06288839999979245,0.001879300001746742,0.00040439999793306924,0.00022569999782717787,0.00035480000224197283,23420.1358321,0.09778670000014245
561,23420.1358422,0.0012342999980319291,0.001399900000251364,0.006535900000017136,0.0623115999987931,0.0018648000004759524,0.0004135999988648109,0.00022460000036517158,0.000350799997249851,23420.210247,0.07440479999786476
562,23420.2102521,0.001246800002263626,0.0009876999974949285,0.007710499998211162,0.06241080000108923,0.0018249999993713573,0.0003920999988622498,0.00022200000239536166,0.00035879999995813705,23420.2854651,0.07521300000007614
563,23420.2854702,0.001259199998457916,0.0009389999977429397,0.007820699996955227,0.06221670000013546,0.002190900002460694,0.0004174999994575046,0.00023979999969014898,0.00037569999767583795,23420.3609974,0.0755271999987599
564,23420.3610024,0.0012698999998974614,0.0009400999988429248,0.006468199997470947,0.06158329999743728,0.001948400000401307,0.0004033999975945335,0.0002319999985047616,0.0003772000018216204,23420.4342792,0.0732767999979842
565,23420.4342839,0.0012238000017532613,0.0009475000006204937,0.008029000000533415,0.06325280000237399,0.001858600000559818,0.0003887999992002733,0.00023800000053597614,0.0003586999991966877,23420.5106397,0.07635580000351183
566,23420.5106449,0.001271400000405265,0.0009862000006251037,0.007979999998497078,0.06418050000138464,0.0032460999973409344,0.0004690000023401808,0.000234499999351101,0.00037180000072112307,23420.5894522,0.07880730000033509
567,23420.5894572,0.0013543000022764318,0.0011607000014919322,0.008311800000228686,0.06401570000161882,0.003555299997969996,0.0004879000007349532,0.0002088999972329475,0.00034720000257948413,23420.6689582,0.07950100000016391
568,23420.668963,0.0012213999980303925,0.0015235999999276828,0.007927800001198193,0.0630185000009078,0.0009854000018094666,0.0003124999966530595,0.00040579999767942354,0.0003606999998737592,23420.7447677,0.07580469999811612
569,23420.7447729,0.001257299998542294,0.0009558999990986194,0.007886100000177976,0.06577420000030543,0.0014483000013569836,0.0004679000012401957,0.0004253999977663625,0.00035059999936493114,23420.8234194,0.07864649999828544
570,23420.8234251,0.0024128000004566275,0.0010431000009702984,0.006905999998707557,0.06457489999957033,0.000921900002140319,0.00024110000231303275,0.00017759999900590628,0.0003193000011378899,23420.9218214,0.09839629999987665
571,23420.9218314,0.0012463999992178287,0.0014539999974658713,0.008637800001451978,0.06354250000003958,0.000816399999166606,0.00023670000155107118,0.00013929999840911478,0.0002868000010494143,23420.9984015,0.07657010000184528
572,23420.9984063,0.0011932999987038784,0.0009315999996033497,0.00794569999925443,0.06421580000096583,0.001670199999352917,0.00043960000039078295,0.0003943999981856905,0.0003443000023253262,23421.0756152,0.077208899998368
573,23421.0756215,0.0013055000017629936,0.0009581999984220602,0.00804229999994277,0.06586459999743965,0.0018108000003849156,0.00038860000131535344,0.0002499999973224476,0.00035650000063469633,23421.1546464,0.07902489999833051
574,23421.1546509,0.001242000002093846,0.0009218999985023402,0.007922999997390434,0.06330940000043483,0.0017329999973298982,0.0003710999990289565,0.0002362000013818033,0.000398300002416363,23421.2308362,0.07618530000036117
575,23421.2308411,0.0013419999995676335,0.0009886999978334643,0.008073199998761993,0.06273750000036671,0.0010032999998657033,0.00041289999717264436,0.00024169999960577115,0.00030980000155977905,23421.3059947,0.0751535999988846
576,23421.3059994,0.0013135000008333009,0.0012495999981183559,0.008287399999971967,0.064863300001889,0.001040299997839611,0.0003065000018978026,0.00019880000036209822,0.0003145000009681098,23421.3836205,0.07762110000112443
577,23421.3836246,0.001172000000224216,0.001019100000121398,0.006006300001899945,0.08447410000007949,0.0014813999987381976,0.0004785999990417622,0.0003175999991071876,0.0004135999988648109,23421.4790503,0.09542570000121486
578,23421.4790557,0.0013972000015201047,0.0011937000017496757,0.009377599999425001,0.06986590000087745,0.0009821999992709607,0.00031149999995250255,0.00019920000340789557,0.00032699999792384915,23421.5627492,0.08369349999702536
579,23421.5627535,0.0011144000018248335,0.0007924000019556843,0.005954300002485979,0.06205000000045402,0.0022992999984126072,0.0004039999985252507,0.0002569999996921979,0.00028840000231866725,23421.6359589,0.0732054000000062
580,23421.635963,0.0012570999970193952,0.0009758000014699064,0.006794599998102058,0.06347079999977723,0.0012638000007427763,0.0005148999989614822,0.0003252000024076551,0.00035940000088885427,23421.7333919,0.09742890000052284
581,23421.7334025,0.0012381000015011523,0.0013988999999128282,0.008049899999605259,0.06240009999964968,0.0011778999978560023,0.00042249999751220457,0.00026480000087758526,0.0003203999985998962,23421.8087259,0.0753234000003431
582,23421.8087311,0.0014675999991595745,0.0009872000009636395,0.00803260000247974,0.06531460000041989,0.001326800000242656,0.0004164000019954983,0.0002420999990135897,0.00031680000029155053,23421.8868808,0.07814969999890309
583,23421.8868859,0.0018318999973416794,0.0009481000015512109,0.008323400001245318,0.062457399999402696,0.0015416999995068181,0.00041430000055697747,0.0002542000001994893,0.000307099999190541,23421.9630198,0.07613390000187792
584,23421.9630248,0.0012580000002344605,0.0009324999991804361,0.008521900002961047,0.06543969999984256,0.0014018000001669861,0.00037909999809926376,0.00023039999723550864,0.00035790000038105063,23422.0416774,0.0786526000010781
585,23422.041682,0.0014975000012782402,0.0009983000018110033,0.008088599999609869,0.06260309999925084,0.0014480999998340849,0.00037140000131330453,0.00023300000248127617,0.0003770000002987217,23422.1173449,0.07566290000249865
586,23422.1173497,0.0012596000015037134,0.0009365999976580497,0.007740000000922009,0.06378010000116774,0.0017092000016418751,0.00038889999996172264,0.0002373000024817884,0.0003713999976753257,23422.1938286,0.07647889999861945
587,23422.1938335,0.0012403000000631437,0.000855099999171216,0.005868399999599205,0.06534520000059274,0.0016945000024861656,0.0003777999991143588,0.00023050000163493678,0.0003446000009716954,23422.2698353,0.0760018000000855
588,23422.2698401,0.0013575999983004294,0.0009437000007892493,0.007987400000274647,0.0610804999996617,0.001468600003136089,0.0005345999998098705,0.0003800999984377995,0.00038520000089192763,23422.34405,0.07420989999809535
589,23422.3440561,0.0014441000021179207,0.0009396999994351063,0.007917300001281546,0.06294750000233762,0.001542999998491723,0.00038920000224607065,0.00023599999985890463,0.00032860000283108093,23422.4198471,0.07579100000293693
590,23422.4198517,0.0013005000000703149,0.0016085999995993916,0.008331300003192155,0.06486729999960517,0.0016068999975686893,0.00036810000165132806,0.0002100000019709114,0.000477999998111045,23422.5184845,0.09863279999990482
591,23422.5184949,0.0012839999981224537,0.001219199999468401,0.006054099998436868,0.06037490000016987,0.0016998000028252136,0.0004033999975945335,0.00022790000002714805,0.0003544999999576248,23422.5901707,0.07167580000168527
592,23422.5901759,0.0012439000020094682,0.0009341000004496891,0.007997699998668395,0.061746600000333274,0.0014633999999205116,0.00038469999708468094,0.00020120000044698827,0.0002889000024879351,23422.6644762,0.07430029999886756
593,23422.664482,0.0011186000010638963,0.0008333000005222857,0.0059762999990198296,0.060159599997859914,0.0015013000011094846,0.0003625999997893814,0.00024299999859067611,0.00032310000096913427,23422.7350447,0.07056269999884535
594,23422.7350494,0.0013059999982942827,0.001396200001181569,0.007461700002750149,0.05859029999919585,0.0015800000001036096,0.0003719000014825724,0.00022669999816571362,0.00035180000122636557,23422.8063899,0.07134050000240677
595,23422.8063948,0.0013161999995645601,0.0009253999996872153,0.00781029999780003,0.06325800000195159,0.0011664999983622693,0.0002869000018108636,0.0001951000012923032,0.00031209999724524096,23422.8817038,0.07530899999983376
596,23422.881708,0.0011204000002180692,0.0008181000011973083,0.005861599998752354,0.061898700001620455,0.0015219999986584298,0.00037000000156695023,0.00023860000146669336,0.00036249999902793206,23422.9539532,0.07224520000090706
597,23422.9539581,0.0021190999977989122,0.0009456000007048715,0.008221000000048662,0.06405529999756254,0.001591199998074444,0.0004157999974268023,0.0002375999974901788,0.0003352999992785044,23423.0319408,0.07798270000057528
598,23423.0319457,0.0013077999974484555,0.0010068000010505784,0.008863800001563504,0.06514550000065356,0.0026108000020030886,0.00047559999802615494,0.0002351000002818182,0.0004229000005580019,23423.1122635,0.08031779999873834
599,23423.1122695,0.0012465999971027486,0.0009386000019731,0.008021500001632376,0.06395030000203406,0.0014420999978028703,0.00034640000012586825,0.00019279999833088368,0.00030959999639890157,23423.1887573,0.07648779999726685
600,23423.1887614,0.0012918000029458199,0.0014465999993262812,0.00847319999957108,0.06439559999853373,0.001390400000673253,0.00043619999996735714,0.00025009999808389693,0.0003122000016446691,23423.2871211,0.09835969999767258
601,23423.2871306,0.0012701999985438306,0.0012038999993819743,0.007641000000148779,0.0588833000001614,0.0014449999980570283,0.00035149999894201756,0.00020399999993969686,0.0003074999985983595,23423.3584796,0.07134899999800837
602,23423.3584837,0.001153500001237262,0.0008458000011160038,0.007627600003615953,0.06273979999969015,0.0016990000003715977,0.00040950000038719736,0.00023519999740528874,0.0003434000027482398,23423.433596,0.0751122999972722
603,23423.4336008,0.001284099998883903,0.0009438000015506987,0.008389300000999356,0.06892030000017257,0.002173599998059217,0.000473000000056345,0.00023640000290470198,0.00037789999987580813,23423.5164689,0.08286810000208789
604,23423.5164737,0.001328400001511909,0.0010027000025729649,0.008379700000659795,0.071017700000084,0.002014599998801714,0.00044219999836059287,0.00026160000197705813,0.0004014999976789113,23423.6013919,0.0849181999983557
605,23423.6013975,0.0014453000003413763,0.001138899999205023,0.008947999998781597,0.0627208999976574,0.0014615000000048894,0.00041229999987990595,0.00023119999968912452,0.00037879999945289455,23423.6781932,0.07679570000254898
606,23423.678198,0.0013913000002503395,0.0010623000016494188,0.008259500002168352,0.06290269999954035,0.0013092999979562592,0.00034840000080293976,0.00023409999994328246,0.00034860000232583843,23423.7541026,0.07590459999846644
607,23423.7541075,0.0012480000004870817,0.0009352000015496742,0.007649299997865455,0.06514869999955408,0.0014951000011933502,0.0004155999995418824,0.00024170000324374996,0.00034450000021024607,23423.8316332,0.07752569999865955
608,23423.8316386,0.0012424000015016645,0.0009424999989278149,0.0080883000009635,0.06590700000015204,0.0017736000008881092,0.0004227999997965526,0.0002268999996886123,0.0003462999993644189,23423.9106362,0.07899759999781963
609,23423.910641,0.0020977999993192498,0.0010738999990280718,0.0081876000003831,0.06279150000045775,0.0015123999983188696,0.0004107000022486318,0.00023249999867402948,0.00034450000021024607,23423.9873408,0.07669979999991483
610,23423.9873457,0.001392999998643063,0.0009537000005366281,0.009405100001458777,0.06422089999978198,0.0011811000003945082,0.0003555000002961606,0.0002224000018031802,0.0003206000001227949,23424.0856002,0.09825450000062119
611,23424.0856115,0.0013239999971119687,0.0015497999993385747,0.008109099999273894,0.06390330000067479,0.0014085000002523884,0.0004182999982731417,0.00020839999706367962,0.00040639999861014076,23424.1631715,0.07756000000154017
612,23424.1631768,0.0012894999999844003,0.0009291999995184597,0.007993200000782963,0.0646541000023717,0.0012089000010746531,0.0003412000005482696,0.0001990000018849969,0.0003442999986873474,23424.2401892,0.07701240000096732
613,23424.2401941,0.0013319999998202547,0.0009694000000308733,0.006921899999724701,0.06687800000145216,0.001536100000521401,0.0003892999993695412,0.00024019999909796752,0.00041200000123353675,23424.3189285,0.07873440000184928
614,23424.3189335,0.0013491000026988331,0.0009757000007084571,0.008290000001579756,0.06433889999971143,0.0014974999976402614,0.0003763999993680045,0.00022739999985788018,0.00042780000148923136,23424.3964632,0.07752970000001369
615,23424.3964683,0.0012892999984615017,0.0009481000015512109,0.00795060000018566,0.06261860000086017,0.001048499998432817,0.00030310000147437677,0.0001961999987543095,0.0003084999989368953,23424.47117,0.074701699999423
616,23424.4711746,0.0011253999982727692,0.0008084999972197693,0.008346999999048421,0.0637538000009954,0.0014700000028824434,0.00036240000190446153,0.00023190000138129108,0.0003609000013966579,23424.5476809,0.07650629999989178
617,23424.5476857,0.001266100000066217,0.0009655000030761585,0.007996600001206389,0.06590539999888279,0.0015949999979056884,0.00039110000216169283,0.0002330999996047467,0.00036130000080447644,23424.626447,0.07876129999931436
618,23424.6264519,0.0012395999983709771,0.0009298999975726474,0.008202900000469526,0.05808719999913592,0.001579600000695791,0.0004119000004720874,0.00024199999825214036,0.00033649999750196,23424.6975335,0.07108159999916097
619,23424.6975384,0.0011015999989467673,0.0007990999984031077,0.005929199996899115,0.06067849999817554,0.0012154000032751355,0.0003219999998691492,0.0002227000004495494,0.0003423000016482547,23424.7681886,0.0706501999993634
620,23424.7681927,0.0013342999991436955,0.0012112000003980938,0.008021199999348028,0.06532529999822145,0.0014555999987351242,0.0004174999994575046,0.00023349999901256524,0.0003704999980982393,23424.8687116,0.10051889999886043
621,23424.8687211,0.0012234999994689133,0.0014024000010977034,0.00798429999849759,0.065735100000893,0.002265600000100676,0.00035089999801130034,0.0002007000002777204,0.0003350000006321352,23424.9482649,0.07954379999864614
622,23424.9482693,0.001736700000037672,0.0009401999996043742,0.00864450000153738,0.06468960000347579,0.0015714000001025852,0.0003727000002982095,0.00023660000078962184,0.0003696999992826022,23425.0268761,0.07860680000158027
623,23425.0268811,0.0012858000009146053,0.0009497999999439344,0.008223299999372102,0.06390000000101281,0.0029393000004347414,0.00047930000073392875,0.00022979999994277023,0.0003611000029195566,23425.1053071,0.07842600000003586
624,23425.1053121,0.0012561000003188383,0.0009444999996048864,0.007778699997288641,0.06364639999810606,0.0015077999996719882,0.00036750000072061084,0.00025649999952293,0.0003741999971680343,23425.1816684,0.07635630000004312
625,23425.1816731,0.0012123999986215495,0.0009419000016350765,0.008070600000792183,0.06332929999916814,0.0018067999990307726,0.0003749999996216502,0.0001979000007850118,0.0003187000002071727,23425.257969,0.07629589999851305
626,23425.2579735,0.0011169999997946434,0.0007968999998411164,0.007282299997314112,0.062458099997456884,0.0020201000006636605,0.0003909999977622647,0.00023890000011306256,0.0003710999990289565,23425.332701,0.07472749999942607
627,23425.3327059,0.0012524999983725138,0.0009361999982502311,0.008051400000113063,0.06928010000046925,0.002193799999076873,0.0005050999970990233,0.0001992999968933873,0.0003195999997842591,23425.4155003,0.08279440000114846
628,23425.4155045,0.001303699998970842,0.0011871999995491933,0.00818029999936698,0.06274029999985942,0.0023682999999437016,0.00042380000013508834,0.0002542000001994893,0.00036779999936698005,23425.4924061,0.07690159999765456
629,23425.4924113,0.0012640999993891455,0.0009398000001965556,0.008010400000785012,0.0637998999991396,0.001311700001679128,0.00038869999843882397,0.000278499999694759,0.00030890000198269263,23425.5687729,0.07636159999674419
630,23425.5687776,0.0012908999997307546,0.0009659999996074475,0.00798670000222046,0.06602339999881224,0.0011732000020856503,0.0004309999967517797,0.0003226999979233369,0.00035849999767378904,23425.6691271,0.10034950000044773
631,23425.6691372,0.0012147999987064395,0.0014331000020320062,0.007757699997455347,0.06243929999982356,0.001693800000793999,0.0004650999981095083,0.0002902999985963106,0.00033679999978630804,23425.7448463,0.0757091000014043
632,23425.7448518,0.0012725999986287206,0.001137600000220118,0.008273200000985526,0.06404580000162241,0.0015644000013708137,0.0004654000003938563,0.00025779999850783497,0.00032080000164569356,23425.8222377,0.07738590000008116
633,23425.8222426,0.0012498000032792334,0.0009470000004512258,0.008065599999099504,0.06489680000231601,0.0016639000023133121,0.0003829000015684869,0.00028920000113430433,0.0002899999999499414,23425.9000813,0.07783869999911985
634,23425.9000868,0.001264999998966232,0.000790399997640634,0.0059494999986782204,0.06423410000206786,0.0016734999990148935,0.00041399999827262945,0.00024850000045262277,0.0003243000028305687,23425.9750305,0.07494370000131312
635,23425.9750353,0.0016853999986778945,0.0009336000002804212,0.008226599999034079,0.06325430000288179,0.0018983000009029638,0.00035740000021178275,0.00023270000019692816,0.00036410000029718503,23426.0520336,0.07699829999910435
636,23426.0520382,0.0012759999990521464,0.0009637000002840068,0.006482000000687549,0.06311290000303416,0.001058599998941645,0.00025749999986146577,0.00014039999950909987,0.00028789999851142056,23426.1256598,0.07362160000047879
637,23426.1256651,0.001242000002093846,0.0009410999991814606,0.00809790000130306,0.06448789999922155,0.0009589000001142267,0.0002266000010422431,0.00013819999730912969,0.0002755999994406011,23426.2021436,0.07647849999921164
638,23426.2021488,0.0012088999974366743,0.0009371000014652964,0.00803020000239485,0.06481159999748343,0.0015753999978187494,0.0004442999997991137,0.0002553999984229449,0.0003051000021514483,23426.2797639,0.07761509999909322
639,23426.2797684,0.0015951000023051165,0.0012939999978698324,0.00847079999948619,0.06282879999707802,0.0009258999998564832,0.00027100000079371966,0.0002066000015474856,0.0003008999992744066,23426.3557015,0.07593310000083875
640,23426.3557057,0.0011908999986189883,0.0008597999985795468,0.005991100002574967,0.061760500000673346,0.001916900000651367,0.0003894000001309905,0.00020289999883971177,0.000427700000727782,23426.450772,0.09506630000032601
641,23426.4507826,0.001207300003443379,0.0014230999986466486,0.007919799998489907,0.06078770000021905,0.0013217000014265068,0.0003268000000389293,0.00022680000256514177,0.00037009999869042076,23426.5244228,0.0736402000002272
642,23426.5244278,0.0012513999972725287,0.0009437000007892493,0.007966500001202803,0.06255539999983739,0.0019525999996403698,0.0003789000002143439,0.00023130000045057386,0.00035790000038105063,23426.6001234,0.07569560000047204
643,23426.6001283,0.0012129999995522667,0.0009374000001116656,0.00794329999916954,0.06296919999658712,0.0018215999989479315,0.00047400000039488077,0.000256800001807278,0.0003077000001212582,23426.6761208,0.0759924999983923
644,23426.6761258,0.0012989999995625112,0.000987600000371458,0.007516699999541743,0.0633254999993369,0.0018922000017482787,0.0004360999992059078,0.0002654000018083025,0.0003131000012217555,23426.7522408,0.07611499999984517
645,23426.7522454,0.0012513999972725287,0.0009483000030741096,0.008065299996815156,0.063383699998667,0.0009577000018907711,0.00041120000241789967,0.0002514000007067807,0.0003212000010535121,23426.8279016,0.07565620000241324
646,23426.8279065,0.0012525999991339631,0.0009466000010434072,0.008277600001747487,0.06394880000152625,0.0009894999966491014,0.0003634999993664678,0.00024140000095940195,0.00028780000138795003,23426.9042797,0.0763732000013988
647,23426.9042842,0.001240099998540245,0.0009345999969809782,0.008069699997577118,0.06305739999879734,0.0009945999991032295,0.00042039999971166253,0.00025779999850783497,0.0003248999964853283,23426.9796511,0.07536689999687951
648,23426.9796559,0.001330200000666082,0.0012096999998902902,0.008970200000476325,0.06524960000024294,0.0012086999995517544,0.0003690000012284145,0.0002398999968136195,0.0003040999981749337,23427.0586027,0.0789468000002671
649,23427.0586078,0.0017368000007991213,0.0009608999971533194,0.008420699999987846,0.06274970000231406,0.0011293999996269122,0.00035659999775816686,0.0002555999999458436,0.0002858000007108785,23427.1345707,0.07596289999855799
650,23427.1345756,0.0013799000007566065,0.0016512000001966953,0.006796400000894209,0.06655029999819817,0.001138400002673734,0.0003741000000445638,0.0002659999991010409,0.00034560000131023116,23427.2350107,0.10043509999741218
651,23427.2350221,0.0012175000010756776,0.0014097999992372934,0.007411800001136726,0.06339140000272891,0.0010370999989390839,0.00034560000131023116,0.0002375999974901788,0.0002941999991890043,23427.3104362,0.07541409999976167
652,23427.3104406,0.001150799998868024,0.0008844999974826351,0.008210600000893464,0.06541569999899366,0.0013177000000723638,0.0003754999997909181,0.0002426999999443069,0.00030870000045979396,23427.3884053,0.07796470000175759
653,23427.3884103,0.0012505999984568916,0.0009339999996882398,0.008188299998437287,0.06240140000227257,0.0014568999977200292,0.00041370000326423906,0.0002420999990135897,0.00030809999952907674,23427.463675,0.07526470000084373
654,23427.4636796,0.0013188000011723489,0.0010741000005509704,0.0075450000003911555,0.05902840000271681,0.001321699997788528,0.0003467999995336868,0.00034980000054929405,0.00031799999851500615,23427.5350666,0.07138699999995879
655,23427.5350721,0.0012236000002303626,0.0009229999996023253,0.007971099999849685,0.06503200000224751,0.002054900000075577,0.00037969999902998097,0.00034049999885610305,0.00026139999681618065,23427.6133361,0.07826399999976275
656,23427.6133412,0.0011247000002185814,0.0008357999977306463,0.006050700001651421,0.06360940000013215,0.0016676000013831072,0.0004287000010663178,0.0002579000029072631,0.00030669999978272244,23427.6876857,0.07434449999709614
657,23427.6876904,0.001250199999049073,0.000929600002564257,0.007932500000606524,0.0652589999990596,0.0018383999995421618,0.00046550000115530565,0.00027010000121663325,0.00033690000054775737,23427.7660395,0.0783491000001959
658,23427.7660446,0.001312199998210417,0.0009625999991840217,0.008026499999687076,0.06634739999935846,0.0019023999993805774,0.0004191999978502281,0.00024400000256719068,0.00029680000079679303,23427.8456239,0.07957929999975022
659,23427.8456287,0.0012285999982850626,0.0009509000010439195,0.00824050000301213,0.06363670000064303,0.00200829999812413,0.00044750000233761966,0.0002469000028213486,0.0003161999993608333,23427.9227685,0.07713979999971343
660,23427.9227736,0.0012742999970214441,0.0009417000001121778,0.007869100001698826,0.06524079999871901,0.002632400002767099,0.00041319999945699237,0.00024260000282083638,0.0002784000025712885,23428.0233026,0.10052899999936926
661,23428.0233139,0.0016296000030706637,0.0012370000004011672,0.007860100002289983,0.061891800000012154,0.001953399998456007,0.00044319999869912863,0.00036050000198883936,0.00037010000232839957,23428.099151,0.07583709999744315
662,23428.0991577,0.0013591999995696824,0.0009196999999403488,0.007390500002657063,0.06298570000217296,0.0018708999996306375,0.0004186000005574897,0.0002410000015515834,0.0003084999989368953,23428.1747166,0.07555890000003274
663,23428.1747215,0.0012585000004037283,0.0009482999994361307,0.007960500002809567,0.06208119999791961,0.0015659999990020879,0.00042240000038873404,0.0003647999983513728,0.00034280000181752257,23428.2498317,0.07511019999947166
664,23428.2498373,0.0013914000010117888,0.0007990999984031077,0.006014799997501541,0.06277129999944009,0.0017523000024084467,0.00040209999860962853,0.00024929999926825985,0.0002915999975812156,23428.3235694,0.07373209999786923
665,23428.3235746,0.0012494999973569065,0.0009480999979132321,0.00817280000046594,0.06249920000118436,0.0018347000004723668,0.00029320000248844735,0.00016840000171214342,0.00031830000079935417,23428.3991297,0.07555510000020149
666,23428.3991353,0.0012888999990536831,0.0009409000012965407,0.008263399999123067,0.06408000000010361,0.00182679999852553,0.00029409999842755497,0.00014039999950909987,0.00028279999969527125,23428.4763187,0.07718340000064927
667,23428.4763236,0.0012381000015011523,0.0009375000008731149,0.008368499999050982,0.06949359999998705,0.0018152000011468772,0.0003097000007983297,0.00015669999993406236,0.0002913999996962957,23428.5590029,0.08267930000147317
668,23428.5590078,0.0012762000005750451,0.0009710000013001263,0.008212500000809086,0.06411510000179987,0.0017958999997063074,0.00030530000003636815,0.00016350000078091398,0.0002960999991046265,23428.6362062,0.07719840000208933
669,23428.6362107,0.0011220000014873222,0.000913399999262765,0.007702200000494486,0.06636459999936051,0.00179049999860581,0.00034299999970244244,0.0002057999990938697,0.00031120000130613334,23428.7150427,0.07883200000287616
670,23428.7150491,0.0014926000003470108,0.0010824999990290962,0.008103300002403557,0.06809430000066641,0.0017822999980126042,0.0002789999998640269,0.00017899999875226058,0.00028169999859528616,23428.8178943,0.10284519999913755
671,23428.8179097,0.001366000000416534,0.0013165000018489081,0.008147900000039954,0.06424719999995432,0.0025762999975995626,0.0003544999999576248,0.0001539999975648243,0.00029240000003483146,23428.8964422,0.07853249999971013
672,23428.8964475,0.001247000000148546,0.0009411999999429099,0.008305400002427632,0.06468800000220654,0.003098199998930795,0.0003630999999586493,0.00015150000035646372,0.0002883000015572179,23428.9756094,0.07916190000105416
673,23428.9756173,0.001250200002687052,0.0009381999989273027,0.008053200002905214,0.06415540000307374,0.002122000001691049,0.00029889999859733507,0.0001436000020476058,0.0003022999990207609,23429.0529401,0.07732279999981984
674,23429.0529453,0.0016672999990987591,0.0009372000022267457,0.008493599998473655,0.06464439999763272,0.0024802999978419393,0.00032900000223889947,0.0001523000028100796,0.0002806999982567504,23429.1319979,0.0790525999982492
675,23429.1320028,0.0013178999979572836,0.0009626999999454711,0.008684500000526896,0.06479089999993448,0.0017566999995324295,0.00029830000130459666,0.0001570999993418809,0.00029880000147386454,23429.2103267,0.07832389999748557
676,23429.2103317,0.0014467999972112011,0.0010540000002947636,0.008129899997584289,0.06456189999880735,0.0017272000004595611,0.0004535000007308554,0.00026139999681618065,0.0003108000018983148,23429.2884221,0.078090399998473
677,23429.2884271,0.0012867000004916918,0.0009277000026486348,0.007895599999756087,0.06424170000173035,0.0013246999988041352,0.00038070000300649554,0.00025410000307601877,0.00029439999707392417,23429.3650827,0.07665559999804827
678,23429.3650876,0.0012271999985387083,0.0008646000023873057,0.008635300000605639,0.06381669999973383,0.0013502000001608394,0.0004124000006413553,0.0003281999997852836,0.000334399999701418,23429.4421395,0.07705189999978757
679,23429.4421458,0.001239299999724608,0.000930599999264814,0.008106299999781186,0.06382049999956507,0.0022863000012876,0.00046489999658660963,0.0002500000009604264,0.0003055000015592668,23429.5196138,0.07746799999949872
680,23429.5196188,0.001256300001841737,0.0009341000004496891,0.007968699999764794,0.06680060000144294,0.0025421000027563423,0.0005090000013296958,0.0003460000007180497,0.0003159000007144641,23429.6234713,0.1038525000003574
681,23429.6234815,0.00123879999955534,0.001377599997795187,0.007952399999339832,0.06344890000036685,0.001592799999343697,0.0003958999986934941,0.0003136000013910234,0.0002975999996124301,23429.7001844,0.07670290000169189
682,23429.70019,0.0014077000014367513,0.0010653000026650261,0.0067139999991923105,0.06283679999978631,0.001591199998074444,0.0003887999992002733,0.00034619999860296957,0.0003359000002092216,23429.7749994,0.0748094000009587
683,23429.7750051,0.0012257000016688835,0.000927699999010656,0.007915999998658663,0.06477989999984857,0.0020549999971990474,0.00046640000073239207,0.00025860000096145086,0.0003027000020665582,23429.8529997,0.07799460000023828
684,23429.8530051,0.0012534999987110496,0.0010030999983428046,0.008078499999101041,0.06396619999941322,0.0016442999985883944,0.0004124000006413553,0.00023739999960525893,0.00029859999995096587,23429.9299498,0.07694469999842113
685,23429.929955,0.0012346000003162771,0.0009358999996038619,0.008088899998256238,0.06498450000071898,0.0020336000015959144,0.000396399998862762,0.00026059999800054356,0.00032130000181496143,23430.0082689,0.07831390000137617
686,23430.0082736,0.0012338999986241106,0.0009300000019720756,0.007711199999903329,0.0676887000008719,0.002496099998097634,0.00040549999903305434,0.0002530999990995042,0.0003045999983442016,23430.0893545,0.08108089999950607
687,23430.0893591,0.001701199998933589,0.001317999998718733,0.006605800001125317,0.07194760000129463,0.003171799999108771,0.0004331999989517499,0.000256800001807278,0.00028500000189524144,23430.175145,0.08578590000252007
688,23430.1751504,0.0012734000010823365,0.0009448000018892344,0.008453800001007039,0.0661766000011994,0.0017877999998745508,0.0003749000024981797,0.0002598999999463558,0.00030609999885200523,23430.2547848,0.07963440000094124
689,23430.2547894,0.001232200000231387,0.0009319000018876977,0.007965299999341369,0.06512130000191974,0.0016222000012930948,0.00040949999674921855,0.0003438000021560583,0.0003135999977530446,23430.3328982,0.07810879999669851
690,23430.3329042,0.0013919999983045273,0.000985200000286568,0.008159000000887318,0.06668490000083693,0.001658499997574836,0.00038499999936902896,0.00024569999732193537,0.0002992000008816831,23430.4350285,0.1021242999995593
691,23430.4350447,0.0014850999978079926,0.0014018000001669861,0.007174399997893488,0.0633765000020503,0.001552499998069834,0.0003558999997039791,0.0002535999992687721,0.0002946999993582722,23430.5109973,0.07595260000016424
692,23430.511002,0.0014416000012715813,0.0016088999982457608,0.008121200000459794,0.05941000000166241,0.0018272000015713274,0.00036019999970449135,0.00026190000062342733,0.00029770000037387945,23430.5843834,0.07338140000138083
693,23430.5843883,0.0013835999998264015,0.001324599998042686,0.007970599999680417,0.0636822000014945,0.0019216000000596978,0.00040699999954085797,0.0002396000018052291,0.00030950000291340984,23430.6616796,0.0772913000000699
694,23430.6616849,0.0012258999995538034,0.0009518999977444764,0.007966799999849172,0.06416549999994459,0.0019451000007393304,0.00040409999928670004,0.00024399999892921187,0.0003133999998681247,23430.7389554,0.0772705000017595
695,23430.7389607,0.0012148999994678888,0.0009400999988429248,0.007932999997137813,0.0639197000018612,0.001908700000058161,0.00048660000175004825,0.00024159999884432182,0.00029990000257384963,23430.8159569,0.0769962000013038
696,23430.8159616,0.0012406000023474917,0.0009174000006169081,0.008069899999100016,0.06246590000228025,0.0014678000006824732,0.0003633999986050185,0.00025290000121458434,0.00028449999808799475,23430.8910738,0.07511220000014873
697,23430.8910786,0.0012026000003970694,0.0008358999984920956,0.005939099999523023,0.06613199999992503,0.0016442999985883944,0.0003806000022450462,0.00025520000053802505,0.0003031999985978473,23430.9678211,0.0767424999976356
698,23430.9678255,0.0016157999998540618,0.0012877000008302275,0.008079799998085946,0.06992109999919194,0.0017853000026661903,0.00045700000191573054,0.0002730999985942617,0.0003319000024930574,23431.0516312,0.08380570000008447
699,23431.0516363,0.0014441000021179207,0.0009728999975777697,0.008254299998952774,0.06865219999963301,0.0022890000000188593,0.0004563999973470345,0.0002638000005390495,0.00033369999800925143,23431.1343566,0.08272030000080122
700,23431.1343617,0.0017953999995370395,0.001070300000719726,0.00860820000161766,0.07431899999937741,0.0020718000014312565,0.0005299000004015397,0.0003660000002128072,0.0003096000000368804,23431.2454506,0.1110889000010502
701,23431.2454606,0.001319299997703638,0.0014064000024518464,0.008179000000382075,0.06831830000010086,0.0017885000015667174,0.0005139999993843958,0.00028640000164159574,0.00040580000131740235,23431.3277407,0.08228009999947972
702,23431.3277466,0.0015151000006881077,0.0011045999999623746,0.008162100002664374,0.07280279999758932,0.0018820000004780013,0.0004193999993731268,0.00024390000180574134,0.000284100002318155,23431.4143337,0.08658709999872372
703,23431.4143386,0.001251800000318326,0.0009416000029887073,0.008260400001745438,0.06602560000101221,0.001870500000222819,0.0004334999975981191,0.0002539000015531201,0.00029240000003483146,23431.4937314,0.07939280000209692
704,23431.4937361,0.0013704000011784956,0.0010889000004681293,0.008690499998920131,0.06542090000220924,0.001866499998868676,0.00047110000014072284,0.00034729999970295466,0.00030450000122073106,23431.5733688,0.07963269999891054
705,23431.5733739,0.0011345999992045108,0.0008109000009426381,0.007896999999502441,0.073192800002289,0.0018851999993785284,0.00043230000301264226,0.00024990000019897707,0.0003010000000358559,23431.6593311,0.08595720000084839
706,23431.6593365,0.0012711000017588958,0.000921599999855971,0.00796489999993355,0.06389479999779724,0.0022088000005169306,0.00046740000107092783,0.00029859999995096587,0.0004006000017398037,23431.7368393,0.07750279999891063
707,23431.7368454,0.001320399998803623,0.000940200003242353,0.008225300000049174,0.0668827000008605,0.0019778999994741753,0.00042640000174287707,0.00024589999884483404,0.00032189999910769984,23431.8172586,0.08041320000120322
708,23431.8172634,0.0012935000013385434,0.000979599997663172,0.008339799998793751,0.06955999999991036,0.002123499998560874,0.0005711999983759597,0.000276099999609869,0.00032720000308472663,23431.9007949,0.08353150000039022
709,23431.9008004,0.0012460999969334807,0.0009356000009574927,0.008336899998539593,0.06660249999913503,0.0017743999997037463,0.0004391000002215151,0.000253100002737483,0.0003344000033393968,23431.9807769,0.0799765000010666
710,23431.9807818,0.0012846999998146202,0.0009631000029912684,0.00818040000012843,0.06813039999906323,0.001746000001730863,0.0004695999996329192,0.00027070000214735046,0.00029689999792026356,23432.0860729,0.10529110000061337
711,23432.086088,0.001750199997331947,0.0018400999979348853,0.0088603999975021,0.06616810000195983,0.002095800002280157,0.00042549999852781184,0.00030609999885200523,0.00033679999978630804,23432.1679407,0.08185270000103628
712,23432.1679459,0.001823099999455735,0.0009930999985954259,0.00870529999883729,0.06616940000094473,0.00196239999786485,0.00043260000165901147,0.000256800001807278,0.0004592000004777219,23432.2488106,0.08086469999761903
713,23432.2488162,0.0012707999994745478,0.0009479000000283122,0.008327600000484381,0.07248309999704361,0.0015693999994255137,0.0003901999989466276,0.000247800002398435,0.0003000999968207907,23432.334418,0.0856017999976757
714,23432.334423,0.0011172999984410126,0.0008863000002747867,0.0065223999990848824,0.06616869999925257,0.0019701999990502372,0.0004275999999663327,0.000245400002313545,0.0003084999989368953,23432.4122253,0.07780229999843868
715,23432.4122304,0.001288100000238046,0.0009289000008720905,0.008004899998923065,0.06436119999852963,0.0020686000025307294,0.00043870000081369653,0.0002693999995244667,0.0002820999980031047,23432.4899307,0.07770030000028783
716,23432.4899359,0.0012618000000657048,0.0009600999983376823,0.007984199997736141,0.07432250000056229,0.0019780000002356246,0.0004504000025917776,0.00025010000172187574,0.00029179999910411425,23432.5774976,0.08756169999833219
717,23432.5775025,0.0013536999977077357,0.0010569000005489215,0.00858169999992242,0.0693277999998827,0.002001599998038728,0.0004303999994590413,0.0002595999976620078,0.0003135999977530446,23432.660891,0.08338849999927334
718,23432.6608959,0.0012590000005729962,0.0009822000029089395,0.008091799998510396,0.06389819999822066,0.0020433999998203944,0.00044800000250688754,0.0002550999997765757,0.0003400999994482845,23432.7382811,0.077385199998389
719,23432.738286,0.0012903000024380162,0.0009527999973215628,0.008002200000191806,0.06858650000140187,0.0019334000025992282,0.0004565999988699332,0.00024869999833754264,0.0003304999991087243,23432.8201387,0.08185270000103628
720,23432.820144,0.0013667000021087006,0.0011578000012377743,0.008131399998092093,0.0718535999985761,0.0024503999993612524,0.0004112999995413702,0.0002646000029926654,0.000269199998001568,23432.9293231,0.10917909999989206
721,23432.9293335,0.0011860999984492082,0.0014537999995809514,0.008206300000892952,0.06272600000011153,0.0018477000012353528,0.00037399999928311445,0.00031149999995250255,0.0003088999983447138,23433.0058073,0.0764737999998033
722,23433.0058122,0.0012459999998100102,0.0009357000017189421,0.007779899999150075,0.06193600000187871,0.001990100001421524,0.0004298999992897734,0.00024910000138334,0.0003350000006321352,23433.0807685,0.0749562999990303
723,23433.0807733,0.0012941000022692606,0.0009591999987605959,0.007047200000670273,0.07536339999933261,0.0019924999978684355,0.0004358000005595386,0.0002592000018921681,0.00036700000055134296,23433.1685516,0.08777829999962705
724,23433.1685567,0.0014064000024518464,0.0012008000012428965,0.009630899996409426,0.07575209999777144,0.0021975999989081174,0.0004005999981018249,0.0002477000016369857,0.00029830000130459666,23433.2597446,0.09118790000138688
725,23433.2597498,0.0017767999997886363,0.0009512999968137592,0.008131300000968622,0.06270339999900898,0.0018333000007260125,0.00040889999945648015,0.00024290000146720558,0.0003150000011373777,23433.3361647,0.07641489999878104
726,23433.33617,0.0013745999967795797,0.0010599000015645288,0.008143200000631623,0.06353259999741567,0.002040700001089135,0.00043120000191265717,0.0002750999992713332,0.00035829999978886917,23433.4135255,0.07735550000143121
727,23433.4135318,0.0012495000009948853,0.0009368000028189272,0.008129800000460818,0.06566509999902337,0.0019095999996352475,0.00040920000174082816,0.00029879999783588573,0.000280100000964012,23433.4924745,0.07894269999815151
728,23433.4924796,0.0010895000013988465,0.0007839999998395797,0.006693800001812633,0.06573919999937061,0.0015237000006891321,0.0003543999991961755,0.00025520000053802505,0.0002822999995260034,23433.5692611,0.07678149999992456
729,23433.5692662,0.0012257000016688835,0.0010054000013042241,0.007840900001610862,0.06348500000240165,0.0017323000029136892,0.00038389999826904386,0.00023919999875943176,0.0003010000000358559,23433.6455438,0.076277600001049
730,23433.6455487,0.0012489999971876387,0.0009379000002809335,0.008179200001904974,0.0669491000007838,0.0017034999982570298,0.0004369999987829942,0.0004138000003877096,0.0003606999998737592,23433.7491651,0.10361639999973704
731,23433.7491773,0.001512499999080319,0.0014089999967836775,0.008241100000304868,0.06719739999971353,0.0018877000002248678,0.00048690000039641745,0.00027430000045569614,0.0003802999999606982,23433.8306275,0.08145019999938086
732,23433.8306332,0.0015333000010286923,0.0010302000009687617,0.00819709999996121,0.08116919999883976,0.002505700002075173,0.00050060000285157,0.0002823000031639822,0.00038380000114557333,23433.9263036,0.09567040000183624
733,23433.9263106,0.0014331999991554767,0.0010597000000416301,0.009400599999935366,0.07726419999744394,0.002050200000667246,0.000596500001847744,0.0002953999974124599,0.00043390000064391643,23434.0189155,0.09260490000087884
734,23434.0189229,0.001533500002551591,0.001098100001399871,0.009469399999943562,0.07188070000120206,0.001756600002408959,0.0005181999986234587,0.0003085999996983446,0.00040720000106375664,23434.1059619,0.0870390000018233
735,23434.1059676,0.0014685999994981103,0.0009357000017189421,0.008051999997405801,0.07997539999996661,0.0021966000022075605,0.000565199999982724,0.00028870000096503645,0.00035630000274977647,23434.1998597,0.09389209999790182
736,23434.1998646,0.0017965000006370246,0.0009558999990986194,0.00947950000045239,0.07090339999922435,0.0017140999989351258,0.00039930000275489874,0.00024979999943752773,0.0004528999998001382,23434.2858961,0.08603149999908055
737,23434.2859035,0.0015420999989146367,0.0010962999986077193,0.009060200001840713,0.0653139000023657,0.0017178000016428996,0.0003720999993674923,0.00023080000028130598,0.00034280000181752257,23434.3656418,0.07973829999900772
738,23434.3656467,0.0012565999968501274,0.0009430999998585321,0.008281099999294383,0.06514030000107596,0.0017434000001230743,0.0003754999997909181,0.000229199999012053,0.00036389999877428636,23434.4442027,0.07855600000038976
739,23434.4442078,0.001249400000233436,0.0009572000017215032,0.00798410000061267,0.05933109999750741,0.001472500000090804,0.00033030000122380443,0.00019880000036209822,0.0003079999987676274,23434.5160827,0.07187490000069374
740,23434.5160868,0.0011250999996264,0.0008454999988316558,0.006530800001200987,0.06479720000061207,0.0014816000002610963,0.00036130000080447644,0.0001917000008688774,0.0003015000002051238,23434.612949,0.09686220000003232
741,23434.6129577,0.0012109999988751952,0.0014459000012720935,0.0078084000015223864,0.06043320000026142,0.001788900000974536,0.0003868000021611806,0.00023099999816622585,0.0003680000008898787,23434.6866843,0.07372659999964526
742,23434.686689,0.0013022999992244877,0.0009981000002881046,0.008202299999538809,0.06344059999901219,0.001868899998953566,0.00037460000021383166,0.00020180000137770548,0.00030419999893638305,23434.7634315,0.07674250000127358
743,23434.7634357,0.0011176000007253606,0.0007914000016171485,0.005948499998339685,0.06352749999859952,0.0017998000002990011,0.00041560000317986123,0.00023799999689799733,0.00035820000266539864,23434.8376917,0.07425599999987753
744,23434.8376965,0.0012777000010828488,0.0009252000018022954,0.007916899998235749,0.06156589999955031,0.001607099999091588,0.00034919999961857684,0.00019560000146157108,0.00032950000240816735,23434.9119197,0.07422320000114269
745,23434.911924,0.0011693999986164272,0.0008139999990817159,0.0059481999996933155,0.0610480000032112,0.002021600001171464,0.0004907000002276618,0.0002488999998604413,0.0002902000014728401,23434.9840248,0.07210080000004382
746,23434.9840297,0.0012330999998084735,0.0009316000032413285,0.00820929999827058,0.068466199998511,0.002028999999311054,0.0004859000000578817,0.0002466000005370006,0.00030590000096708536,23435.0660297,0.0819999999985157
747,23435.0660349,0.0012466000007407274,0.000939599998673657,0.0081222999979218,0.06433850000030361,0.0020608999984688126,0.00045930000123917125,0.00025300000197603367,0.00027440000121714547,23435.1438031,0.07776820000071893
748,23435.1438085,0.0012186000021756627,0.0009778999992704485,0.008256600001914194,0.0662744000001112,0.0024075000001175795,0.00048009999954956584,0.00026219999926979654,0.0003673999999591615,23435.2241267,0.08031819999814616
749,23435.2241319,0.002148800002032658,0.0011587000008148607,0.006741100001818268,0.06406240000069374,0.0020355000015115365,0.0004092999988642987,0.0002447000006213784,0.0002946999993582722,23435.3012948,0.07716290000098525
750,23435.3012996,0.001447299997380469,0.0009468999996897765,0.008550800001103198,0.06633520000104909,0.0019095999996352475,0.0004085000000486616,0.00032279999868478626,0.00031149999995250255,23435.4048506,0.10355100000015227
751,23435.4048602,0.0013189999990572687,0.0015218999978969805,0.00822379999954137,0.06491819999791915,0.0020077000008313917,0.0004394999996293336,0.0003297000002930872,0.0002829000004567206,23435.4841364,0.07927619999827584
752,23435.4841424,0.001248100001248531,0.0008052000011957716,0.0072505999996792525,0.06375699999989592,0.0019481000017549377,0.0004229000005580019,0.000247800002398435,0.0003223000021534972,23435.5601983,0.07605590000093798
753,23435.5602029,0.001273999998375075,0.0009274000003642868,0.007575799998448929,0.06336229999942589,0.001941499998793006,0.000420000000303844,0.00023850000070524402,0.000305800000205636,23435.6362984,0.07609550000051968
754,23435.6363033,0.0012581999981193803,0.0009298000004491769,0.007750400000077207,0.06274230000053649,0.0018379000030108728,0.00044949999937671237,0.00029579999682027847,0.00029269999868120067,23435.7119255,0.07562219999817898
755,23435.7119305,0.0011763000002247281,0.0008211999993363861,0.005955000000540167,0.06236039999930654,0.001909200000227429,0.0004305000002204906,0.00026699999943957664,0.00028419999944162555,23435.7851865,0.0732559999996738
756,23435.7851908,0.0013104999998176936,0.0011501999979373068,0.008264000000053784,0.06445259999964037,0.0018760999992082361,0.00042670000038924627,0.00025970000206143595,0.0002982000005431473,23435.8632843,0.07809350000025006
757,23435.8632895,0.0012150000002293382,0.0009233000018866733,0.007903800000349293,0.06535720000101719,0.0024367000005440786,0.0005704000031983014,0.0003077000001212582,0.000310799998260336,23435.9423898,0.07910029999766266
758,23435.942395,0.0012343999987933785,0.0009678000023995992,0.007936999998491956,0.06455089999872143,0.0019352999988768715,0.00042810000013560057,0.0002496999986760784,0.00031510000189882703,23436.020069,0.07767400000011548
759,23436.0200739,0.0012534999987110496,0.0009551000002829824,0.008799399998679291,0.06375520000074175,0.0017919999991136137,0.00040520000038668513,0.0002571000004536472,0.00029910000012023374,23436.0976477,0.0775738000011188
760,23436.0976525,0.0012148999994678888,0.0009309999986726325,0.007958199999848148,0.06617720000213012,0.0016110999968077522,0.00045759999920846894,0.0002720000011322554,0.00027829999817186035,23436.1996556,0.10200310000072932
761,23436.1996701,0.001197199999296572,0.0013847000009263866,0.008229499999288237,0.06367529999988619,0.001939899997523753,0.00043139999979757704,0.0003488000002107583,0.00031550000130664557,23436.2772719,0.07760179999968386
762,23436.2772779,0.0017603999986022245,0.001406800001859665,0.008064800000283867,0.06354619999910938,0.0019127000014123041,0.0004000000008090865,0.0002457999980833847,0.00029410000206553377,23436.3549612,0.0776832999981707
763,23436.3549664,0.001211499999044463,0.0007932000007713214,0.006529299997055205,0.062019799999688985,0.0014991999996709637,0.00036469999758992344,0.00025779999850783497,0.0002821000016410835,23436.42799,0.07302360000176122
764,23436.4279952,0.0013016999982937705,0.0013894000003347173,0.007993499999429332,0.06404269999984535,0.0018823999998858199,0.0004112999995413702,0.0002555999999458436,0.0003146999988530297,23436.5057805,0.07778529999995953
765,23436.5057858,0.0012432999974407721,0.0009721000024001114,0.00811969999995199,0.06385130000126082,0.001854900001490023,0.00042670000038924627,0.0002542999973229598,0.00030330000299727544,23436.5828623,0.07707650000156718
766,23436.5828679,0.001229800000146497,0.0009198000007017981,0.007945499997731531,0.06090330000006361,0.0017785999989428092,0.00043759999971371144,0.0002457000009599142,0.00032560000181547366,23436.6567059,0.07383800000025076
767,23436.6567138,0.0014929999997548293,0.0010256000023218803,0.007997199998499127,0.06603549999999814,0.00181460000021616,0.0004216999986965675,0.00023809999765944667,0.0002992000008816831,23436.7360973,0.07938350000040373
768,23436.7361025,0.0012564999997266568,0.0009377999995194841,0.0074671000002126675,0.0657178000001295,0.0015109999985725153,0.0003488000002107583,0.0002562000008765608,0.00029090000316500664,23436.8139485,0.07784600000013597
769,23436.8139535,0.0012334000020928215,0.0009270000009564683,0.00795759999891743,0.06336480000027223,0.0018142000008083414,0.0004800000024260953,0.0002694000031624455,0.0003255000010540243,23436.8903873,0.07643380000081379
770,23436.8903925,0.0015090000015334226,0.0010284999989380594,0.00788509999983944,0.06596019999778946,0.001983599999221042,0.00045619999946211465,0.00026530000104685314,0.00033679999978630804,23436.9929423,0.10254979999808711
771,23436.9929527,0.0012292999999772292,0.0013872999988961965,0.007724500002950663,0.06264679999731015,0.002081200000247918,0.0004184000026725698,0.00023820000205887482,0.0003082999974139966,23437.0690468,0.07609410000077332
772,23437.069052,0.0012401999993016943,0.0009389000006194692,0.00819229999979143,0.06277659999977914,0.0016606999997748062,0.00035599999682744965,0.0002534000013838522,0.0003006000006280374,23437.1448324,0.07578040000225883
773,23437.1448368,0.0014078000021982007,0.001141799999459181,0.007340099997236393,0.07490889999826322,0.001989199998206459,0.00041620000047259964,0.00024730000222916715,0.0003120000001217704,23437.2326531,0.08781630000157747
774,23437.2326584,0.0012415999990480486,0.0009429000019736122,0.007969000002049142,0.06427360000088811,0.0025083999971684534,0.00042750000284286216,0.00026700000307755545,0.00032160000046133064,23437.3106708,0.07801240000117105
775,23437.3106761,0.0017668000000412576,0.0009390999985043891,0.008118699999613455,0.06244270000024699,0.001940199999808101,0.00044830000115325674,0.0002826999989338219,0.00038330000097630545,23437.3870538,0.07637769999928423
776,23437.3870597,0.0014005999983055517,0.001131500001065433,0.008719999997993,0.06341249999968568,0.001817800002754666,0.00043390000064391643,0.000265800001216121,0.0003260000012232922,23437.4646213,0.07756160000280943
777,23437.4646266,0.001295800000661984,0.0009486000017204788,0.0075400000023364555,0.06587650000074063,0.001842699999542674,0.00040869999793358147,0.00026200000138487667,0.00030929999775253236,23437.5432949,0.07866829999693437
778,23437.5432999,0.0012635000020964071,0.0009319999990111683,0.007949200000439305,0.06402569999772822,0.0016475000011269003,0.0003906999991158955,0.00024979999943752773,0.0003221000006305985,23437.6201314,0.07683149999866146
779,23437.6201365,0.0012611999991349876,0.0009441000001970679,0.00814860000173212,0.06259240000144928,0.0016603999974904582,0.000416300001234049,0.000248799999098992,0.000316099998599384,23437.6957763,0.07563979999758885
780,23437.6957815,0.0012309999983699527,0.0009580000005371403,0.007987900000443915,0.0669956000019738,0.0016671000012138393,0.0005143000016687438,0.0002764999990176875,0.0002674999996088445,23437.7964819,0.10070040000209701
781,23437.7964924,0.0012057999992975965,0.001427000002877321,0.007426899999700254,0.06346880000273813,0.001499300000432413,0.00042779999785125256,0.00021259999994072132,0.0002961999998660758,23437.8725019,0.07600950000050943
782,23437.8725063,0.0012089999981981236,0.0009442000009585172,0.00807630000053905,0.06376489999820478,0.001658799999859184,0.0004422000019985717,0.00024139999732142314,0.00031260000105248764,23437.9492065,0.07670020000296063
783,23437.9492117,0.0012389000003167894,0.0009424000018043444,0.007992700000613695,0.06277530000079423,0.001798699999199016,0.0005231999966781586,0.0002466000005370006,0.00031259999741450883,23438.0251013,0.07588960000066436
784,23438.025106,0.001430100001016399,0.0009948000006261282,0.007945800000015879,0.06360700000004726,0.0014866999990772456,0.0003501999999571126,0.00019020000036107376,0.00034130000130971894,23438.1014949,0.07638889999725507
785,23438.1014993,0.0013316000004124362,0.0010056000028271228,0.007712099999480415,0.06091459999879589,0.001834500002587447,0.0003570000008039642,0.0002333999982511159,0.0003660000002128072,23438.1753047,0.07380539999940083
786,23438.1753096,0.001292100001592189,0.0009647000006225426,0.007979199999681441,0.06284360000063316,0.0018898999987868592,0.0003916000023309607,0.00022479999825009145,0.00037370000063674524,23438.2513194,0.0760097999991558
787,23438.2513243,0.0012459999998100102,0.0009308999979111832,0.0074027000009664334,0.0666044999998121,0.0024052000007941388,0.00046889999794075266,0.00025580000146874227,0.00036610000097425655,23438.3310696,0.07974530000137747
788,23438.3310747,0.0019128000021737535,0.001038500002323417,0.008686500001203967,0.062491299999237526,0.0015877000005275477,0.000351400001818547,0.0002303000001120381,0.0003473999968264252,23438.4077683,0.0766935999999987
789,23438.4077727,0.0014186000007612165,0.0016042999995988794,0.008828099998936523,0.06517470000108005,0.002021000000240747,0.00042440000106580555,0.00023010000222711824,0.00037059999885968864,23438.4879004,0.08012769999913871
790,23438.4879054,0.0012610000012500677,0.0010261000024911482,0.007854699997551506,0.06659329999820329,0.0020808000008400995,0.0003772000018216204,0.00019809999866993167,0.0002958999975817278,23438.5889273,0.10102189999815891
791,23438.5889366,0.0012354999998933636,0.001410000000760192,0.006863700000394601,0.05726950000098441,0.0015270999974745791,0.00033429999893996865,0.00019909999900846742,0.00034579999919515103,23438.6581714,0.0692347999975027
792,23438.658176,0.0011730999976862222,0.0008831000013742596,0.008069899999100016,0.06272370000078809,0.0019790000005741604,0.00041290000081062317,0.00022429999808082357,0.0003680000008898787,23438.7340599,0.07588390000091749
793,23438.7340649,0.0012645999995584134,0.0009319000018876977,0.00814860000173212,0.06236969999736175,0.0020608999984688126,0.00042690000191214494,0.0002625999986776151,0.00039479999759350903,23438.8099799,0.07591500000125961
794,23438.8099849,0.0013636999974551145,0.000985999999102205,0.007485599999199621,0.06374529999811784,0.0020182000007480383,0.0004239999980200082,0.0002220999995188322,0.00036270000055083074,23438.8866506,0.07666570000219508
795,23438.8866556,0.0012729000009130687,0.0009189000011247117,0.007544700001744786,0.06421509999927366,0.0020076000000699423,0.00039900000047055073,0.0002310999989276752,0.0003677000022435095,23438.963671,0.07701540000198293
796,23438.9636755,0.001250199999049073,0.0009501999993517529,0.007943399999930989,0.06336059999739518,0.0018939999972644728,0.0003988999997091014,0.00023220000002766028,0.00038049999784561805,23439.0401435,0.07646799999929499
797,23439.0401484,0.0012567000012495555,0.0009356000009574927,0.007883899997978006,0.06891120000000228,0.0019318000013299752,0.00046269999802461825,0.0002649000016390346,0.000303700002405094,23439.1221676,0.08201919999919483
798,23439.1221725,0.0012561000003188383,0.000936699998419499,0.008120399998006178,0.06327750000127708,0.001762599997164216,0.00042860000030486844,0.0002500000009604264,0.0003096000000368804,23439.1985721,0.07639959999869461
799,23439.1985768,0.0012392000026011374,0.0009250999974028673,0.007333999998081708,0.06268590000036056,0.0017026000023179222,0.0004050999996252358,0.0002418000003672205,0.0003502000035950914,23439.2735192,0.07494239999869023
800,23439.2735246,0.0012395000012475066,0.0009387999998580199,0.00820459999886225,0.06559619999825372,0.0018430999989504926,0.00044919999709236436,0.0002587000017229002,0.00029830000130459666,23439.374929,0.10140440000031958
801,23439.3749411,0.0016924000010476448,0.0015668999985791743,0.006670099999610102,0.05962010000075679,0.001845100003265543,0.00042609999945852906,0.00024869999833754264,0.0003036999987671152,23439.4473759,0.07243480000033742
802,23439.4473809,0.0012438999983714893,0.000940699999773642,0.00863010000102804,0.062193800000386545,0.001588600000104634,0.0003756000005523674,0.0002575999969849363,0.00030899999910616316,23439.522979,0.07559810000020661
803,23439.5229843,0.0012675999969360419,0.0013961000004201196,0.00809550000121817,0.06305499999871245,0.001826499999879161,0.00041989999954239465,0.00024950000079115853,0.00028759999986505136,23439.5997821,0.07679779999671155
804,23439.5997876,0.0012282999996386934,0.0009335999966424424,0.007958399997733068,0.06190490000153659,0.0017484999989392236,0.0003939000016544014,0.00024330000087502412,0.0003207000008842442,23439.6745686,0.07478099999934784
805,23439.6745736,0.0012409999981173314,0.0009386999990965705,0.008111699997243704,0.06258759999764152,0.0018259000025864225,0.0004380999998829793,0.0002461000003677327,0.0003236999982618727,23439.7503365,0.07576289999997243
806,23439.7503413,0.001357799999823328,0.0009420999995199963,0.007850000001781154,0.06308519999947748,0.0019245999974373262,0.0004774999979417771,0.00023639999926672317,0.0003630999999586493,23439.8266393,0.07629799999995157
807,23439.8266444,0.00170810000054189,0.00134529999922961,0.006154999999125721,0.06431999999767868,0.0018992000004800502,0.00048459999743499793,0.0002445999998599291,0.000356700002157595,23439.9032124,0.07656800000040676
808,23439.9032177,0.0013050000015937258,0.0009271000017179176,0.007968899997649714,0.0628510999995342,0.0019388000000617467,0.00041880000208038837,0.0002720000011322554,0.00031910000325297005,23439.9792809,0.07606319999831612
809,23439.9792859,0.0012406000023474917,0.0009452999984205235,0.007864199997129617,0.063336100000015,0.001793700001144316,0.00038779999886173755,0.00026419999994686805,0.0003049000006285496,23440.0554758,0.07618989999900805
810,23440.055481,0.001252600002771942,0.0009311000030720606,0.008486399998218985,0.06495689999792376,0.0015084000006027054,0.0004349999981059227,0.0002572999983385671,0.00028200000087963417,23440.1562062,0.10072520000176155
811,23440.1562168,0.001177600002847612,0.001447599999664817,0.007963299998664297,0.06244460000016261,0.0017862000022432767,0.00038100000165286474,0.0002443000012135599,0.00030949999927543104,23440.2320238,0.07580700000107754
812,23440.2320286,0.0012962999971932732,0.0011372000008122995,0.008241600000474136,0.06379149999702349,0.0013617000004160218,0.0003618000009737443,0.0003603000004659407,0.0002882000007957686,23440.3089411,0.076912500000617
813,23440.3089469,0.0011539000006450806,0.0010743999991973396,0.008246699999290286,0.06550419999985024,0.0018584999997983687,0.000473000000056345,0.0002611999989312608,0.000301799998851493,23440.3878761,0.07892920000085724
814,23440.3878806,0.0018001999997068197,0.0011187999989488162,0.008368099999643164,0.06718810000165831,0.0017205000003741588,0.00040300000182469375,0.00024530000155209564,0.0003102000009675976,23440.4690847,0.08120409999901312
815,23440.4690901,0.0012625000017578714,0.0009308999979111832,0.008110499999020249,0.06208190000324976,0.001646900000196183,0.00039509999987785704,0.00023860000146669336,0.00030609999885200523,23440.5441224,0.07503229999929317
816,23440.5441277,0.0014597000008507166,0.0011038000011467375,0.008079999999608845,0.06360359999962384,0.001392199999827426,0.0003522000006341841,0.0002426999999443069,0.00029489999724319205,23440.6208008,0.07667310000033467
817,23440.6208057,0.001449699997465359,0.0013751999977102969,0.007938600003399188,0.07011300000158371,0.00170810000054189,0.00040689999877940863,0.00023739999960525893,0.0002857999970728997,23440.7043847,0.08357899999828078
818,23440.7043897,0.0012206000028527342,0.0009422000002814457,0.008104900000034831,0.06562019999910262,0.0018286999984411523,0.00040240000089397654,0.0002523000002838671,0.00028480000037234277,23440.7831114,0.07872169999973266
819,23440.7831165,0.0012304000010772143,0.0009260000006179325,0.007909799998742528,0.06542289999924833,0.001767699999618344,0.0004501999974309001,0.0002514000007067807,0.00030499999775202014,23440.8614423,0.07832580000103917
820,23440.8614471,0.0014467000000877306,0.0010194999995292164,0.007870000001275912,0.06495830000130809,0.001473799999075709,0.00047650000124122016,0.00028980000206502154,0.00033459999758633785,23440.9615088,0.10006169999905978
821,23440.9615176,0.0014504000027955044,0.0014425000008486677,0.005950099999608938,0.05902100000093924,0.0018290000007255003,0.00043260000165901147,0.0002502999996067956,0.00029969999741297215,23441.0322715,0.07075389999954496
822,23441.0322767,0.0012309999983699527,0.0009429000019736122,0.00790219999908004,0.06379890000243904,0.001677299998846138,0.00041590000182623044,0.0002494000000297092,0.0003174999983457383,23441.1088724,0.07659570000032545
823,23441.1088769,0.00124379999761004,0.0009371999985887669,0.008124800002406118,0.06324790000144276,0.0014348000004247297,0.00034190000224043615,0.00026369999977760017,0.00030049999986658804,23441.1848326,0.07595569999830332
824,23441.1848374,0.0012480000004870817,0.0009319000018876977,0.007907799998065457,0.06230589999904623,0.0018459999992046505,0.00037800000063725747,0.0002432000001135748,0.00026960000104736537,23441.2600204,0.075183000000834
825,23441.2600248,0.0012977000005776063,0.0009393000000272878,0.008297099997434998,0.06494060000113677,0.00236610000138171,0.0004970999980287161,0.00035260000004200265,0.00029680000079679303,23441.3391015,0.07907669999985956
826,23441.339107,0.0012615000014193356,0.000930599999264814,0.008125000000291038,0.06561579999834066,0.002737799997703405,0.0005158000021765474,0.00033599999733269215,0.0003065999990212731,23441.4190251,0.0799181000002136
827,23441.4190304,0.0017413999994460028,0.0009443999988434371,0.008244799999374663,0.06502240000190795,0.0026709000012488104,0.00047139999878709204,0.0002533000006224029,0.0002855000020645093,23441.4987284,0.07969800000137184
828,23441.4987332,0.0012341000001470093,0.0009515000019746367,0.008476899998640874,0.0642520000001241,0.0016642000009596813,0.00045899999895482324,0.00024019999909796752,0.00030340000012074597,23441.5763649,0.07763170000180253
829,23441.5763698,0.0012995999968552496,0.000932999999349704,0.008312900001328671,0.06306109999786713,0.0016177999968931545,0.0005765000023529865,0.00026140000045415945,0.0002930000009655487,23441.6528603,0.07649049999963609
830,23441.652865,0.0011961000018345658,0.0009673999993538018,0.007949799997732043,0.06427930000063498,0.0013414999993983656,0.0005787000009149779,0.00034779999987222254,0.00033599999733269215,23441.7523189,0.09945389999847976
831,23441.7523283,0.0012112000003980938,0.0013905000014347024,0.007417000000714324,0.06268629999976838,0.0017898000005516224,0.0005160000000614673,0.0002447000006213784,0.0003194999990228098,23441.8279688,0.07564049999928102
832,23441.8279739,0.0013144000004103873,0.0009484000001975801,0.007988400000613183,0.06933800000115298,0.0020041999996465165,0.0004917000005661976,0.000278499999694759,0.00034869999944930896,23441.9107409,0.08276699999987613
833,23441.910746,0.0013722000003326684,0.0009927999999490567,0.008683899999596179,0.0746261999993294,0.00220890000127838,0.0005248000015853904,0.000296499998512445,0.00036420000105863437,23441.9998803,0.08913430000029621
834,23441.9998856,0.0014577999972971156,0.0010839999995368998,0.00796249999984866,0.06265520000306424,0.001535799998237053,0.00043250000089756213,0.00037929999962216243,0.00030950000291340984,23442.0757787,0.07589310000184923
835,23442.0757846,0.001289099996938603,0.0007923999983177055,0.006698800003505312,0.06100399999922956,0.001931200000399258,0.00043339999683666974,0.0002516000022296794,0.00030020000122021884,23442.1485388,0.07275419999859878
836,23442.1485436,0.001432199998816941,0.0009664999997767154,0.008002599999599624,0.06542970000009518,0.0019482999996398576,0.00046749999819439836,0.00024080000002868474,0.00031519999902229756,23442.2274053,0.07886169999983395
837,23442.2274098,0.0012812999993911944,0.0013426999976218212,0.0063905000024533365,0.06745199999932083,0.0019258000029367395,0.0004332000025897287,0.0002420999990135897,0.00029429999995045364,23442.3068247,0.07941489999939222
838,23442.3068308,0.0012619999979506247,0.0009327000007033348,0.008024199996725656,0.0644124999998894,0.0019107999978587031,0.0004564000009850133,0.0002550999997765757,0.00031540000054519624,23442.384449,0.07761820000087027
839,23442.3844538,0.0012242000011610799,0.0009234999997715931,0.007902299999841489,0.06416619999799877,0.0027809000021079555,0.0004838999993808102,0.0002516999993531499,0.00032080000164569356,23442.4625662,0.07811239999864483
840,23442.4625713,0.0017866999987745658,0.0010701999999582767,0.008533799998986069,0.06727980000141542,0.001792099999875063,0.0004429000000527594,0.00026960000104736537,0.00028870000096503645,23442.5672642,0.1046929000003729
841,23442.5672754,0.0012610999983735383,0.0014309999969555065,0.008172599998943042,0.062474999998812564,0.0019340999970154371,0.0004429000000527594,0.0002389999972365331,0.00030920000062906183,23442.6435923,0.07631689999834634
842,23442.6435973,0.0012509999978647102,0.0009334000023955014,0.008202699998946628,0.06466849999924307,0.0027077000013377983,0.0004934999997203704,0.0002365000000281725,0.0002930999980890192,23442.7225187,0.07892139999967185
843,23442.7225235,0.001227700002345955,0.0009401999996043742,0.008264000000053784,0.06252759999915725,0.002326800000446383,0.0004332999997131992,0.0003329999999550637,0.0003214999996998813,23442.7989998,0.07647630000064964
844,23442.7990056,0.0012555000030260999,0.0009671000007074326,0.006490499999927124,0.06292749999920488,0.001870000000053551,0.0004299000029277522,0.0002595000005385373,0.00029859999995096587,23442.8735676,0.07456199999796809
845,23442.8735725,0.0012410999988787808,0.0009309999986726325,0.008140299996739486,0.06314449999990757,0.0018385000003036112,0.00047959999938029796,0.0003389000012248289,0.00031210000088321976,23442.9500848,0.07651229999828502
846,23442.9500907,0.0012671000004047528,0.0009200000022246968,0.008053099998505786,0.06390180000016699,0.0017369000015605707,0.00041570000030333176,0.00024510000002919696,0.00030479999986710027,23443.0269865,0.07689580000078422
847,23443.0269918,0.0012676000005740207,0.0009382000025652815,0.007767899998725625,0.06662510000023758,0.0016553999994357582,0.00045250000039231963,0.0003309999992779922,0.0003036999987671152,23443.1064092,0.07941740000023856
848,23443.1064148,0.0012614000006578863,0.0007895999988249969,0.006776899997930741,0.0646718999996665,0.001589599996805191,0.0004984000006515998,0.0002762000003713183,0.0003386000025784597,23443.1826786,0.0762637999978324
849,23443.1826837,0.0012243999990459997,0.0009344999998575076,0.007854499999666587,0.06544159999975818,0.0015934000002744142,0.00040359999911743216,0.00024199999825214036,0.0002932999996119179,23443.2607335,0.07804979999855277
850,23443.2607387,0.0012530000021797605,0.0009470999975746963,0.008115299999190029,0.06562660000054166,0.001286800001253141,0.00036470000122790225,0.0003187000002071727,0.00032189999910769984,23443.3616556,0.10091690000263043
851,23443.361667,0.001364399999147281,0.001582699998834869,0.008739200002310099,0.06284149999919464,0.00149789999704808,0.00039629999810131267,0.0002615000012156088,0.0002781000002869405,23443.4386939,0.07702689999860013
852,23443.4386989,0.001244600000063656,0.00137660000109463,0.007807400001183851,0.06307190000006813,0.0017498000015621074,0.0004230999984429218,0.0002520000016374979,0.00032909999936237,23443.5150059,0.07630699999936041
853,23443.5150113,0.0017680999990261625,0.0009466000010434072,0.008174700000381563,0.0639338000000862,0.0016347999990102835,0.00047170000107144006,0.0002505000011296943,0.00030340000012074597,23443.5925454,0.07753409999713767
854,23443.5925502,0.0012599000001500826,0.0009451000005356036,0.008246899997175205,0.06276380000053905,0.0018924999967566691,0.0003813999974227045,0.0002457000009599142,0.00029410000206553377,23443.6686459,0.07609570000204258
855,23443.6686508,0.0012805999976990279,0.0012614000006578863,0.007996700001967838,0.06495870000071591,0.002558699998189695,0.0004338999970059376,0.0002424000012979377,0.0003881999982695561,23443.7479849,0.07933410000259755
856,23443.7479904,0.0014009999977133702,0.0009467999989283271,0.007987600001797546,0.0648682999999437,0.0014979000006860588,0.0003761000007216353,0.00035819999902741984,0.00035379999826545827,23443.8258701,0.07787970000208588
857,23443.8258759,0.0013230999975348823,0.0009427000004507136,0.008129099998768652,0.06705960000181221,0.0017403000019839965,0.00037369999699876644,0.00024980000307550654,0.000283800000033807,23443.9060326,0.08015670000168029
858,23443.9060366,0.0011653000001388136,0.0009347000013804063,0.007846900000004098,0.062275700001919176,0.002132499997969717,0.0004312999990361277,0.00036689999978989363,0.0003583999969123397,23443.9816438,0.0756072000003769
859,23443.9816496,0.0012475000003178138,0.0009374999972351361,0.005976300002657808,0.06384729999990668,0.001979399999981979,0.0004160999997111503,0.00023839999994379468,0.0003057999965676572,23444.0566586,0.07500900000013644
860,23444.0566639,0.001276399998459965,0.0009853999981714878,0.007997000000614207,0.06602579999889713,0.001991099998122081,0.0004960000005667098,0.0003251999987696763,0.000311100000544684,23444.1574656,0.10080170000219368
861,23444.1574938,0.001230300000315765,0.0014240999989851844,0.008071899999777088,0.06341130000146222,0.0018749000009847805,0.0004139000011491589,0.0002459999996062834,0.00031149999995250255,23444.2345398,0.0770459999985178
862,23444.2345446,0.0013498999978764914,0.0009393000000272878,0.00796489999993355,0.06337039999925764,0.0017565999987709802,0.0004087999986950308,0.00024959999791462906,0.00032160000046133064,23444.3109619,0.07641729999886593
863,23444.3109666,0.0012449999994714744,0.000928000001295004,0.007937899998069042,0.06226930000048014,0.001330999999481719,0.00033769999936339445,0.00023689999943599105,0.0002753000007942319,23444.3855775,0.07461090000288095
864,23444.3855817,0.0013076000032015145,0.0011047999978472944,0.00854790000084904,0.0643545000020822,0.001810700003261445,0.0004590999997162726,0.00025180000011459924,0.0003120000001217704,23444.4637908,0.07820910000009462
865,23444.4637958,0.0012550999999803025,0.0008147000007738825,0.00791649999882793,0.06492679999792017,0.0020527000015135854,0.0005001999998057727,0.00024620000112918206,0.0003074999985983595,23444.5418672,0.07807140000295476
866,23444.541872,0.0017103999998653308,0.0009423999981663655,0.007811399998900015,0.06412270000146236,0.0019231000005675014,0.00046070000098552555,0.00025129999994533136,0.00031830000079935417,23444.6194693,0.07759729999816045
867,23444.6194737,0.001269499996851664,0.0009368999999423977,0.008091799998510396,0.06814360000134911,0.001902799998788396,0.000506599997606827,0.00027119999867863953,0.0004046000030939467,23444.7010569,0.08158320000075037
868,23444.701063,0.0012655999998969492,0.0009484000001975801,0.007943999997223727,0.06582200000048033,0.002555800001573516,0.0004850000004807953,0.00024259999918285757,0.00030130000232020393,23444.7808273,0.0797643000005337
869,23444.7808326,0.001344799999060342,0.0010624999995343387,0.008315199997014133,0.06527849999838509,0.001969600001757499,0.0004502000010688789,0.0002423999976599589,0.0002958999975817278,23444.8598533,0.07902069999909145
870,23444.8598583,0.0012497999996412545,0.0009380000010423828,0.008019200002308935,0.07025900000007823,0.002120100001775427,0.0004430999979376793,0.0002920000006270129,0.0003146999988530297,23444.9668893,0.10703100000318955
871,23444.9669021,0.0013115000001562294,0.0015950000015436672,0.006460799999331357,0.061373900000035064,0.0024479999992763624,0.0005411000020103529,0.00034919999961857684,0.00029720000020461157,23445.0413777,0.07447559999855002
872,23445.0413834,0.001244600000063656,0.0009439999994356185,0.007745099999738159,0.06370699999752105,0.0024747999996179715,0.0004902000000583939,0.0002447000006213784,0.0003113000020675827,23445.1186068,0.07722339999963879
873,23445.1186121,0.001253099999303231,0.0009116000001085922,0.008017600001039682,0.06936819999828003,0.0018599999966681935,0.0005683999988832511,0.00032389999978477135,0.0003333999993628822,23445.2013179,0.08270579999953043
874,23445.2013236,0.001402800000505522,0.0012275000008230563,0.008513799999491312,0.07094399999914458,0.0017410999971616548,0.0004520999973465223,0.00028360000214888714,0.00029069999800412916,23445.2862504,0.0849268000019947
875,23445.2862556,0.0012619000008271541,0.0010149999980058055,0.008343499997863546,0.06416260000332841,0.002009100000577746,0.000423399997089291,0.0002663000013853889,0.00031149999995250255,23445.3641074,0.07785180000064429
876,23445.3641121,0.0012397999998938758,0.0011779999986174516,0.00833059999786201,0.06455950000236044,0.001570300002640579,0.00043340000047464855,0.0003285000020696316,0.00027159999808645807,23445.442089,0.07797690000006696
877,23445.4420942,0.001230300000315765,0.0007923999983177055,0.007063500001095235,0.06754839999848627,0.0016918000001169275,0.0004014999976789113,0.00026640000214683823,0.000274499998340616,23445.521425,0.0793307999992976
878,23445.5214298,0.0012270000006537884,0.0008414000003540423,0.008021999998163665,0.06523200000083307,0.001956399999471614,0.0004040000021632295,0.00024899999698391184,0.0004257000000507105,23445.5998382,0.07840840000062599
879,23445.599844,0.0020242999999027234,0.0012225999998918269,0.008431499998550862,0.06369940000149654,0.001857199997175485,0.00039370000013150275,0.0002615000012156088,0.00032410000130767,23445.6781107,0.078266699998494
880,23445.6781155,0.0012666999973589554,0.0009500000014668331,0.008600400000432273,0.06720050000149058,0.0018135999998776242,0.0003963000017392915,0.00024560000019846484,0.0002849000011337921,23445.7807459,0.10263040000063484
881,23445.7807536,0.0011927999985346105,0.0013895000010961667,0.008357899998372886,0.06369500000073458,0.001754699998855358,0.0004318999999668449,0.0002443999983370304,0.0002989999993587844,23445.8583518,0.07759820000137552
882,23445.8583566,0.0012304000010772143,0.0009487999996053986,0.008125399999698857,0.0634758000014699,0.002849900000001071,0.0004886999995505903,0.0002547999974922277,0.00031829999716137536,23445.936112,0.07775539999784087
883,23445.9361169,0.001290500000322936,0.0009286999993491918,0.008004999999684514,0.06380820000049425,0.0017017999998643063,0.0004312999990361277,0.00026149999757763,0.00030949999927543104,23446.0129063,0.07678939999823342
884,23446.0129113,0.0012810000007448252,0.000930599999264814,0.008214200002839789,0.06225289999929373,0.0018943000031867996,0.00046039999870117754,0.0002502999996067956,0.0002946999993582722,23446.0885387,0.07562740000139456
885,23446.0885436,0.0012406000023474917,0.0009376999987580348,0.008065199999691686,0.06330829999933485,0.001792099999875063,0.0004564000009850133,0.00026360000265412964,0.0003063000003749039,23446.1649646,0.0764210000015737
886,23446.1649695,0.0012385000009089708,0.0009537000005366281,0.008076800000708317,0.060444800001278054,0.0011467000003904104,0.0002930000009655487,0.00017689999731373973,0.00028930000189575367,23446.2376522,0.07268269999985932
887,23446.2376586,0.0011227999966649804,0.0008062000015343074,0.005958600002486492,0.06550630000128876,0.0013743999988946598,0.0004870000011578668,0.00032909999936237,0.000283800000033807,23446.3135955,0.07593690000067
888,23446.3136007,0.0012524999983725138,0.0009337000010418706,0.008197999999538297,0.0634472999990976,0.0016942000002018176,0.0004295999970054254,0.0002415000017208513,0.00030759999935980886,23446.3901563,0.07655560000057449
889,23446.390161,0.0013050000015937258,0.0009504999979981221,0.007914800000435207,0.06332830000246759,0.0017245000017283019,0.00036529999852064066,0.00025019999884534627,0.0003673999999591615,23446.466416,0.07625499999994645
890,23446.4664208,0.0012917000021843705,0.0009380000010423828,0.008026600000448525,0.06525959999999031,0.0018304999975953251,0.000647100001515355,0.00028280000333325006,0.00034560000131023116,23446.568657,0.10223620000033407
891,23446.568669,0.0014934999999240972,0.001610799998161383,0.007322399997065077,0.06272910000188858,0.002162600001611281,0.0004908000009891111,0.00025119999918388203,0.00029519999952754006,23446.6450795,0.07641049999801908
892,23446.6450841,0.0016880000002856832,0.0009611999994376674,0.008052600001974497,0.062177299998438684,0.001965700001164805,0.0004859000000578817,0.00025009999808389693,0.000301799998851493,23446.7210174,0.07593329999872367
893,23446.7210225,0.0012632999969355296,0.0009337000010418706,0.008080600000539562,0.06326710000212188,0.0017522000016469974,0.0004192000014882069,0.00023320000036619604,0.00036420000105863437,23446.7973958,0.07637329999852227
894,23446.7974009,0.0012489000000641681,0.0009370999978273176,0.007826500001101522,0.06625010000061593,0.001501099999586586,0.00033510000139358453,0.000194500000361586,0.0003065999990212731,23446.8762145,0.07881360000101267
895,23446.876219,0.0011134000014862977,0.0007952999985718634,0.005933999997068895,0.059169600001041545,0.001789699999790173,0.0003829000015684869,0.0002238000015495345,0.00034249999953317456,23446.9460193,0.06980029999976978
896,23446.9460243,0.00123380000150064,0.0008386000008613337,0.006739300002664095,0.0629335000012361,0.0016887999991013203,0.0003924999982700683,0.0002241000001959037,0.0003775000004679896,23447.0205013,0.07447700000193436
897,23447.0205062,0.0012610999983735383,0.0009418000008736271,0.007760399999824585,0.06403279999722145,0.0016916000022320077,0.00038109999877633527,0.00022569999782717787,0.00035230000139563344,23447.0972027,0.07669650000025285
898,23447.0972075,0.0012437000004865695,0.0009425999996892642,0.0083059000025969,0.06486560000121244,0.0017050999995262828,0.00039789999937056564,0.00024560000019846484,0.000398000000132015,23447.1753645,0.07815699999991921
899,23447.1753701,0.0012480000004870817,0.0009300999990955461,0.00800359999993816,0.06484089999867138,0.0019938000004913192,0.0004445000013220124,0.00024649999977555126,0.0003499999984342139,23447.2534913,0.07812120000016876
900,23447.2534961,0.0013030999980401248,0.0014020000016898848,0.008019199998670956,0.06579000000056112,0.0017272999975830317,0.00039259999903151765,0.00019999999858555384,0.0003037999995285645,23447.354569,0.10107290000087232
901,23447.354578,0.0011759000008169096,0.0014845999976387247,0.007998199998837663,0.06374020000293967,0.0025461000004725065,0.0005318000003171619,0.0002461000003677327,0.0003010000000358559,23447.4326633,0.07808529999965685
902,23447.4326682,0.0012311999998928513,0.0009671000007074326,0.007982800001627766,0.06444899999769405,0.0015276999984052964,0.00034020000020973384,0.0002057999990938697,0.00030870000045979396,23447.5097219,0.07705370000257972
903,23447.5097261,0.0011629000000539236,0.0008089000002655666,0.0059729000022343826,0.06143560000055004,0.0017417000017303508,0.00045900000259280205,0.00024290000146720558,0.0003054000007978175,23447.5819158,0.07218970000030822
904,23447.5819207,0.0012697000020125415,0.0009272999996028375,0.008092899999610381,0.06579290000081528,0.002101599999150494,0.0004891999997198582,0.00033819999953266233,0.00029569999969680794,23447.6613098,0.07938910000302712
905,23447.6613152,0.0017547999996168073,0.0014179999998304993,0.008506599999236641,0.06272589999935008,0.0018837999996321741,0.00047990000166464597,0.0002454999994370155,0.0003150000011373777,23447.738707,0.07739180000135093
906,23447.7387121,0.0012586000011651777,0.0009271000017179176,0.0084513000001607,0.06513389999963692,0.0021035999998275656,0.00047929999709594995,0.000240100001974497,0.00031999999919207767,23447.8176844,0.07897230000162381
907,23447.8176892,0.0014980999985709786,0.0011301999984425493,0.007764900001347996,0.06564960000105202,0.0015700000003562309,0.00039850000030128285,0.0002351000002818182,0.0002991999972437043,23447.896398,0.07870879999973113
908,23447.8964026,0.0013808999974571634,0.0012578999994730111,0.008432999999058666,0.06433800000013434,0.002093099999910919,0.0005085000011604279,0.0002440999996906612,0.0003085999996983446,23447.9750294,0.07862680000107503
909,23447.9750343,0.0012801000011677388,0.0008559999987483025,0.00822390000030282,0.06514349999997648,0.001948699999047676,0.000511399997776607,0.0002677000011317432,0.0003203000014764257,23448.0536487,0.07861439999760478
910,23448.0536536,0.001183099997433601,0.0012287999998079613,0.005878700001630932,0.06456660000185366,0.0016799999975773972,0.0004225000011501834,0.0002310999989276752,0.00035679999928106554,23448.1503829,0.09672929999942426
911,23448.150393,0.0012270000006537884,0.001442299999325769,0.008017000000108965,0.06266369999866583,0.0019538999986252747,0.00041319999945699237,0.00022390000231098384,0.00034919999961857684,23448.2267449,0.07635189999928116
912,23448.2267498,0.0012243000019225292,0.0009325999999418855,0.007915200003481004,0.06391849999999977,0.0018344000018259976,0.0004393999988678843,0.00027179999960935675,0.00038160000258358195,23448.3037288,0.07697900000130176
913,23448.3037343,0.001216000000567874,0.0009340999968117103,0.007952699997986201,0.06475390000196057,0.0018214999981864821,0.0004528999998001382,0.00025319999986095354,0.0003284999984316528,23448.3815072,0.07777290000012727
914,23448.3815121,0.001259699998627184,0.0009486000017204788,0.006604099999094615,0.06476760000077775,0.001845599999796832,0.000405399998271605,0.00025939999977708794,0.0003026000013051089,23448.4579659,0.07645380000030855
915,23448.4579707,0.0012282999996386934,0.0009233999990101438,0.007939500002976274,0.06405529999756254,0.001549900000100024,0.00042490000123507343,0.00026979999893228523,0.00031090000265976414,23448.5347314,0.07676069999797619
916,23448.5347363,0.0013656000010087155,0.0009376999987580348,0.007984199997736141,0.06516610000107903,0.001755999997840263,0.0004805000025953632,0.00033089999851654284,0.0003040000010514632,23448.613144,0.07840769999893382
917,23448.6131494,0.0011712999985320494,0.0008011999998416286,0.006918899998709094,0.06836449999900651,0.0020231999988027383,0.0004375000025902409,0.0002573000019765459,0.00031859999944572337,23448.6935015,0.08035210000161896
918,23448.6935066,0.0018156000005546957,0.0009557000012136996,0.008760199998505414,0.0641896999986784,0.0021225999989837874,0.0004936000004818197,0.0002868000010494143,0.0003055000015592668,23448.7725087,0.07900209999934305
919,23448.7725135,0.0011920000033569522,0.000938299999688752,0.008117099998344202,0.06523419999939506,0.0018147000009776093,0.0004186000005574897,0.00023830000282032415,0.0002944999978353735,23448.8508249,0.07831140000052983
920,23448.8508297,0.0013083000012557022,0.001346099998045247,0.0073928999991039746,0.06832839999697171,0.0016496999996888917,0.00038700000004610047,0.0002641000028233975,0.0003034999972442165,23448.9543524,0.10352269999930286
921,23448.9543643,0.0013840999999956694,0.001309300001594238,0.007438799999363255,0.0642041999999492,0.0024997000000439584,0.0005371000006562099,0.00029999999969732016,0.0003313000015623402,23449.0324438,0.07807949999914854
922,23449.0324485,0.0012440000027709175,0.0009427000004507136,0.008116600001812913,0.06452109999736422,0.001624900000024354,0.00037679999877582304,0.0002509000005375128,0.0002916000012191944,23449.1098711,0.07742260000304668
923,23449.1098757,0.0011063999991165474,0.0009296999996877275,0.007878899999923306,0.06182540000008885,0.0013906999993196223,0.0003385999989404809,0.00024789999952190556,0.0002908000024035573,23449.1839453,0.0740695999993477
924,23449.1839505,0.001253899998118868,0.0009672999985923525,0.006446600000344915,0.06155110000327113,0.0014751000016985927,0.00034359999699518085,0.00024000000121304765,0.0002638000005390495,23449.2565436,0.07259310000154073
925,23449.2565483,0.0010881999987759627,0.0007815000026312191,0.005906200000026729,0.06199620000188588,0.0018603999997139908,0.0003933000007236842,0.00027939999927184545,0.00029179999910411425,23449.3292065,0.07265819999884116
926,23449.3292117,0.0012306999997235835,0.0008225999990827404,0.006352300002617994,0.06488610000087647,0.0018142000008083414,0.0004077000012330245,0.00034640000012586825,0.0002835000013874378,23449.4054255,0.07621380000273348
927,23449.4054304,0.0011104000004706904,0.000782499999331776,0.0058922999996866565,0.06701609999799985,0.0025599000000511296,0.0003770000002987217,0.00024619999749120325,0.00028170000223326497,23449.4837499,0.07831950000036159
928,23449.4837547,0.0012227000006532762,0.000928000001295004,0.008309600001666695,0.06941549999828567,0.002642899999045767,0.0004824999996344559,0.00026950000028591603,0.00034270000105607323,23449.5674314,0.0836767000000691
929,23449.5674368,0.0012885000032838434,0.000940699999773642,0.008607799998571863,0.06728540000040084,0.0017258999978366774,0.00041119999877992086,0.00024449999909847975,0.0002843000002030749,23449.6482885,0.08085170000049402
930,23449.6482935,0.0012654000020120293,0.0013626999971165787,0.00835189999997965,0.06754569999975502,0.0009902999991027173,0.0004516000008152332,0.0003513999981805682,0.00030079999851295725,23449.750823,0.10252949999994598
931,23449.7508329,0.0017597000005480368,0.0019470000006549526,0.008342699999047909,0.06295490000047721,0.0018788000015774742,0.0004394000025058631,0.00025459999960730784,0.00030609999885200523,23449.8287834,0.07795049999913317
932,23449.8287881,0.001236700001754798,0.0011745000010705553,0.008571999998821411,0.06410940000205301,0.0036340000006021,0.0005177999992156401,0.0002716999988479074,0.0002975999996124301,23449.9086795,0.07989140000063344
933,23449.9086848,0.0012446999971871264,0.0009506000023975503,0.008017399999516783,0.0660295000016049,0.002492999999958556,0.0006300999993982259,0.0002872000004572328,0.00033679999978630804,23449.9888698,0.08018499999889173
934,23449.9888748,0.0012700000006589107,0.000945699997828342,0.00803490000180318,0.0642428999999538,0.0016814999980852008,0.0004737999988719821,0.00024330000087502412,0.0003118999993603211,23450.0661433,0.07726849999744445
935,23450.0661479,0.0012495000009948853,0.000988899999356363,0.008062099997914629,0.06315119999999297,0.001700400000117952,0.0004738000025099609,0.00024569999732193537,0.0003133000027446542,23450.1423978,0.07624989999749232
936,23450.1424029,0.0012679999999818392,0.0009372999993502162,0.007980099999258528,0.0628087000004598,0.0016295999994326849,0.0004058999984408729,0.0002410000015515834,0.00031040000249049626,23450.2180464,0.07564350000029663
937,23450.2180512,0.0012373999998089857,0.0009286000022257213,0.008084600001893705,0.06786320000173873,0.0015805000002728775,0.0004292999983590562,0.0002442999975755811,0.0002844000009645242,23450.2987658,0.08071459999700892
938,23450.2987709,0.0012342000009084586,0.0016036000015446916,0.007904800000687828,0.06406779999815626,0.0015778999986650888,0.0004177999981038738,0.00025490000189165585,0.00028810000003431924,23450.376208,0.07743710000067949
939,23450.3762127,0.00123879999955534,0.0011656999995466322,0.00801829999909387,0.06391079999957583,0.001697499999863794,0.0004253999977663625,0.00023810000129742548,0.0002960999991046265,23450.4532534,0.07704069999817875
940,23450.4532582,0.001290200001676567,0.0012602999995579012,0.007924400000774767,0.06677889999991748,0.0021094000003358815,0.00042219999886583537,0.0002803999996103812,0.00028160000147181563,23450.5559516,0.10269340000013472
941,23450.5559649,0.0014730000002600718,0.0017612000010558404,0.008010300000023562,0.0633269999998447,0.0018946999989566393,0.0004960999976901803,0.00033509999775560573,0.0002953000002889894,23450.6336352,0.07767030000104569
942,23450.6336408,0.0012837000031140633,0.0014188000022841152,0.00808369999867864,0.06557379999867408,0.0020647000019380357,0.0004426000014063902,0.0002473999993526377,0.00030499999775202014,23450.7131126,0.07947179999973741
943,23450.7131173,0.0012360000000626314,0.0009353999994345941,0.007937700000184122,0.06402080000043497,0.0026079000017489307,0.00048460000107297674,0.0002783999989333097,0.0003285999991931021,23450.7910104,0.07789309999861871
944,23450.7910156,0.0017255000020668376,0.0011589999994612299,0.00838830000066082,0.06458159999965574,0.0019468999998935033,0.0004530000005615875,0.0002406999992672354,0.0003068000005441718,23450.8698779,0.07886230000076466
945,23450.8698828,0.001256799998373026,0.0011763000002247281,0.006420900001103291,0.06366110000089975,0.001637600002140971,0.00047030000132508576,0.00027910000062547624,0.0003101999973296188,23450.9451648,0.07528199999796925
946,23450.9451695,0.0012549999992188532,0.001061800001480151,0.008012999998754822,0.06195839999782038,0.001334699998551514,0.0003023999997822102,0.0002007000002777204,0.00033060000350815244,23451.0197686,0.07459910000034142
947,23451.0197731,0.0014163999985612463,0.0015672000008635223,0.006267100001423387,0.06537309999839636,0.0016799000004539266,0.00048349999997299165,0.00034469999809516594,0.0002919999969890341,23451.0972851,0.07751199999984237
948,23451.097291,0.0011452999970060773,0.0007932999978947919,0.008156900003086776,0.0633190000007744,0.0018779999991238583,0.0004153000008955132,0.0003206000001227949,0.00043649999861372635,23451.1738371,0.07654610000099638
949,23451.1738433,0.0012739000012516044,0.0011766999996325467,0.007992000002559507,0.06409969999731402,0.0017172000007121824,0.0003713000005518552,0.00022629999875789508,0.00035519999801181257,23451.251105,0.07726170000023558
950,23451.2511099,0.0012477000018407125,0.001208599998790305,0.008119199999782722,0.0682675999996718,0.0017814000020734966,0.0004634000033547636,0.0002413000001979526,0.00035030000071856193,23451.3555257,0.1044158000004245
951,23451.3555377,0.0013284999986353796,0.0013930999994045123,0.007937200000014855,0.06274819999816827,0.0009204999987559859,0.0003142000023217406,0.0004937000012432691,0.000367300002835691,23451.4311154,0.07557769999766606
952,23451.4311216,0.001276700000744313,0.0014157000005070586,0.008112100000289502,0.06258819999857224,0.0022024000027158763,0.00040100000114762224,0.00023780000265105627,0.00035969999953522347,23451.5077808,0.0766591999999946
953,23451.507786,0.0012442000006558374,0.0009433999985049013,0.007950100000016391,0.06142879999970319,0.001588799997989554,0.0003957999979320448,0.00022420000095735304,0.00035320000097271986,23451.5819723,0.07418630000029225
954,23451.5819774,0.0013445999975374434,0.0009508000002824701,0.007958700000017416,0.060800299997936236,0.0014386999973794445,0.0003395000021555461,0.0001902999974845443,0.00031680000029155053,23451.6553586,0.07338119999985793
