time,delta_time,bots,huey_pos,huey_facing,enemy_pos,huey_old_pos,huey_velocity,enemy_old_pos[-1],enemy_velocity,speed,turn,left_speed,right_speed,angle
20:09:52,1.5517182350158691,"{'huey': {'bb': [190, 290, 20, 20], 'center': [200, 300], 'orientation': -0.0}, 'enemy': {'bb': [590, 290, 20, 20], 'center': [600, 300]}}",[200 300],-0.0,[600 300],[1200 1200],[644.44689599 580.00220639],"[array([0, 0])]",[-386.66813759 -193.3340688 ],1.6871670418109987,-0.6871670418109989,None,None,-123.6900675259798
20:09:53,1.0003972053527832,"{'huey': {'bb': [190, 290, 20, 20], 'center': [200, 300], 'orientation': 5.0}, 'enemy': {'bb': [590, 290, 20, 20], 'center': [600, 300]}}",[200 300],5.0,[600 300],[200 300],[0. 0.],"[array([0, 0]), array([600, 300])]",[0. 0.],0.5915494309189534,0.40845056908104665,None,None,73.5211024345884
20:09:54,1.0173077583312988,"{'huey': {'bb': [190, 290, 20, 20], 'center': [200, 300], 'orientation': 350.0}, 'enemy': {'bb': [590, 290, 20, 20], 'center': [600, 300]}}",[200 300],350.0,[600 300],[200 300],[0. 0.],"[array([0, 0]), array([600, 300]), array([600, 300])]",[0. 0.],0.40846016432673504,0.591539835673265,None,None,106.4771704211877
20:09:55,1.0102765560150146,"{'huey': {'bb': [190, 290, 20, 20], 'center': [200, 300], 'orientation': 350.0}, 'enemy': {'bb': [590, 290, 20, 20], 'center': [600, 300]}}",[200 300],350.0,[600 300],[200 300],[0. 0.],"[array([0, 0]), array([600, 300]), array([600, 300]), array([600, 300])]",[0. 0.],0.40846016432673504,0.591539835673265,None,None,106.4771704211877
20:09:56,1.0049309730529785,"{'huey': {'bb': [190, 290, 20, 20], 'center': [200, 300], 'orientation': 350.0}, 'enemy': {'bb': [590, 290, 20, 20], 'center': [600, 300]}}",[200 300],350.0,[600 300],[200 300],[0. 0.],"[array([0, 0]), array([600, 300]), array([600, 300]), array([600, 300]), array([600, 300])]",[0. 0.],0.40846016432673504,0.591539835673265,None,None,106.4771704211877
