time,delta_time,bots,huey_pos,huey_facing,enemy_pos,huey_old_pos,huey_velocity,enemy_old_pos[-1],enemy_velocity,speed,turn,left_speed,right_speed,angle,direction
<<<<<<< HEAD
14:35:50,1.4393880367279053,"{'huey': {'bb': [np.float64(161.2075805364936), np.float64(45.30930950927676), 20, 20], 'center': [np.float64(171.2075805364936), np.float64(55.30930950927676)], 'orientation': np.float64(333.8379316597211)}, 'enemy': {'bb': [780, 580, 20, 20], 'center': [790, 590]}}",[171.20758054 -55.30930951],333.8379316597211,[790 590],[1200 1200],[714.7429277  872.11320192],"[array([0, 0])]",[-548.84435596 -409.89641775],0.2448073964469466,-0.9541177482216254,0,0,-171.74119467989257,[-171.20758054   55.30930951]
14:35:51,1.0272209644317627,"{'huey': {'bb': [np.float64(335.5709705321713), np.float64(158.80049881740993), 20, 20], 'center': [np.float64(345.5709705321713), np.float64(168.80049881740993)], 'orientation': np.float64(322.22380099334157)}, 'enemy': {'bb': [780, 580, 20, 20], 'center': [790, 590]}}",[ 345.57097053 -168.80049882],322.22380099334157,[790 590],[171.20758054 -55.30930951],[-169.74282655  110.483716  ],"[array([0, 0]), array([790, 590])]",[0. 0.],0.8785204514461846,-0.031592289353703965,0.599462572334286,-0.3546551758873394,-5.686612083666713,[444.42902947 758.80049882]
=======
13:47:00,2.288818359375e-05,"{'huey': {'bb': [99.13626817533684, 582.1403853383393, 20, 20], 'center': [109.13626817533684, 592.1403853383393], 'orientation': 325.0}, 'enemy': {'bb': [500, 210, 20, 20], 'center': [120, 540]}}",[109.13626818 592.14038534],325.0,[120 540],[10 10],[ -4331329.64742592 -25434101.52902227],"[array([ 10, 590])]",[ 4805973.33333333 -2184533.33333333],0.5822182075841946,0.4177817924158053,0,0,75.20072263484495,[ 120.86373182 -102.14038534]
>>>>>>> cf41fc9ba82556ad60f6553a9ac904472d86da6c
